STATE,ST_CASE,VE_TOTAL,VE_FORMS,PVH_INVL,PEDS,PERNOTMVIT,PERMVIT,PERSONS,COUNTY,CITY,DAY,MONTH,YEAR,DAY_WEEK,HOUR,MINUTE,NHS,RUR_URB,FUNC_SYS,RD_OWNER,ROUTE,TWAY_ID,TWAY_ID2,MILEPT,LATITUDE,LONGITUD,SP_JUR,HARM_EV,MAN_COLL,RELJCT1,RELJCT2,TYP_INT,WRK_ZONE,REL_ROAD,LGT_COND,WEATHER1,WEATHER2,WEATHER,SCH_BUS,RAIL,NOT_HOUR,NOT_MIN,ARR_HOUR,ARR_MIN,HOSP_HR,HOSP_MN,CF1,CF2,CF3,FATALS,DRUNK_DR
48,480221,1,1,0,1,1,1,1,453,330,30,1,2016,7,20,1,1,2,3,98,8,SL-275 LAMAR BLVD,,27,30.40020833,-97.679272220000,0,15,0,0,1,1,0,1,3,1,0,1,0,0000000,20,1,20,11,20,27,0,0,0,1,0
48,480222,2,2,0,0,0,3,3,39,0,31,1,2016,1,2,48,1,1,3,98,3,SR-36,,242,29.02123611,-95.556241670000,0,12,6,0,8,1,0,1,2,1,0,1,0,0000000,2,46,3,8,4,6,0,0,0,1,1
48,480223,1,1,0,0,0,1,1,425,0,31,1,2016,1,14,11,1,1,3,98,2,US-67,,79,32.18713333,-97.869172220000,0,1,0,0,1,1,0,1,1,1,0,1,0,0000000,99,98,99,98,88,88,0,0,0,1,0
48,480224,2,2,0,0,0,2,2,221,0,31,1,2016,1,13,23,0,1,5,98,8,FM 4,,84,32.46352500,-97.810525000000,0,12,2,0,1,1,0,1,1,1,0,1,0,0000000,99,98,99,98,88,88,0,0,0,1,1
48,480225,1,1,0,0,0,1,1,491,0,31,1,2016,1,14,13,0,1,5,98,8,FM 112,,181,30.47895556,-97.178677780000,0,1,0,0,1,1,0,4,1,1,0,1,0,0000000,99,98,99,98,88,88,0,0,0,1,0
48,480226,1,1,0,1,1,0,0,439,2450,22,1,2016,6,16,12,0,8,98,98,6,INTERMODAL PKWY,,0,32.98979722,-97.344255560000,0,8,0,0,1,1,0,1,1,1,0,1,0,0000000,99,98,99,98,88,88,23,0,0,1,0
48,480227,1,1,0,1,1,0,0,99,0,23,1,2016,7,14,39,0,8,98,98,4,CR-CALHOUN RD,,0,31.51343056,-98.061786110000,0,8,0,0,4,1,0,1,1,1,0,1,0,0000000,99,98,99,98,88,88,0,0,0,1,0
48,480228,2,2,0,0,0,3,3,453,330,24,1,2016,1,6,51,1,2,1,1,1,I-35,,209,30.30705833,-97.712027780000,0,12,1,0,1,1,0,1,3,1,0,1,0,0000000,6,54,7,2,7,15,0,0,0,1,0
48,480229,1,1,0,1,1,1,1,201,3280,25,1,2016,2,5,50,1,2,1,1,7,I-69/US-59 SOUTHWEST FWY,WESTPARK DR,139,29.72396111,-95.491702780000,0,9,0,1,3,2,0,1,4,10,0,10,0,0000000,5,57,6,7,6,16,0,0,0,1,0
48,480230,2,2,0,0,0,2,2,29,6090,26,1,2016,3,16,36,0,8,98,98,6,BABCOCK RD,HOLLYHOCK RD,0,29.53391667,-98.606291670000,0,12,6,0,2,2,0,1,1,2,0,2,0,0000000,99,99,99,99,99,99,0,0,0,1,0
48,480231,2,2,0,0,0,2,2,183,7445,26,1,2016,3,23,22,1,2,3,98,2,US-80,,78,32.51226944,-94.830300000000,0,12,2,0,1,1,0,1,3,1,0,1,0,0000000,23,30,23,37,0,39,0,0,0,1,1
48,480232,2,2,0,0,0,7,7,113,4530,27,1,2016,4,11,26,1,2,1,1,1,I-20,,33,32.70368889,-96.570963890000,0,12,6,0,1,1,0,1,1,1,0,1,0,0000000,99,99,99,99,99,99,0,0,0,1,0
48,480233,1,1,0,0,0,2,2,201,5230,27,1,2016,4,3,20,0,8,98,98,6,VISTA RD,,0,29.65785278,-95.162511110000,0,33,0,0,1,1,0,4,3,1,0,1,0,0000000,3,30,3,51,4,13,0,0,0,1,1
48,480234,3,3,0,0,0,3,3,167,3220,29,1,2016,6,6,47,0,2,4,98,8,FM 2004,,100,29.31729167,-95.073911110000,0,12,1,0,1,1,0,1,4,1,0,1,0,0000000,99,99,99,99,99,99,0,0,0,1,0
48,480235,1,1,0,1,1,4,4,201,3280,29,1,2016,6,17,15,0,8,98,98,6,BROADLEAF ST,,0,30.07298056,-95.177100000000,0,9,0,0,1,1,0,1,1,1,0,1,0,0000000,99,98,99,98,88,88,0,0,0,1,0
48,480236,1,1,0,0,0,1,1,219,0,30,1,2016,7,12,27,0,1,4,98,3,SR-114,,198,33.59302500,-102.280505560000,0,1,0,0,1,1,0,3,1,1,0,1,0,0000000,12,24,12,32,13,11,0,0,0,1,0
48,480237,1,1,0,1,1,1,1,257,9997,30,1,2016,7,1,4,1,2,1,1,1,I-20,,16,32.69738611,-96.480788890000,0,8,0,0,1,1,0,1,2,1,0,1,0,0000000,99,99,99,99,88,88,0,0,0,1,0
48,480238,1,1,0,0,0,1,1,257,0,31,1,2016,1,15,5,0,1,4,98,8,FM 740,,52,32.69006389,-96.511766670000,0,1,0,0,1,1,0,1,1,1,0,1,0,0000000,99,98,99,98,88,88,0,0,0,1,0
48,480239,1,1,0,0,0,1,1,321,0,31,1,2016,1,6,55,0,1,4,98,3,SR-71,,42,28.96971944,-96.208488890000,0,58,0,0,1,1,0,4,2,10,0,10,0,0000000,99,98,99,98,88,88,0,0,0,1,1
48,480240,2,2,0,0,0,3,3,363,0,31,1,2016,1,14,0,0,1,4,98,2,US-281,PARK RD,95,32.86901667,-98.094191670000,0,12,6,0,3,2,0,1,1,1,0,1,0,0000000,14,5,14,11,14,43,0,0,0,1,0
48,480241,2,2,0,0,0,4,4,435,0,31,1,2016,1,16,12,0,1,5,98,8,RM864,,29,30.58658056,-100.553252780000,0,12,6,0,8,1,0,1,1,1,0,1,0,0000000,99,99,99,99,99,99,0,0,0,1,0
48,480242,2,2,0,0,0,2,2,439,6485,31,1,2016,1,15,18,1,2,2,98,3,SR-114 NORTHWEST PKWY,,29,32.96197222,-97.152852780000,0,12,1,0,1,1,0,1,1,1,0,1,0,0000000,15,23,15,35,15,42,0,0,0,1,0
48,480243,3,3,0,0,0,5,5,471,0,31,1,2016,1,21,49,1,1,1,1,1,I-45,,72,30.61599722,-95.506847220000,0,12,2,0,1,1,0,1,2,1,0,1,0,0000000,21,56,22,6,22,46,0,0,0,1,1
48,480244,1,1,0,0,0,1,1,29,6090,1,2,2016,2,17,53,1,2,1,1,1,I-35RAMP,,123,29.32296944,-98.601050000000,0,59,0,1,5,1,0,3,1,1,0,1,0,0000000,99,98,99,98,88,88,0,0,0,1,0
48,480245,2,2,0,0,0,2,2,203,0,1,2,2016,2,19,34,1,1,3,98,2,US-59,FM2625,196,32.43272778,-94.346538890000,0,12,6,0,2,2,0,1,2,1,0,1,0,0000000,99,98,99,98,88,88,0,0,0,1,1
48,480246,3,3,0,0,0,4,4,339,0,1,2,2016,2,11,30,1,1,3,98,3,SR-249,CR-HARDIN STORE RD,355,30.13461944,-95.654036110000,0,12,6,0,2,2,0,1,1,1,0,1,0,0000000,99,99,99,99,99,99,0,0,0,1,0
48,480248,1,1,0,1,1,1,1,29,6090,2,2,2016,3,18,45,0,8,98,98,6,DONOP RD,,0,29.29652222,-98.384927780000,0,8,0,0,1,1,0,1,2,1,0,1,0,0000000,18,50,19,13,19,36,0,0,0,1,0
48,480249,1,1,0,1,1,1,1,201,3280,2,2,2016,3,18,30,0,8,98,98,6,TIDWELL RD,,0,29.84975556,-95.279186110000,0,8,0,0,1,1,0,1,3,1,0,1,0,0000000,99,98,99,98,88,88,0,0,0,1,0
48,480250,1,1,0,1,1,1,1,201,3280,2,2,2016,3,23,16,0,8,98,98,6,HOUSTON ROSSLYN RD,TALL WILLOW RD,0,29.86771944,-95.488083330000,0,8,0,0,1,1,0,1,3,10,0,10,0,0000000,99,98,99,98,88,88,0,0,0,1,0
48,480251,1,1,0,1,1,1,1,439,2450,2,2,2016,3,22,15,1,2,2,98,2,US-287 MLK JR FWY,,254,32.70272500,-97.265825000000,0,8,0,0,1,1,0,1,3,1,0,1,0,0000000,99,98,99,98,88,88,0,0,0,1,0
48,480252,2,2,0,0,0,2,2,453,0,2,2,2016,3,5,41,0,2,5,98,8,FM812,,28,30.13988333,-97.663600000000,0,12,6,0,1,1,0,1,3,1,0,1,0,0000000,5,41,5,47,6,42,0,0,0,1,0
48,480254,1,1,0,0,0,1,1,113,1730,3,2,2016,4,12,44,0,8,98,98,6,HAMPTON RD,,0,32.64994167,-96.857127780000,0,30,0,0,1,1,0,3,1,1,0,1,0,0000000,99,99,99,99,99,99,0,0,0,1,0
48,480255,1,1,0,0,0,2,2,167,6860,3,2,2016,4,19,38,1,2,2,98,3,SR-146,,43,29.49213611,-94.991158330000,0,38,0,0,1,1,0,5,2,1,0,1,0,0000000,19,38,19,49,99,99,0,0,0,1,0
48,480256,1,1,0,0,0,1,1,215,5330,3,2,2016,4,21,38,1,2,1,1,1,I-2/US-287,,274,26.20683611,-98.183400000000,0,1,0,1,18,1,0,1,3,1,0,1,0,0000000,21,38,21,43,22,9,28,0,0,1,0
48,480257,1,1,0,1,1,1,1,251,1370,3,2,2016,4,18,40,0,8,98,98,6,GRANBURY ST,GRAHAM ST,0,32.35493889,-97.398486110000,0,8,0,0,3,3,0,1,2,1,0,1,0,0000000,18,45,19,6,19,24,0,0,0,1,0
48,480258,1,1,0,0,0,1,1,113,3420,4,2,2016,5,19,34,1,2,1,1,7,I-635 LBJ FWY,,58,32.92249722,-96.988036110000,0,1,0,0,5,1,0,10,2,1,0,1,0,0000000,99,98,99,98,88,88,0,0,0,1,1
48,480259,1,1,0,1,1,1,1,157,0,4,2,2016,5,20,2,0,2,4,98,8,FM1464,CR-BELFORD BLVD,133,29.66271944,-95.686563890000,0,8,0,0,3,2,0,1,2,1,0,1,0,0000000,20,24,20,37,21,1,0,0,0,1,0
48,480260,1,1,0,0,0,1,1,187,6290,4,2,2016,5,13,51,1,2,1,1,1,I-10 JUAN SEGUIN HWY,,134,29.58708333,-97.988911110000,0,23,0,1,19,1,0,4,1,1,0,1,0,0000000,99,98,99,98,88,88,0,0,0,1,0
48,480261,1,1,0,1,1,2,2,201,3280,4,2,2016,5,6,9,0,8,98,98,6,HILLCROFT,,0,29.65733611,-95.491938890000,0,8,0,0,1,1,0,1,2,1,0,1,0,0000000,6,9,6,16,6,37,0,0,0,1,0
48,480262,2,2,0,0,0,3,3,375,150,4,2,2016,5,2,12,0,8,98,98,6,GEORGIA ST,,0,35.19961111,-101.866277780000,0,12,1,0,1,1,0,1,3,1,0,1,0,0000000,99,98,99,98,88,88,0,0,0,1,0
48,480263,2,2,0,0,0,3,3,455,0,4,2,2016,5,17,58,0,1,4,98,8,FM356,CR-CAMP BRANCH RD,122,30.87083611,-95.205455560000,0,12,6,0,2,3,0,1,1,1,0,1,0,0000000,99,99,99,99,99,99,0,0,0,1,0
48,480264,1,1,0,0,0,1,1,29,6090,5,2,2016,6,1,43,1,2,2,98,2,US-90,,68,29.40413056,-98.549177780000,0,20,0,0,5,1,0,4,3,1,0,1,0,0000000,99,99,99,99,99,99,0,0,0,1,1
48,480265,2,1,1,0,1,3,4,61,0,5,2,2016,6,8,15,0,1,5,98,8,FM2520 SAM HOUSTON BLVD,,41,26.08049722,-97.677988890000,0,14,0,0,1,1,0,2,1,1,0,1,0,0000000,99,99,99,99,99,99,0,0,0,1,0
48,480266,1,1,0,1,1,1,1,99,0,5,2,2016,6,18,40,0,1,5,98,8,FM116,,168,31.22791667,-97.911752780000,0,49,0,0,1,1,1,1,2,1,0,1,0,0000000,99,98,99,98,88,88,0,0,0,1,0
48,480267,2,2,0,0,0,3,3,121,1840,5,2,2016,6,11,30,0,2,4,98,2,US-77/377 LOCUST ST,FM426 PAULINE ST,245,33.21999444,-97.132341670000,0,12,6,0,2,3,0,1,1,1,0,1,0,0000000,11,30,11,34,11,52,0,0,0,1,0
48,480268,1,1,0,1,1,1,1,201,0,5,2,2016,6,21,31,0,8,98,98,4,CR-BEAMER RD,,0,29.58498889,-95.213441670000,0,8,0,0,1,1,0,1,3,1,0,1,0,0000000,99,98,99,98,88,88,0,0,0,1,0
48,480269,1,1,0,0,0,1,1,303,0,5,2,2016,6,23,50,1,2,3,98,2,US-87,SL493,77,33.45567778,-101.843927780000,0,1,0,0,1,1,0,1,2,1,0,1,0,0000000,99,98,99,98,88,88,0,0,0,1,1
48,480270,2,2,0,0,0,3,3,347,0,5,2,2016,6,19,50,0,1,4,98,3,SR-21,,246,31.57322222,-94.565011110000,0,12,2,0,1,1,0,1,2,1,0,1,0,0000000,19,52,20,4,20,31,0,0,0,1,1
48,480271,1,1,0,0,0,2,2,61,3030,6,2,2016,7,17,47,1,2,1,1,7,I-69E/US-77,,134,26.17753056,-97.705111110000,0,33,0,0,5,1,0,4,3,1,0,1,0,0000000,99,99,99,99,99,99,0,0,0,1,0
48,480272,1,1,0,0,0,2,2,91,4870,6,2,2016,7,23,26,1,2,1,1,7,I-35,,85,29.69640278,-98.099725000000,0,33,0,0,1,1,0,4,3,1,0,1,0,0000000,23,38,23,57,0,21,0,0,0,1,0
48,480273,4,4,0,0,0,10,10,121,1840,6,2,2016,7,18,30,1,2,3,98,2,US-377/UNIVERSITY DRIVE,MAYHILL RD,41,33.23399167,-97.082477780000,0,12,1,0,3,2,0,1,3,1,0,1,0,0000000,18,32,18,38,19,20,0,0,0,2,0
48,480274,1,1,0,0,0,1,1,201,0,6,2,2016,7,2,20,1,2,2,98,7,US-90,,85,29.82958056,-95.182480560000,0,1,0,0,1,1,0,10,2,1,0,1,0,0000000,99,98,99,98,88,88,0,0,0,1,1
48,480275,1,1,0,0,0,1,1,201,480,6,2,2016,7,5,59,1,2,1,1,1,I-10,,489,29.79983889,-95.025088890000,0,1,0,0,1,1,0,10,3,2,0,2,0,0000000,99,98,99,98,88,88,0,0,0,1,0
48,480276,1,1,0,0,0,1,1,251,1370,6,2,2016,7,15,32,0,8,98,98,6,NOLAN RIVER RD/FM 1111,,0,32.28944444,-97.411533330000,0,1,0,0,1,1,0,4,1,10,0,10,0,0000000,15,34,15,45,16,1,0,0,0,1,0
48,480277,1,1,0,0,0,1,1,257,2430,6,2,2016,7,3,4,0,2,4,98,8,FM 548,,87,32.72631389,-96.468091670000,0,32,0,0,1,1,0,4,2,1,0,1,0,0000000,3,8,3,15,3,33,0,0,0,1,1
48,480278,2,2,0,0,0,2,2,321,0,6,2,2016,7,3,55,0,1,4,98,3,SR-71,,49,28.96070000,-96.208369440000,0,12,2,0,1,1,0,1,2,10,0,10,0,0000000,99,99,99,99,99,99,0,0,0,1,0
48,480279,1,1,0,0,0,1,1,339,0,6,2,2016,7,15,44,0,1,6,98,8,FM 1486,,37,30.42403889,-95.791669440000,0,31,0,0,1,1,0,4,1,1,0,1,0,0000000,99,99,99,99,99,99,0,0,0,1,1
48,480280,2,2,0,0,0,3,3,485,0,6,2,2016,7,15,30,0,1,4,98,3,SR-240,,60,34.05415000,-98.525319440000,0,12,2,0,1,1,0,1,1,1,0,1,0,0000000,99,99,99,99,99,99,0,0,0,1,0
48,480281,2,2,0,0,0,2,2,113,1730,7,2,2016,1,4,27,1,2,1,1,1,I-35E/RL THORNTON FWY,,96,32.68606389,-96.822877780000,0,12,1,1,18,1,0,1,2,1,0,1,0,0000000,99,99,99,99,99,99,0,0,0,1,1
48,480282,1,1,0,0,0,1,1,113,2010,7,2,2016,1,4,1,1,2,2,98,2,US-67/SG ALEXANDER FWY,,113,32.63523611,-96.897475000000,0,25,0,0,1,1,0,3,3,1,0,1,0,0000000,99,98,99,98,88,88,0,0,0,1,1
48,480283,1,1,0,0,0,1,1,113,2800,7,2,2016,1,21,5,1,2,3,98,3,SR-180/MAIN ST,,1,32.74917222,-96.975450000000,0,19,0,0,1,1,0,4,3,1,0,1,0,0000000,99,98,99,98,88,88,0,0,0,1,0
48,480284,1,1,0,0,0,1,1,157,0,7,2,2016,1,7,2,0,1,6,98,8,FM 1236,,33,29.36886111,-95.870775000000,0,32,0,0,1,1,0,4,1,10,0,10,0,0000000,99,98,99,98,88,88,0,0,0,1,1
48,480285,1,1,0,0,0,1,1,223,0,7,2,2016,1,1,58,0,1,5,98,8,FM 3236,FM 71,13,33.28248056,-95.517030560000,0,42,0,0,3,2,0,4,2,1,0,1,0,0000000,99,98,99,98,88,88,0,0,0,1,0
48,480286,1,1,0,0,0,1,1,315,0,7,2,2016,1,22,32,0,1,5,98,8,FM 450,,11,32.78373056,-94.677850000000,0,1,0,0,1,1,0,4,2,1,0,1,0,0000000,22,38,22,46,23,17,0,0,0,1,1
48,480287,1,1,0,0,0,2,2,423,0,7,2,2016,1,3,56,0,1,5,98,8,FM 850,,113,32.31213056,-95.087769440000,0,42,0,0,1,1,0,4,2,5,0,5,0,0000000,3,57,4,9,5,36,0,0,0,1,1
48,480288,1,1,0,0,0,1,1,423,7070,7,2,2016,1,23,50,1,2,3,98,2,US-69/GLENWOOD BLVD,,148,32.33196389,-95.306622220000,0,41,0,0,1,1,0,4,3,1,0,1,0,0000000,23,58,0,6,0,35,0,0,0,1,0
48,480289,2,2,0,0,0,2,2,5,4160,8,2,2016,2,18,33,1,2,3,98,8,SL 36/OLD MILL RD,SS 336/RAGUET ST,12,31.35313056,-94.746477780000,0,12,6,0,2,3,0,1,3,1,0,1,0,0000000,99,99,99,99,99,99,0,0,0,1,1
48,480290,2,2,0,0,0,3,3,55,0,8,2,2016,2,15,40,1,1,3,98,3,SR-21,,145,30.01103056,-97.725630560000,0,12,6,0,1,1,0,1,1,1,0,1,0,0000000,99,99,99,99,99,99,0,0,0,1,1
48,480291,1,1,0,1,1,2,2,113,2590,8,2,2016,2,20,48,1,2,1,1,1,I-635/LBJ FWY,,102,32.84466944,-96.635188890000,0,8,0,0,1,1,1,1,2,1,0,1,0,0000000,99,99,99,99,99,99,0,0,0,1,0
48,480294,2,2,0,0,0,4,4,409,0,8,2,2016,2,7,10,0,8,98,98,4,CR-798,CR-2349,0,28.08500000,-97.556611110000,0,12,6,0,2,2,0,1,1,1,0,1,0,0000000,99,99,99,99,99,99,0,0,0,1,0
48,480295,1,1,0,0,0,2,2,439,4965,8,2,2016,2,2,23,0,8,98,98,6,BEDFORD EULESS RD,,0,32.83428333,-97.213463890000,0,46,0,0,1,1,0,3,3,1,0,1,0,0000000,99,99,99,99,99,99,0,0,0,1,0
48,480296,1,1,0,0,0,1,1,105,0,9,2,2016,3,0,24,0,8,98,98,4,CR-301,,0,30.81753889,-101.422969440000,0,1,0,0,1,1,0,4,2,1,0,1,0,0000000,99,99,99,99,99,99,0,0,0,1,0
48,480297,2,2,0,0,0,7,7,107,0,9,2,2016,3,9,23,1,1,3,98,2,US-82,,122,33.67416944,-101.369280560000,0,12,1,0,8,1,0,1,1,1,0,1,0,0000000,99,99,99,99,99,99,0,0,0,3,0
48,480298,1,1,0,3,3,1,1,277,5220,9,2,2016,3,10,26,0,2,4,98,8,BU 82/BONHAM ST,,61,33.66076944,-95.594408330000,0,8,0,0,1,1,1,4,1,1,0,1,0,0000000,99,99,99,99,99,99,0,0,0,1,1
48,480299,1,1,0,0,0,1,1,313,0,9,2,2016,3,12,6,0,1,5,98,8,FM 39,,47,30.95800000,-96.110000000000,0,42,0,0,1,1,0,4,1,1,0,1,0,0000000,99,98,99,98,88,88,0,0,0,1,0
48,480300,2,2,0,0,0,2,2,331,0,9,2,2016,3,9,5,0,1,5,98,8,FM 485,,31,30.90991111,-96.950080560000,0,12,6,0,1,1,0,1,1,1,0,1,0,0000000,99,98,99,98,88,88,0,0,0,1,0
48,480301,2,2,0,0,0,3,3,375,150,9,2,2016,3,19,20,0,8,98,98,6,ADAMS ST,,0,35.21450000,-101.848125000000,0,26,0,0,1,1,0,4,3,10,0,10,0,0000000,19,21,19,28,19,40,0,0,0,1,0
48,480302,1,1,0,0,0,1,1,439,4965,9,2,2016,3,21,8,1,2,1,1,7,I-820,IRON HORSE BLVD,217,32.84071389,-97.251386110000,0,23,0,1,19,1,0,4,3,1,0,1,0,0000000,99,99,99,99,99,99,0,0,0,1,0
48,480303,3,3,0,0,0,5,5,27,3690,10,2,2016,4,12,19,1,2,2,98,7,US- CENTRAL TEXAS EXPY,ROSEWOOD DR,89,31.07610000,-97.688300000000,0,12,6,1,2,2,0,1,1,1,0,1,0,0000000,99,98,99,98,88,88,0,0,0,1,0
48,480304,1,1,0,0,0,2,2,27,6810,10,2,2016,4,20,26,9,9,99,99,3,SR-317,,372,31.15047778,-97.431050000000,0,34,0,0,1,1,1,4,3,1,0,1,0,0000000,20,26,20,34,20,58,0,0,0,1,0
48,480305,2,1,1,0,0,2,2,113,6260,10,2,2016,4,13,3,0,8,98,98,6,NETHERLAND DR,,0,32.64420833,-96.555911110000,0,30,0,0,1,1,0,4,1,1,0,1,0,0000000,99,99,99,99,99,99,0,0,0,1,0
48,480306,3,3,0,0,0,5,5,141,2190,10,2,2016,4,10,15,1,2,1,1,1,I-10,,62,31.91549444,-106.582916670000,0,12,1,0,1,1,0,1,1,1,0,1,0,0000000,10,19,10,31,11,0,28,0,0,2,0
48,480307,2,2,0,0,0,4,4,339,3280,10,2,2016,4,13,55,1,2,1,1,7,I-69/US-59,KINGWOOD DR,9,30.05256111,-95.251511110000,0,12,6,1,2,2,0,1,1,1,0,1,0,0000000,14,32,14,54,14,58,0,0,0,1,0
48,480308,1,1,0,1,1,1,1,453,330,10,2,2016,4,0,1,0,8,98,98,6,HEFLIN LN,,0,30.28510000,-97.681100000000,0,8,0,0,1,1,0,1,2,1,0,1,0,0000000,99,98,99,98,88,88,0,0,0,1,0
48,480309,2,2,0,0,0,2,2,485,0,10,2,2016,4,17,56,1,1,3,98,2,US-287,,222,33.96168889,-98.638905560000,0,12,1,0,1,1,0,1,1,1,0,1,0,0000000,99,98,99,98,88,88,0,0,0,1,0
48,480310,1,1,0,0,0,1,1,29,6090,11,2,2016,5,13,10,0,8,98,98,6,JUDSON RD,,0,29.58006667,-98.373855560000,0,1,0,0,1,1,0,1,1,1,0,1,0,0000000,99,98,99,98,88,88,0,0,0,1,0
48,480311,1,1,0,0,0,1,1,113,1730,11,2,2016,5,10,57,1,2,2,98,2,US-175 CF HAWN FWY,,87,32.68975833,-96.629377780000,0,25,0,1,19,1,0,3,1,1,0,1,0,0000000,12,36,12,44,13,13,0,0,0,1,1
48,480312,1,1,0,2,2,1,1,113,1730,11,2,2016,5,21,16,0,8,98,98,6,JUPITER RD,CACTUS ST,0,32.86840833,-96.683047220000,0,8,0,0,3,3,0,1,3,1,0,1,0,0000000,99,99,99,99,99,99,0,0,0,1,0
48,480313,1,1,0,0,0,1,1,201,0,11,2,2016,5,4,37,0,8,98,98,4,CR-LOUETTA RD,,0,30.05039167,-95.470105560000,0,32,0,0,1,1,0,4,2,1,0,1,0,0000000,4,49,5,2,5,32,0,0,0,1,1
48,480314,1,1,0,1,1,2,2,201,0,12,2,2016,6,23,7,0,2,3,98,8,FM 1960,,167,30.02582500,-95.396100000000,0,8,0,0,1,1,1,1,2,10,0,10,0,0000000,99,99,99,99,88,88,0,0,0,1,0
48,480315,1,1,0,0,0,1,1,201,3280,12,2,2016,6,21,2,0,8,98,98,6,AIRPORT BLVD,,0,29.64435556,-95.331666670000,0,33,0,0,1,1,0,3,3,1,0,1,0,0000000,99,98,99,98,88,88,0,0,0,1,0
48,480316,1,1,0,0,0,5,5,251,0,12,2,2016,6,12,33,0,8,98,98,4,CR-1121,,0,32.33386667,-97.463522220000,0,42,0,0,1,1,0,4,1,1,0,1,0,0000000,99,99,99,99,99,99,0,0,0,1,0
48,480318,2,2,0,0,0,2,2,303,4140,12,2,2016,6,12,29,0,8,98,98,6,34TH ST,,0,33.56327778,-101.948244440000,0,12,6,0,8,1,0,1,1,1,0,1,0,0000000,12,30,12,38,12,50,0,0,0,1,0
48,480319,1,1,0,0,0,1,1,363,0,12,2,2016,6,5,45,0,1,4,98,2,US-180,,92,32.71323611,-98.443844440000,0,1,0,0,1,1,0,4,2,1,0,1,0,0000000,99,98,99,98,88,88,0,0,0,1,0
48,480320,2,2,0,0,0,2,2,29,6090,13,2,2016,7,3,40,1,2,2,98,2,US-281,,217,29.49218333,-98.483505560000,0,12,1,0,1,1,0,1,3,1,0,1,0,0000000,99,98,99,98,88,88,0,0,0,1,1
48,480321,2,2,0,0,0,2,2,323,2030,13,2,2016,7,1,32,1,2,3,98,2,US-277 VETERANS BLVD,,290,28.72012222,-100.476605560000,0,12,2,0,1,1,0,1,3,1,0,1,0,0000000,1,34,1,37,1,55,0,0,0,1,0
48,480322,2,2,0,0,0,2,2,459,0,13,2,2016,7,5,35,1,1,3,98,2,US-271,,83,32.79630833,-94.951602780000,0,12,6,0,8,1,0,1,2,1,0,1,0,0000000,99,98,99,98,88,88,0,0,0,1,0
48,480323,1,1,0,0,0,1,1,29,6090,14,2,2016,1,1,50,0,8,98,98,6,SOUTHCROSS BLVD,,0,29.37660556,-98.447413890000,0,42,0,0,1,1,0,4,3,1,0,1,0,0000000,99,99,99,99,88,88,0,0,0,1,1
48,480324,1,1,0,0,0,1,1,29,6090,14,2,2016,1,5,45,0,8,98,98,6,GILLETTE,,0,29.33026389,-98.507494440000,0,40,0,0,1,1,0,4,3,1,0,1,0,0000000,99,99,99,99,88,88,0,0,0,1,1
48,480325,1,1,0,0,0,1,1,325,0,14,2,2016,1,7,0,0,8,98,98,4,CR-4514,,0,29.31233611,-98.966083330000,0,42,0,0,1,1,0,4,4,5,0,5,0,0000000,99,98,99,98,88,88,0,0,0,1,1
48,480326,2,2,0,0,0,2,2,453,330,14,2,2016,1,2,22,0,8,98,98,6,BURLESON RD,MCKINNEY FALLS PKWY,0,30.19192500,-97.698322220000,0,12,2,0,3,2,0,1,3,1,0,1,0,0000000,99,98,99,98,88,88,0,0,0,1,0
48,480327,1,1,0,0,0,2,2,453,330,14,2,2016,1,2,35,0,8,98,98,6,COOPER LN,,0,30.19829167,-97.791244440000,0,38,0,0,1,1,0,5,2,1,0,1,0,0000000,2,39,2,44,3,5,0,0,0,1,1
48,480328,1,1,0,0,0,2,2,477,880,16,2,2016,3,5,42,0,8,98,98,6,CHAPPELL HILL ST,,0,30.16449444,-96.389219440000,0,25,0,0,1,1,0,4,2,1,0,1,0,0000000,5,43,5,48,6,7,0,0,0,1,0
48,480329,2,2,0,0,0,2,2,85,5390,17,2,2016,4,18,14,0,8,98,98,6,SPRING CREEK PKWY,,263,33.05647778,-96.797430560000,0,12,1,0,1,1,0,1,5,1,0,1,0,0000000,18,14,18,20,18,34,28,0,0,1,1
48,480330,2,2,0,0,0,2,2,201,0,17,2,2016,4,20,53,0,2,4,98,8,FM 525 ALDINE BENDER RD,,11,29.93059722,-95.301527780000,0,33,0,0,1,1,0,4,3,1,0,1,0,0000000,20,57,21,0,21,46,0,0,0,1,1
48,480331,1,1,0,1,1,1,1,141,2190,8,1,2016,6,19,24,1,2,3,98,3,SR-20 MESA ST,UNIVERSITY AVE,3,31.77358056,-106.500091670000,0,8,0,0,3,2,0,1,3,1,0,1,0,0000000,19,21,19,26,19,42,0,0,0,1,0
48,480332,1,1,0,0,0,1,1,135,5030,12,1,2016,3,17,32,0,8,98,98,6,DIXIE BLVD,,0,31.84960278,-102.356758330000,0,10,0,0,6,1,0,1,1,1,0,1,0,796249S,99,98,99,98,88,88,0,0,0,1,0