STATE,ST_CASE,VE_TOTAL,VE_FORMS,PVH_INVL,PEDS,PERNOTMVIT,PERMVIT,PERSONS,COUNTY,CITY,DAY,MONTH,YEAR,DAY_WEEK,HOUR,MINUTE,NHS,RUR_URB,FUNC_SYS,RD_OWNER,ROUTE,TWAY_ID,TWAY_ID2,MILEPT,LATITUDE,LONGITUD,SP_JUR,HARM_EV,MAN_COLL,RELJCT1,RELJCT2,TYP_INT,WRK_ZONE,REL_ROAD,LGT_COND,WEATHER1,WEATHER2,WEATHER,SCH_BUS,RAIL,NOT_HOUR,NOT_MIN,ARR_HOUR,ARR_MIN,HOSP_HR,HOSP_MN,CF1,CF2,CF3,FATALS,DRUNK_DR
48,480333,2,2,0,0,0,3,3,221,2780,13,1,2016,4,18,50,0,1,5,98,8,FM 167 FALL CREEK HWY,BRANNON CT,115,32.45301389,-97.687297220000,0,12,2,0,1,1,0,1,2,1,0,1,0,0000000,18,53,19,13,19,36,0,0,0,1,1
48,480334,2,2,0,0,0,3,3,85,5390,20,1,2016,4,15,31,1,2,2,98,7,SR-190 PGB HWY,CUSTER RD,160,33.00422500,-96.732527780000,0,12,6,1,2,2,0,1,1,10,0,10,0,0000000,15,31,15,41,16,4,0,0,0,1,0
48,480335,3,3,0,0,0,3,3,259,0,28,1,2016,5,15,34,0,1,4,98,3,SR-46,,39,29.79716944,-98.668688890000,0,1,0,0,8,1,0,1,1,1,0,1,0,0000000,99,98,99,98,88,88,0,0,0,1,0
48,480336,2,2,0,0,0,3,3,123,1670,31,1,2016,1,14,28,1,1,3,98,2,US-183,,144,29.12238056,-97.278641670000,0,31,0,0,1,1,0,4,1,1,0,1,0,0000000,14,30,14,32,14,50,0,0,0,1,0
48,480337,3,3,0,0,0,4,4,453,0,31,1,2016,1,23,18,0,1,4,98,8,FM 812,,55,30.11471389,-97.628302780000,0,12,6,0,1,1,0,1,2,1,0,1,0,0000000,99,98,99,98,88,88,0,0,0,1,1
48,480338,1,1,0,0,0,2,2,273,0,12,2,2016,6,22,20,0,8,98,98,4,CR-2160,,0,27.42095278,-97.902947220000,0,38,0,0,1,1,0,5,2,1,0,1,0,0000000,99,99,99,99,99,99,0,0,0,1,0
48,480339,2,1,1,0,2,4,6,113,2800,4,2,2016,5,16,20,1,2,2,98,3,SR-190 PGB TURNPIKE RAMP,,265,32.68042222,-97.024247220000,0,14,0,1,5,1,0,8,1,1,0,1,0,0000000,16,21,16,29,16,55,0,0,0,3,0
48,480340,1,1,0,0,0,1,1,283,0,4,2,2016,5,21,23,1,1,1,1,7,I-35,,201,28.41740000,-99.250875000000,0,34,0,1,19,1,0,10,2,1,0,1,0,0000000,99,99,99,99,99,99,0,0,0,1,1
48,480341,2,1,1,0,1,1,2,27,0,5,2,2016,6,3,14,1,1,1,1,1,I-35,,8,30.86902778,-97.583791670000,0,14,0,0,1,1,0,2,2,1,0,1,0,0000000,99,98,99,98,88,88,0,0,0,1,1
48,480342,1,1,0,1,1,1,1,39,130,6,2,2016,7,6,30,0,8,98,98,6,WILLIS ST,LEE ST,0,29.42456944,-95.248825000000,0,8,0,0,3,2,0,1,2,1,0,1,0,0000000,6,47,7,0,7,19,0,0,0,1,0
48,480343,3,3,0,0,0,5,5,339,1510,6,2,2016,7,11,50,0,2,4,98,8,FM2854,,139,30.31470000,-95.512100000000,0,12,1,0,8,1,0,1,1,1,0,1,0,0000000,99,99,99,99,99,99,0,0,0,1,0
48,480344,2,2,0,0,0,2,2,51,0,7,2,2016,1,5,50,0,1,4,98,8,FM50,,228,30.59530000,-96.510600000000,0,12,2,0,1,1,0,1,2,1,0,1,0,0000000,99,98,99,98,88,88,0,0,0,1,1
48,480345,2,2,0,0,0,5,5,21,0,9,2,2016,3,16,52,0,1,5,98,8,FM535,,125,29.94023333,-97.234530560000,0,12,2,0,1,1,0,1,5,1,0,1,0,0000000,99,99,99,99,99,99,0,0,0,2,0
48,480346,2,2,0,0,0,3,3,113,2590,9,2,2016,3,19,27,0,8,98,98,6,BUCKINGHAM RD,OLD MILL RUN,0,32.93062778,-96.651397220000,0,12,6,0,2,2,0,1,3,1,0,1,0,0000000,99,99,99,99,99,99,0,0,0,2,1
48,480347,3,3,0,0,0,3,3,85,92,10,2,2016,4,5,32,1,2,5,98,2,US-75 CENTRAL EXPY,,21,33.15451667,-96.646983330000,0,12,1,1,18,1,1,1,3,1,0,1,0,0000000,99,98,99,98,88,88,26,0,0,1,1
48,480348,2,2,0,0,0,2,2,365,0,10,2,2016,4,17,30,1,1,3,98,2,US-79,FM31,99,32.30364722,-94.166730560000,0,12,6,0,2,2,0,1,1,1,0,1,0,0000000,99,98,99,98,88,88,0,0,0,1,0
48,480349,2,2,0,0,0,2,2,41,1440,12,2,2016,6,7,41,0,2,3,98,8,FM2818 HARVEY MITCHELL PKWY,FM60RAMP,47,30.60306389,-96.363094440000,0,12,2,1,2,2,0,1,1,5,0,5,0,0000000,7,51,7,58,8,21,0,0,0,1,0
48,480350,2,2,0,0,0,2,2,369,2325,12,2,2016,6,12,10,1,1,3,98,2,US-60,COUNTRY CLUB,7,34.39575000,-103.034377780000,0,12,6,0,2,3,0,1,1,1,0,1,0,0000000,99,99,99,99,99,99,0,0,0,1,0
48,480351,2,2,0,0,0,3,3,21,0,13,2,2016,7,15,52,1,1,3,98,2,US-290,,91,30.29679444,-97.276400000000,1,12,2,0,1,1,0,1,1,1,0,1,0,0000000,99,98,99,98,88,88,0,0,0,3,0
48,480352,1,1,0,0,0,2,2,29,6090,13,2,2016,7,16,10,0,8,98,98,6,WOODSTONE,,0,29.55278333,-98.577891670000,0,42,0,0,1,1,0,4,1,1,0,1,0,0000000,99,99,99,99,99,99,0,0,0,1,0
48,480353,2,2,0,0,0,3,3,29,6090,13,2,2016,7,17,35,1,2,2,98,2,US-90,,69,29.40383889,-98.548622220000,0,12,1,0,1,1,0,1,1,1,0,1,0,0000000,99,99,99,99,99,99,0,0,0,1,1
48,480354,2,2,0,0,0,2,2,201,3280,13,2,2016,7,5,24,1,2,1,1,1,I-10/US-90 EAST FWY,,335,29.77693611,-95.271694440000,0,12,1,0,1,1,0,1,3,1,0,1,0,0000000,99,98,99,98,88,88,0,0,0,1,1
48,480355,1,1,0,1,1,4,4,215,7330,13,2,2016,7,3,18,1,2,1,1,1,I-2/US-83,,420,26.16040833,-97.956977780000,0,8,0,0,1,1,0,1,3,1,0,1,0,0000000,99,99,99,99,99,99,0,0,0,1,0
48,480356,2,2,0,0,0,3,3,273,0,13,2,2016,7,13,23,0,1,5,98,8,PR22,,13,27.56590000,-97.242600000000,0,12,2,0,1,1,0,1,1,1,0,1,0,0000000,99,99,99,99,99,99,0,0,0,2,0
48,480357,1,1,0,0,0,1,1,453,0,14,2,2016,1,0,29,0,8,98,98,4,CR-SHIVELY LN,,0,30.11576667,-97.697927780000,0,53,0,0,1,1,0,4,2,1,0,1,0,0000000,99,98,99,98,88,88,0,0,0,1,1
48,480358,2,2,0,0,0,2,2,29,6090,15,2,2016,2,13,31,1,2,3,98,8,SL13 WW WHITE BLVD,,101,29.43770833,-98.405372220000,0,12,6,0,8,1,0,1,1,1,0,1,0,0000000,99,99,99,99,99,99,0,0,0,1,0
48,480359,2,2,0,0,0,2,2,29,6090,15,2,2016,2,13,50,1,2,3,98,8,SL353 NEW LAREDO HWY,,246,29.34247778,-98.578763890000,0,12,2,0,8,1,0,1,1,1,0,1,0,0000000,99,99,99,99,99,99,0,0,0,1,0
48,480360,1,1,0,0,0,2,2,201,3280,15,2,2016,2,22,56,0,8,98,98,6,SUNNYSIDE ST,,0,29.85685556,-95.391502780000,0,38,0,0,1,1,0,5,3,1,0,1,0,0000000,23,0,23,2,0,30,20,0,0,1,0
48,480362,1,1,0,1,1,1,1,215,4197,15,2,2016,2,20,59,1,2,3,98,8,FM2220,,126,26.27810556,-98.249533330000,0,8,0,0,1,1,0,1,2,10,0,10,0,0000000,99,98,99,98,88,88,0,0,0,1,0
48,480363,2,2,0,0,0,2,2,405,0,15,2,2016,2,14,20,0,1,6,98,8,FM3153,,10,31.51435833,-94.023647220000,0,12,11,0,1,1,0,1,1,1,0,1,0,0000000,99,98,99,98,88,88,23,0,0,1,0
48,480364,2,2,0,0,0,3,3,439,364,15,2,2016,2,17,47,0,2,4,98,8,FM730,,32,32.94790556,-97.543488890000,0,12,6,0,1,1,0,1,1,1,0,1,0,0000000,99,98,99,98,88,88,0,0,0,1,0
48,480365,2,2,0,0,0,2,2,85,0,16,2,2016,3,13,26,0,8,98,98,4,CR-210,,0,33.35030833,-96.631700000000,0,12,6,0,1,1,0,4,1,1,0,1,0,0000000,99,98,99,98,88,88,0,0,0,1,0
48,480366,2,2,0,0,0,2,2,187,0,16,2,2016,3,5,30,0,1,5,98,8,FM467,,43,29.43528333,-98.050583330000,0,12,6,0,1,1,0,1,2,1,0,1,0,0000000,99,99,99,99,99,99,0,0,0,1,1
48,480367,2,2,0,0,0,3,3,201,3280,16,2,2016,3,10,32,0,8,98,98,6,YALE,15TH,0,29.79802222,-95.399119440000,0,12,6,0,2,2,0,1,1,1,0,1,0,0000000,10,36,10,41,11,13,0,0,0,1,0
48,480368,3,3,0,0,0,4,4,491,2620,17,2,2016,4,11,7,1,2,4,98,3,SR-195,SHELL RD,201,30.72581944,-97.672202780000,0,12,11,0,2,2,0,1,1,1,0,1,0,0000000,99,99,99,99,99,99,0,0,0,1,0
48,480369,1,1,0,0,0,1,1,67,0,18,2,2016,5,15,30,0,8,98,98,4,CR-1242,,0,33.09004167,-94.425200000000,0,42,0,0,1,1,0,4,1,1,0,1,0,0000000,99,98,99,98,88,88,0,0,0,1,0
48,480370,1,1,0,1,1,1,1,375,150,18,2,2016,5,3,26,0,8,98,98,6,10TH AVE,,0,35.20501389,-101.848241670000,0,8,0,0,1,1,0,1,3,1,0,1,0,0000000,99,98,99,98,88,88,0,0,0,1,0
48,480371,2,2,0,0,0,2,2,439,2450,18,2,2016,5,19,10,1,2,3,98,8,BU 287/MAINT ST,,100,32.84367222,-97.360411110000,0,1,0,0,8,1,0,1,2,1,0,1,0,0000000,99,98,99,98,88,88,0,0,0,1,0
48,480372,2,2,0,0,0,3,3,453,330,18,2,2016,5,13,14,1,2,2,98,7,US-183/RESEARCH BLVD,PECAN PARK BLVD,271,30.46552778,-97.795222220000,0,12,6,1,2,2,0,1,1,1,0,1,0,0000000,13,20,13,24,13,37,0,0,0,1,0
48,480373,2,2,0,0,0,2,2,29,6090,19,2,2016,6,12,24,0,8,98,98,6,HEIMER RD,PERENNIAL,0,29.56602222,-98.477436110000,0,12,6,0,2,3,0,1,1,1,0,1,0,0000000,99,99,99,99,99,99,0,0,0,1,0
48,480374,2,2,0,0,0,3,3,85,5390,19,2,2016,6,20,25,0,8,98,98,6,FM 2478/CUSTER RD,WESTRIDGE DR,0,33.01114167,-96.733827780000,0,12,6,0,2,2,0,1,3,1,0,1,0,0000000,99,99,99,99,99,99,0,0,0,2,0
48,480375,2,2,0,0,0,4,4,113,1730,19,2,2016,6,20,55,0,8,98,98,6,LEDBETTER DR,DUNCANVILLE RD,0,32.69121944,-96.908483330000,0,12,6,0,2,2,0,1,3,1,0,1,0,0000000,99,99,99,99,99,99,0,0,0,1,0
48,480376,2,2,0,0,0,2,2,113,5730,19,2,2016,6,1,27,1,2,2,98,2,US-75/CENTRAL EXPY,,37,32.94132778,-96.743883330000,0,25,0,0,1,1,0,3,3,1,0,1,0,0000000,99,98,99,98,88,88,14,0,0,1,0
48,480377,1,1,0,0,0,1,1,139,0,19,2,2016,6,18,44,0,1,4,98,2,US-77,,376,32.23446111,-96.869711110000,0,42,0,0,1,1,0,4,2,1,0,1,0,0000000,99,98,99,98,88,88,0,0,0,1,1
48,480378,1,1,0,0,0,1,1,157,0,19,2,2016,6,23,7,1,2,3,98,3,SR-99/GRAND PARKWAY,,97,29.66312778,-95.743355560000,0,33,0,0,1,1,0,4,2,10,0,10,0,0000000,23,26,23,35,0,13,0,0,0,1,1
48,480379,1,1,0,0,0,1,1,331,1100,19,2,2016,6,19,15,0,8,98,98,6,FANNIN AVE,,0,30.87421389,-96.969508330000,0,38,0,0,1,1,0,5,2,1,0,1,0,0000000,99,98,99,98,88,88,0,0,0,1,0
48,480380,1,1,0,1,1,2,2,453,330,19,2,2016,6,21,15,0,8,98,98,6,RIVERSIDE DR,,0,30.23791389,-97.725633330000,0,8,0,0,1,1,0,1,3,1,0,1,0,0000000,21,16,21,21,21,34,0,0,0,1,0
48,480381,1,1,0,0,0,1,1,201,0,20,2,2016,7,0,13,0,8,98,98,4,CR-BEAR BAYOU DR,,0,29.80135000,-95.106844440000,0,42,0,0,1,1,0,5,2,10,0,10,0,0000000,99,98,99,98,88,88,0,0,0,1,1
48,480382,2,2,0,0,0,6,6,323,0,20,2,2016,7,9,30,1,1,3,98,2,US-277,SL 480,335,28.70576111,-100.432150000000,0,12,6,1,2,2,0,1,1,1,0,1,0,0000000,99,99,99,99,99,99,0,0,0,1,0
48,480383,1,1,0,1,1,2,2,29,6090,21,2,2016,1,19,0,0,8,98,98,6,OLD US-90 W ENRIQUE M BARRERA,,0,29.42803611,-98.569711110000,0,8,0,0,1,1,0,1,3,10,0,10,0,0000000,99,99,99,99,88,88,0,0,0,1,0
48,480384,2,2,0,0,0,3,3,245,5430,21,2,2016,1,3,34,1,2,2,98,7,US-69 MEMORIAL BLVD RAMP,,151,29.93844444,-93.984102780000,0,12,1,1,18,1,0,1,2,10,0,10,0,0000000,99,99,99,99,99,99,0,0,0,1,0
48,480385,2,2,0,0,0,2,2,121,1840,22,2,2016,2,14,5,1,1,1,1,1,I-35,,34,33.31331667,-97.179227780000,0,12,1,0,1,1,2,1,1,1,0,1,0,0000000,99,98,99,98,88,88,0,0,0,1,0
48,480386,1,1,0,0,0,3,3,403,0,21,2,2016,1,4,20,1,1,3,98,3,SR-103,,51,31.40975278,-94.029011110000,0,32,0,0,1,1,0,4,2,1,0,1,0,0000000,4,40,4,54,6,7,0,0,0,1,0
48,480387,2,2,0,0,0,2,2,493,0,22,2,2016,2,5,15,1,1,4,98,3,SR-123,,43,29.31539444,-97.962716670000,0,12,2,0,1,1,0,1,2,10,0,10,0,0000000,99,99,99,99,99,99,0,0,0,1,0
48,480388,1,1,0,1,1,1,1,29,6090,23,2,2016,3,20,4,0,8,98,98,6,SAN PEDRO AVE,,0,29.50821944,-98.499272220000,0,8,0,0,1,1,0,1,3,1,0,1,0,0000000,99,99,99,99,99,99,0,0,0,1,0
48,480389,1,1,0,0,0,1,1,361,5100,25,2,2016,5,1,19,1,2,1,1,7,I-10 LUTCHER DR,,185,30.11383333,-93.812269440000,0,1,0,0,1,1,0,4,3,1,0,1,0,0000000,99,98,99,98,88,88,0,0,0,1,0
48,480390,1,1,0,1,1,1,1,215,4197,28,2,2016,1,1,16,1,2,3,98,8,FM 1926 23RD ST,,33,26.26341944,-98.235555560000,0,8,0,0,1,1,0,1,2,10,0,10,0,0000000,99,98,99,98,88,88,0,0,0,1,1
48,480391,1,1,0,1,1,1,1,309,545,8,1,2016,6,20,39,1,2,3,98,8,SL-340,,80,31.59995000,-97.090825000000,0,8,0,0,1,1,0,1,2,5,0,5,0,0000000,99,98,99,98,88,88,0,0,0,1,0
48,480392,1,1,0,1,1,1,1,5,4160,20,1,2016,4,21,58,1,2,4,98,8,BU-59 G TIMBERLAND DR,BU 69 J / FM 58 CHESTNUT DR,0,31.33483056,-94.718861110000,0,8,0,0,2,2,0,1,3,10,0,10,0,0000000,99,99,99,99,99,99,0,0,0,1,0
48,480393,3,1,2,0,0,2,2,479,3899,23,1,2016,7,2,55,0,8,98,98,6,MARKET ST,,0,27.50381944,-99.471966670000,0,58,0,0,1,1,0,1,3,1,0,1,0,0000000,2,55,3,3,3,26,14,0,0,1,1
48,480394,4,1,3,0,0,2,2,167,3920,24,1,2016,1,21,58,1,2,1,1,7,I-45 GULF FWY,,156,29.48530556,-95.103988890000,0,43,0,0,1,1,0,5,3,1,0,1,0,0000000,21,59,22,5,22,26,14,0,0,1,0
48,480395,2,2,0,0,0,2,2,375,150,28,1,2016,5,16,39,1,2,3,98,2,US-60 AMARILLO BLVD,FRITCH HWY,125,35.22199444,-101.782883330000,0,1,0,0,1,1,0,1,1,1,0,1,0,0000000,16,39,16,43,17,19,0,0,0,1,0
48,480396,1,1,0,0,0,5,5,479,3899,31,1,2016,1,22,24,1,2,3,98,8,FM 1472 MINES RD,,111,27.64317778,-99.552980560000,0,59,0,0,1,1,1,3,2,1,0,1,0,0000000,22,24,22,31,22,52,20,0,0,1,0
48,480397,1,1,0,0,0,1,1,29,6090,1,2,2016,2,21,30,1,2,1,1,1,I-410 LOOP,,325,29.44685556,-98.400227780000,0,59,0,0,1,1,0,10,3,1,0,1,0,0000000,99,98,99,98,88,88,0,0,0,1,1
48,480398,1,1,0,0,0,1,1,253,0,4,2,2016,5,19,30,0,8,98,98,4,CR-150,,0,32.87515278,-100.117255560000,0,38,0,0,1,1,0,5,2,1,0,1,0,0000000,19,49,20,18,21,4,0,0,0,1,1
48,480399,2,2,0,0,0,3,3,31,0,7,2,2016,1,4,32,0,1,6,98,8,RM 473,,11,29.97371389,-98.421188890000,0,12,2,0,1,1,0,1,2,1,0,1,0,0000000,4,34,4,53,7,0,0,0,0,1,1
48,480400,2,2,0,0,0,2,2,27,3027,11,2,2016,5,15,29,1,2,2,98,2,US-190 CENTRAL TEXAS EXPY,INDIAN TRAIL DR,111,31.07586389,-97.653683330000,0,12,6,1,2,2,0,1,1,1,0,1,0,0000000,15,29,15,34,16,5,0,0,0,1,0
48,480401,2,2,0,0,0,2,2,53,0,12,2,2016,6,18,17,1,1,3,98,2,US-281,,260,30.67143056,-98.255261110000,0,12,1,0,1,1,0,1,1,1,0,1,0,0000000,18,28,18,44,19,17,0,0,0,1,0
48,480402,2,2,0,0,0,5,5,467,0,12,2,2016,6,16,55,0,1,4,98,3,SR-64,FM314,318,32.40621944,-95.594830560000,0,12,6,0,2,2,1,1,1,1,0,1,0,0000000,17,0,17,8,99,99,0,0,0,1,0
48,480403,1,1,0,0,0,3,3,123,0,13,2,2016,7,16,55,0,8,98,98,4,CR-ZORN RD,,0,28.96200556,-97.462016670000,0,53,0,0,1,1,0,4,1,1,0,1,0,0000000,17,37,18,17,19,9,0,0,0,1,0
48,480404,1,1,0,0,0,1,1,201,3280,13,2,2016,7,2,26,1,2,2,98,7,SL-8/SAM HOUSTON PKWY,SOUTH DR,33,29.66713889,-95.560569440000,0,33,0,0,3,3,0,4,3,1,0,1,0,0000000,99,98,99,98,88,88,0,0,0,1,0
48,480405,1,1,0,0,0,1,1,289,3939,13,2,2016,7,13,43,1,1,1,1,1,I-45,,46,31.15193056,-95.984280560000,0,34,0,0,1,1,0,4,1,1,0,1,0,0000000,13,50,14,11,15,2,0,0,0,1,0
48,480406,1,1,0,0,0,2,2,423,0,13,2,2016,7,0,5,0,1,4,98,3,SR-31,,228,32.36916944,-95.073061110000,0,1,0,0,1,1,0,4,2,1,0,1,0,0000000,0,6,0,20,0,50,0,0,0,1,1
48,480407,3,2,1,1,1,2,2,201,3280,14,2,2016,1,21,40,1,2,2,98,2,US-59/EASTEX FWY,,52,29.83414167,-95.334305560000,0,12,7,0,1,1,0,1,3,1,0,1,0,0000000,21,46,21,52,22,16,0,0,0,1,1
48,480408,1,1,0,1,1,1,1,453,330,14,2,2016,1,19,5,0,8,98,98,6,MONTOPOLIS DR,,0,30.23696944,-97.695644440000,0,8,0,0,1,1,0,1,3,1,0,1,0,0000000,99,98,99,98,88,88,0,0,0,1,0
48,480409,2,2,0,0,0,3,3,201,5230,15,2,2016,2,5,38,0,8,98,98,6,BAY AREA BLVD,,0,29.59147500,-95.101522220000,0,12,6,0,1,1,0,1,2,2,0,2,0,0000000,99,99,99,99,99,99,0,0,0,2,0
48,480410,1,1,0,0,0,1,1,201,3280,16,2,2016,3,23,1,1,2,1,1,1,I-10/KATY FWY,,106,29.77976389,-95.450769440000,0,39,0,1,19,1,0,4,3,1,0,1,0,0000000,23,1,23,15,88,88,0,0,0,1,0
48,480411,1,1,0,1,1,1,1,113,2590,17,2,2016,4,19,54,0,8,98,98,6,BROADWAY BLVD,,0,32.84127500,-96.595450000000,0,8,0,0,1,1,0,1,3,1,0,1,0,0000000,19,54,19,58,20,17,0,0,0,1,0
48,480412,2,2,0,0,0,4,4,451,6080,17,2,2016,4,19,18,0,2,4,98,8,RM 853/ARDEN RD,OXFORD RD,125,31.44700556,-100.484625000000,0,12,6,0,2,3,0,1,3,1,0,1,0,0000000,19,22,19,23,19,47,0,0,0,1,0
48,480413,1,1,0,0,0,1,1,59,0,18,2,2016,5,15,26,0,1,4,98,3,SR-36,,179,32.22396944,-99.382450000000,0,1,0,0,1,1,0,1,1,1,0,1,0,0000000,99,98,99,98,88,88,0,0,0,1,0
48,480414,2,2,0,0,0,2,2,199,4172,18,2,2016,5,22,4,1,2,3,98,2,US-96/MAIN,CHANCE CUT-OFF,115,30.26598889,-94.199769440000,0,12,6,0,2,2,0,1,3,1,0,1,0,0000000,99,99,99,99,99,99,20,0,0,1,0
48,480415,1,1,0,0,0,2,2,201,3280,18,2,2016,5,1,47,1,2,2,98,3,SR-288,,32,29.71186389,-95.377991670000,0,39,0,0,1,1,0,3,3,1,0,1,0,0000000,1,48,2,1,2,35,0,0,0,1,0
48,480416,1,1,0,0,0,1,1,29,6090,19,2,2016,6,22,56,0,8,98,98,6,HILDEBRAND RD,,0,29.46644444,-98.482133330000,0,33,0,0,1,1,0,4,3,1,0,1,0,0000000,99,99,99,99,99,99,0,0,0,1,1
48,480418,2,2,0,0,0,2,2,199,0,19,2,2016,6,12,5,1,1,3,98,2,US-69,CR-TROTTY HORSE,31,30.35706667,-94.127686110000,0,12,6,0,2,2,0,1,1,1,0,1,0,0000000,99,98,99,98,88,88,0,0,0,1,0
48,480419,2,2,0,0,0,2,2,251,1370,19,2,2016,6,22,27,1,1,3,98,2,US-67,PR-21,155,32.31302500,-97.477847220000,0,12,6,0,2,3,0,1,3,1,0,1,0,0000000,22,33,22,55,23,23,0,0,0,1,0
48,480420,1,1,0,1,1,1,1,29,6090,20,2,2016,7,5,20,0,8,98,98,6,SAN PEDRO AVE,,0,29.50219722,-98.499219440000,0,8,0,0,1,1,0,11,3,2,0,2,0,0000000,99,99,99,99,88,88,0,0,0,1,0
48,480421,2,2,0,0,0,3,3,61,6110,20,2,2016,7,2,12,1,1,1,1,7,I-69E/US-83,,105,26.15068889,-97.667952780000,0,12,2,1,18,1,0,1,3,1,0,1,0,0000000,99,99,99,99,99,99,0,0,0,2,0
48,480422,3,1,2,0,0,2,2,113,3420,20,2,2016,7,0,56,0,8,98,98,6,SHADY GROVE RD,WILLOW WOOD CT,0,32.80046389,-96.979138890000,0,53,0,0,1,1,0,4,3,1,0,1,0,0000000,0,56,1,1,1,31,14,0,0,1,1
48,480423,2,2,0,0,0,4,4,455,0,20,2,2016,7,12,40,0,1,4,98,3,SR-19,,118,30.91081944,-95.375444440000,0,12,1,0,1,1,0,1,1,10,0,10,0,0000000,99,99,99,99,99,99,0,0,0,1,1
48,480424,1,1,0,0,0,2,2,29,6090,21,2,2016,1,17,52,1,2,1,1,1,I-10 RAMP,,251,29.43261944,-98.499827780000,0,18,0,1,20,1,0,1,3,10,0,10,0,0000000,99,99,99,99,99,99,0,0,0,1,0
48,480425,4,2,2,2,3,2,3,41,970,21,2,2016,1,18,38,1,2,2,98,2,US-190 EARL RUDDER FWY,BS-6 TEXAS AVE,203,30.71953056,-96.411947220000,0,12,7,0,1,1,0,1,2,2,0,2,0,0000000,18,38,18,46,19,6,14,15,0,1,0
48,480426,1,1,0,1,1,1,1,201,0,21,2,2016,1,5,15,0,8,98,98,4,CR-LOUETTA RD,,0,30.02416389,-95.518047220000,0,8,0,0,1,1,0,1,2,1,0,1,0,0000000,99,98,99,98,88,88,0,0,0,1,0
48,480427,2,2,0,0,0,2,2,201,3280,21,2,2016,1,23,6,1,2,2,98,2,US-59 SOUTHWEST FWY,,58,29.72876944,-95.440380560000,0,12,1,0,1,1,0,1,3,1,0,1,0,0000000,23,6,23,12,23,41,23,0,0,1,0
48,480428,1,1,0,1,1,1,1,201,3280,21,2,2016,1,6,30,0,8,98,98,6,FANNIN,CAMBRIDGE ST,0,29.71554722,-95.396088890000,0,8,0,0,3,2,0,4,1,10,0,10,0,0000000,99,98,99,98,88,88,0,0,0,1,0
48,480429,2,2,0,0,0,2,2,201,3280,21,2,2016,1,6,42,0,8,98,98,6,LITTLE YORK RD,AIRLINE DR,0,29.86999722,-95.384877780000,0,12,1,0,3,2,0,1,1,10,0,10,0,0000000,7,0,7,10,7,31,0,0,0,1,0
48,480430,3,2,1,0,0,2,2,267,0,21,2,2016,1,19,26,1,1,1,1,1,I-10,,133,30.40332222,-99.647197220000,0,12,11,0,1,1,0,1,2,2,0,2,0,0000000,19,29,19,59,20,22,19,0,0,1,0
48,480431,2,2,0,0,0,3,3,229,0,21,1,2016,5,13,55,1,1,1,1,1,I-10,,568,31.12241944,-105.178238890000,0,12,8,0,1,1,0,1,1,1,0,1,0,0000000,99,99,99,99,99,99,20,0,0,1,0
48,480432,1,1,0,0,0,4,4,229,0,23,1,2016,7,1,30,1,1,1,1,1,I-10,,379,31.21293889,-105.471050000000,0,1,0,0,1,1,0,4,2,1,0,1,0,0000000,1,28,1,59,4,5,0,0,0,1,0
48,480433,1,1,0,0,0,1,1,113,4530,1,2,2016,2,6,5,1,2,1,1,1,I-30,,242,32.82064722,-96.633561110000,0,57,0,0,1,1,0,10,3,1,0,1,0,0000000,6,5,6,10,6,34,0,0,0,1,0
48,480434,2,2,0,0,0,4,4,215,4197,2,2,2016,3,13,49,1,2,3,98,8,BU-83,16TH ST,72,26.20461667,-98.236577780000,0,12,6,0,2,2,0,1,1,1,0,1,0,0000000,13,52,14,0,14,34,0,0,0,1,0
48,480435,1,1,0,0,0,2,2,291,0,6,2,2016,7,14,32,0,8,98,98,4,CR-2098,,0,30.21593056,-94.751169440000,0,1,0,0,1,1,0,4,1,1,0,1,0,0000000,99,98,99,98,88,88,0,0,0,1,0
48,480436,1,1,0,0,0,3,3,85,1260,7,2,2016,1,2,31,0,8,98,98,4,CR-53,,0,33.29364722,-96.792169440000,0,44,0,0,1,1,0,1,3,1,0,1,0,0000000,2,37,2,46,3,46,20,0,0,1,0
48,480437,1,1,0,0,0,1,1,113,2800,7,2,2016,1,5,58,1,2,2,98,3,SR-161/PRESIDENT GEORGE BUSH,,218,32.74421944,-97.021380560000,0,25,0,0,1,1,0,4,2,1,0,1,0,0000000,99,98,99,98,88,88,0,0,0,1,1
48,480438,2,2,0,0,0,2,2,39,130,8,2,2016,2,10,53,0,8,98,98,6,CR-172/PARKER SCHOOL RD,CR-185,0,29.37746111,-95.280033330000,0,1,0,0,3,2,0,1,1,1,0,1,0,0000000,10,56,11,3,11,45,0,0,0,1,0
48,480439,3,3,0,0,0,3,3,93,0,11,2,2016,5,10,54,1,1,3,98,2,US-87,,124,31.91631944,-98.547230560000,0,12,11,0,1,1,0,1,1,10,0,10,0,0000000,99,99,99,99,99,99,14,0,0,1,0