STATE,ST_CASE,VE_TOTAL,VE_FORMS,PVH_INVL,PEDS,PERNOTMVIT,PERMVIT,PERSONS,COUNTY,CITY,DAY,MONTH,YEAR,DAY_WEEK,HOUR,MINUTE,NHS,RUR_URB,FUNC_SYS,RD_OWNER,ROUTE,TWAY_ID,TWAY_ID2,MILEPT,LATITUDE,LONGITUD,SP_JUR,HARM_EV,MAN_COLL,RELJCT1,RELJCT2,TYP_INT,WRK_ZONE,REL_ROAD,LGT_COND,WEATHER1,WEATHER2,WEATHER,SCH_BUS,RAIL,NOT_HOUR,NOT_MIN,ARR_HOUR,ARR_MIN,HOSP_HR,HOSP_MN,CF1,CF2,CF3,FATALS,DRUNK_DR
48,480440,2,2,0,0,0,3,3,113,1730,11,2,2016,5,11,15,1,2,1,1,7,I-20/LYNDON B JOHNSON FWY,SR-342/LANCASTER RD,187,32.64679444,-96.780797220000,0,12,6,1,2,2,0,1,1,1,0,1,0,0000000,99,99,99,99,99,99,0,0,0,2,0
48,480441,2,2,0,0,0,2,2,211,0,11,2,2016,5,8,35,1,1,3,98,2,US-60,,36,35.76293333,-100.484077780000,0,72,0,0,1,1,0,1,1,1,0,1,0,0000000,8,34,8,45,9,8,0,0,0,1,0
48,480442,2,2,0,0,0,2,2,201,3280,12,2,2016,6,23,57,1,2,1,1,1,I-610,,117,29.80431111,-95.284819440000,0,12,1,0,1,1,0,1,3,1,0,1,0,0000000,23,57,0,6,0,27,0,0,0,1,1
48,480443,2,2,0,0,0,2,2,215,4197,12,2,2016,6,9,42,1,2,3,98,8,FM1016 MILITARY HWY,,190,26.15033611,-98.249844440000,0,12,7,0,1,1,0,1,1,1,0,1,0,0000000,9,40,9,47,10,11,0,0,0,1,0
48,480444,2,2,0,0,0,2,2,305,0,12,2,2016,6,7,9,0,1,5,98,8,FM400,,16,33.37550556,-101.669416670000,0,12,2,0,1,1,0,1,4,1,0,1,0,0000000,7,10,7,32,8,17,0,0,0,1,0
48,480445,2,1,1,0,1,1,2,245,0,13,2,2016,7,5,52,1,1,1,1,1,I-10,,23,29.87943056,-94.332972220000,0,14,0,0,1,1,0,2,4,1,0,1,0,0000000,99,98,99,98,88,88,0,0,0,1,1
48,480446,2,2,0,0,0,3,3,453,0,13,2,2016,7,10,31,1,2,3,98,2,US-183,CR-MCKENZIE,323,30.14417778,-97.696700000000,0,12,6,0,2,3,0,1,1,1,0,1,0,0000000,10,30,10,38,11,8,0,0,0,1,0
48,480447,1,1,0,0,0,6,6,489,0,13,2,2016,7,21,30,1,1,1,1,1,I-69E/US-77,,267,26.50431389,-97.771233330000,0,1,0,0,1,1,0,4,3,1,0,1,0,0000000,21,38,21,39,22,22,0,0,0,2,0
48,480448,2,2,0,0,0,5,5,135,0,15,2,2016,2,7,35,0,8,98,98,4,CR-LONG AVE,,0,31.84811389,-102.520047220000,0,12,2,0,1,1,0,1,1,1,0,1,0,0000000,7,39,7,50,8,16,0,0,0,1,0
48,480449,2,2,0,0,0,3,3,487,0,15,2,2016,2,19,50,1,1,3,98,2,US-287,,307,34.07055833,-99.009086110000,0,12,1,0,1,1,0,1,9,1,0,1,0,0000000,20,3,20,34,21,3,0,0,0,1,0
48,480450,3,3,0,0,0,4,4,183,4080,16,2,2016,3,13,12,1,2,3,98,2,US-259 EASTMAN RD,,212,32.48540556,-94.707266670000,0,12,7,0,1,1,0,1,1,1,0,1,0,0000000,13,13,13,19,13,44,0,0,0,1,0
48,480451,3,3,0,0,0,4,4,215,0,16,2,2016,3,7,31,0,8,98,98,4,CR-MILE 16 NORTH RD,CR-MILE 14 WEST RD,0,26.28635000,-97.977280560000,0,12,6,0,2,2,0,1,1,5,0,5,0,0000000,99,99,99,99,99,99,0,0,0,1,0
48,480452,1,1,0,1,1,2,2,113,1730,17,2,2016,4,19,50,1,2,1,1,1,I-30/R L THORNTON FWY,,99,32.79408056,-96.699494440000,0,8,0,0,1,1,0,1,3,1,0,1,0,0000000,99,98,99,98,88,88,0,0,0,1,0
48,480453,1,1,0,0,0,1,1,93,0,18,2,2016,5,9,1,1,1,3,98,2,US-67,,126,31.91576111,-98.548050000000,0,42,0,0,1,1,0,4,2,1,0,1,0,0000000,99,98,99,98,88,88,0,0,0,1,0
48,480454,1,1,0,0,0,1,1,145,0,18,2,2016,5,19,41,0,1,4,98,2,US-77,,148,31.18381944,-97.028188890000,0,11,0,0,1,1,0,1,2,1,0,1,0,0000000,99,98,99,98,88,88,0,0,0,1,0
48,480455,3,3,0,0,0,3,3,201,0,18,2,2016,5,12,10,0,8,98,98,4,CR-FEDERAL RD,,0,29.73185000,-95.212288890000,0,12,2,0,1,1,0,1,3,1,0,1,0,0000000,12,18,12,46,13,24,0,0,0,1,0
48,480456,2,2,0,0,0,2,2,289,3939,18,2,2016,5,14,12,1,1,1,1,7,I-45,FM 977,41,31.14903889,-95.985238890000,0,12,6,1,2,2,0,1,1,1,0,1,0,0000000,14,17,14,25,15,24,0,0,0,1,0
48,480457,3,3,0,0,0,35,35,93,0,19,2,2016,6,7,50,0,1,4,98,3,SR-36,FM 1702,155,31.84450000,-98.337580560000,0,12,6,0,2,2,0,1,1,1,0,1,0,0000000,8,12,8,54,9,49,14,0,0,1,0
48,480458,3,3,0,0,0,8,8,209,3760,19,2,2016,6,1,10,1,2,1,1,1,I-35,,173,30.00286389,-97.866441670000,0,12,2,0,1,1,0,1,3,1,0,1,0,0000000,1,20,1,22,2,7,0,0,0,4,1
48,480459,1,1,0,0,0,1,1,481,2130,19,2,2016,6,16,55,1,2,3,98,2,US-59,,239,29.19026389,-96.245658330000,0,1,0,0,1,1,0,4,1,1,0,1,0,0000000,17,8,17,39,18,16,0,0,0,1,0
48,480460,2,2,0,0,0,2,2,13,0,20,2,2016,7,15,25,0,1,5,98,8,FM 476,,136,29.05498889,-98.603030560000,0,12,6,0,1,1,0,1,1,1,0,1,0,0000000,15,39,15,53,16,19,0,0,0,1,0
48,480461,2,2,0,0,0,2,2,113,1730,20,2,2016,7,13,5,1,2,3,98,8,SL-12 LEADBETTER DR,,79,32.69133889,-96.871050000000,0,12,1,0,8,1,0,1,1,1,0,1,0,0000000,99,99,99,99,99,99,0,0,0,1,0
48,480462,2,1,1,1,3,1,3,113,2590,20,2,2016,7,23,20,1,2,1,1,1,I-635 LBJ FWY,,102,32.84467500,-96.635191670000,0,14,0,0,1,1,0,2,3,1,0,1,0,0000000,99,99,99,99,88,88,23,0,0,1,1
48,480463,1,1,0,0,0,2,2,131,0,20,2,2016,7,1,55,1,1,3,98,3,SR-44,,224,27.76867778,-98.256480560000,0,1,0,0,1,1,0,4,2,1,0,1,0,0000000,99,98,99,98,88,88,0,0,0,1,0
48,480464,2,2,0,0,0,6,6,147,0,21,2,2016,1,5,12,0,1,5,98,8,FM 100,,157,33.73604444,-95.911583330000,0,12,2,0,1,1,0,1,2,1,0,1,0,0000000,5,19,5,44,6,18,0,0,0,1,0
48,480465,1,1,0,0,0,2,2,201,3280,21,2,2016,1,2,0,1,2,2,98,7,SL-8 SAM HOUSTON PKWY,,19,29.65006111,-95.546705560000,0,33,0,0,1,1,0,4,2,1,0,1,0,0000000,2,4,2,13,2,55,0,0,0,2,0
48,480466,1,1,0,0,0,2,2,201,3320,21,2,2016,1,19,15,1,2,1,1,1,I-69,,86,29.98322500,-95.276794440000,0,25,0,1,19,1,0,3,3,1,0,1,0,0000000,19,15,19,24,20,23,0,0,0,1,0
48,480467,2,2,0,0,0,3,3,215,0,21,2,2016,1,21,46,0,2,4,98,8,FM 2894,,30,26.27792500,-98.354402780000,0,30,0,0,1,1,0,4,2,1,0,1,0,0000000,99,99,99,99,99,99,14,0,0,1,0
48,480468,1,1,0,0,0,1,1,303,4140,21,2,2016,1,0,44,0,8,98,98,6,QUAKER AVE,,0,33.50808056,-101.904444440000,0,30,0,0,1,1,0,4,2,1,0,1,0,0000000,99,98,99,98,88,88,0,0,0,1,0
48,480470,1,1,0,1,1,5,5,355,1550,21,2,2016,1,0,36,1,2,2,98,3,SR-358,,86,27.71618611,-97.387577780000,0,8,0,1,18,1,0,1,3,1,0,1,0,0000000,0,36,0,43,0,53,0,0,0,1,0
48,480471,3,3,0,0,0,5,5,367,0,21,2,2016,1,17,25,1,1,3,98,3,SR-199,,39,32.97943056,-97.788122220000,0,12,6,0,1,1,0,1,1,2,0,2,0,0000000,17,13,17,23,18,27,0,0,0,2,0
48,480472,2,2,0,0,0,3,3,449,0,21,2,2016,1,10,37,1,1,3,98,2,US-271,,43,33.32830833,-95.094586110000,0,12,8,0,1,1,0,1,1,10,0,10,0,0000000,99,98,99,98,88,88,0,0,0,1,0
48,480473,1,1,0,0,0,1,1,407,0,21,2,2016,1,7,15,1,1,3,98,2,US-59,,95,30.45043333,-95.026608330000,0,32,0,0,1,1,1,4,1,1,0,1,0,0000000,7,34,7,59,8,40,0,0,0,1,0
48,480474,1,1,0,1,1,1,1,469,7190,21,2,2016,1,10,5,0,8,98,98,6,SAM HOUSTON DR,RED RIVER ST,0,28.81582222,-96.966627780000,0,8,0,0,3,3,0,1,1,10,0,10,0,0000000,99,99,99,99,99,99,0,0,0,1,0
48,480475,3,3,0,0,0,3,3,201,0,22,2,2016,2,6,37,1,2,3,98,8,FM529,,141,29.87940000,-95.623633330000,0,12,6,0,8,1,0,1,3,2,0,2,1,0000000,6,42,6,48,7,30,0,0,0,1,0
48,480476,2,2,0,1,1,2,2,473,0,22,2,2016,2,19,21,0,1,5,98,8,FM359,,263,29.85620556,-95.994830560000,0,8,0,0,1,1,0,1,2,10,0,10,0,0000000,99,98,99,98,88,88,0,0,0,1,0
48,480477,2,2,0,0,0,2,2,27,7031,23,2,2016,3,2,40,1,1,1,1,1,I-35,,311,31.20901944,-97.302236110000,0,25,0,0,1,1,1,3,2,2,0,2,0,0000000,2,42,3,3,4,0,0,0,0,1,0
48,480478,1,1,0,1,1,1,1,361,5100,23,2,2016,3,0,2,1,1,1,1,7,I-10,,213,30.12112778,-93.767477780000,0,9,0,1,18,1,0,1,2,1,0,1,0,0000000,99,99,99,99,99,99,0,0,0,1,0
48,480479,1,1,0,0,0,1,1,371,0,23,2,2016,3,8,0,1,1,3,98,2,US-285,,61,31.06121389,-103.168194440000,0,1,0,0,1,1,0,1,1,10,0,10,0,0000000,99,98,99,98,88,88,0,0,0,1,0
48,480480,1,1,0,0,0,1,1,439,0,22,2,2016,2,7,12,0,2,4,98,8,FM1220 MORRIS DIDO NEWARK RD,,12,32.91928611,-97.469630560000,0,38,0,0,1,1,0,5,2,2,0,2,0,0000000,99,98,99,98,88,88,0,0,0,1,0
48,480481,1,1,0,1,1,1,1,201,0,24,2,2016,4,5,35,0,8,98,98,4,CR-CROSBY EASTGATE RD,,0,29.96220000,-95.021222220000,0,9,0,0,1,1,0,1,2,1,0,1,0,0000000,99,98,99,98,88,88,0,0,0,1,0
48,480482,2,2,0,0,0,3,3,423,0,24,2,2016,4,17,0,0,8,98,98,6,SL49TOLL,,0,32.31510556,-95.417197220000,0,12,2,0,1,1,0,1,1,1,0,1,0,0000000,99,99,99,99,99,99,0,0,0,2,2
48,480483,1,1,0,0,0,2,2,85,4230,25,2,2016,5,21,18,1,2,2,98,7,US-75 CENTRAL EXPY,,129,33.22648333,-96.633186110000,0,33,0,0,1,1,1,4,3,1,0,1,0,0000000,99,99,99,99,99,99,0,0,0,1,1
48,480484,1,1,0,0,0,1,1,113,1730,25,2,2016,5,0,12,1,2,1,1,1,I-30/US-67 RL THORNTON FWY,,99,32.79452778,-96.699866670000,0,30,0,1,19,1,0,4,3,1,0,1,0,0000000,99,98,99,98,88,88,20,0,0,1,0
48,480485,1,1,0,1,1,1,1,201,5230,25,2,2016,5,16,46,0,8,98,98,6,ALLENDALE RD,ALLEN GENOA RD,0,29.68329444,-95.229450000000,0,8,0,0,3,4,0,1,1,1,0,1,0,0000000,16,48,16,55,17,46,0,0,0,1,0
48,480486,1,1,0,0,0,1,1,213,0,25,2,2016,5,19,40,0,2,3,98,8,SL7 DEWITT C GREER LP,,321,32.16821389,-95.843247220000,0,52,0,0,1,1,0,4,2,1,0,1,0,0000000,99,98,99,98,88,88,0,0,0,1,0
48,480487,1,1,0,0,0,2,2,25,0,26,2,2016,6,12,34,1,1,3,98,2,US-181,,389,28.17005556,-97.599247220000,0,1,0,0,1,1,0,4,1,1,0,1,0,0000000,99,99,99,99,99,99,0,0,0,1,0
48,480488,1,1,0,1,1,2,2,121,1840,26,2,2016,6,19,23,0,1,4,98,8,FM2181,,43,33.14190833,-97.105191670000,0,8,0,0,1,1,0,1,3,1,0,1,0,0000000,19,25,19,28,19,43,0,0,0,1,0
48,480489,3,3,0,0,0,3,3,201,0,26,2,2016,6,6,0,0,8,98,98,4,CR-LOUETTA,,0,30.00938056,-95.544986110000,0,12,2,0,1,1,0,1,3,1,0,1,0,0000000,6,5,6,14,7,7,0,0,0,1,0
48,480490,2,2,0,0,0,4,4,201,0,26,2,2016,6,14,21,1,2,2,98,7,SL8 SAM HOUSTON PKWY,CR-ANTOINE DR,16,29.93775833,-95.483150000000,0,12,6,1,2,2,0,1,1,1,0,1,0,0000000,14,30,14,47,15,20,0,0,0,2,0
48,480491,1,1,0,1,1,2,2,201,5230,26,2,2016,6,21,9,0,8,98,98,6,RED BLUFF RD,JANA LN,0,29.67704722,-95.143066670000,0,8,0,0,3,2,0,1,2,1,0,1,0,0000000,99,98,99,98,88,88,0,0,0,1,0
48,480492,1,1,0,0,0,1,1,113,1730,27,2,2016,7,21,0,0,8,98,98,6,MILITARY PKWY,,0,32.76825833,-96.673236110000,0,35,0,0,1,1,0,4,3,1,0,1,0,0000000,99,99,99,99,99,99,0,0,0,1,1
48,480493,1,1,0,1,1,1,1,141,2190,27,2,2016,7,15,10,1,2,3,98,8,FM2529 MCCOMBS ST,EDINBURG DR,70,31.91531667,-106.407044440000,0,8,0,0,3,3,0,1,1,1,0,1,0,0000000,15,11,15,14,15,34,0,0,0,1,1
48,480494,1,1,0,0,0,1,1,201,3280,27,2,2016,7,0,20,1,2,1,1,1,I-610RAMP,,84,29.80962778,-95.334794440000,0,26,0,1,5,1,0,4,3,1,0,1,0,0000000,99,98,99,98,88,88,0,0,0,1,1
48,480495,1,1,0,1,1,1,1,201,3280,27,2,2016,7,20,38,0,8,98,98,6,VAN FLEET ST,,0,29.67390556,-95.334600000000,0,8,0,0,1,1,0,1,3,1,0,1,0,0000000,20,38,20,45,21,7,0,0,0,1,0
48,480496,1,1,0,1,1,2,2,201,3280,27,2,2016,7,23,50,1,2,1,1,1,I-610RAMP,,98,29.67923611,-95.433722220000,0,8,0,0,20,1,0,1,2,1,0,1,0,0000000,99,98,99,98,88,88,0,0,0,1,1
48,480497,2,2,0,1,1,3,3,379,5419,27,2,2016,7,16,13,1,1,3,98,2,US-69,,51,32.92483333,-95.864622220000,0,9,0,0,1,1,0,1,1,1,0,1,0,0000000,99,98,99,98,88,88,0,0,0,1,0
48,480498,2,2,0,0,0,5,5,29,6090,28,2,2016,1,21,48,1,2,1,1,7,I-35,FM1976 WALZEM RD,326,29.51028056,-98.397200000000,0,12,2,1,2,2,0,1,3,1,0,1,0,0000000,99,99,99,99,99,99,0,0,0,2,1
48,480499,1,1,0,1,1,1,1,61,940,28,2,2016,1,23,1,1,2,3,98,8,FM3248 ALTON GLOOR BLVD,,40,25.97796944,-97.519788890000,0,8,0,1,18,1,0,1,3,1,0,1,0,0000000,99,98,99,98,88,88,0,0,0,1,0
48,480500,1,1,0,1,1,1,1,181,6350,28,2,2016,1,21,23,0,2,4,98,8,FM1417 HERITAGE PKWY,TAYLOR ST,38,33.65125833,-96.641950000000,0,8,0,0,2,2,0,1,2,1,0,1,0,0000000,99,98,99,98,88,88,0,0,0,1,0
48,480501,1,1,0,0,0,2,2,201,3280,28,2,2016,1,2,37,0,8,98,98,6,BISSONNET ST,,0,29.69599722,-95.490569440000,0,33,0,0,1,1,0,3,3,1,0,1,0,0000000,2,38,2,42,3,2,0,0,0,1,1
48,480502,1,1,0,0,0,4,4,161,0,29,2,2016,2,14,43,1,1,1,1,1,I-45,,95,31.60475000,-96.155980560000,0,1,0,0,1,1,0,1,1,1,0,1,0,0000000,14,40,14,52,15,14,0,0,0,1,0
48,480503,3,2,1,0,0,2,2,375,150,29,2,2016,2,10,35,0,8,98,98,6,12TH AVE,ADAMS ST,0,35.22616389,-101.844527780000,0,12,6,0,2,2,0,1,1,1,0,1,0,0000000,99,98,99,98,88,88,0,0,0,1,0
48,480504,2,2,0,0,0,2,2,135,0,31,1,2016,1,12,27,0,2,4,98,8,FM 2020/UNIVERSITY,CR-FLAMINGO AVE,35,31.83976111,-102.505788890000,0,12,6,0,2,2,0,1,1,1,0,1,0,0000000,12,27,12,37,12,59,0,0,0,1,0
48,480505,2,2,0,1,1,3,3,135,0,14,2,2016,1,2,33,1,2,3,98,2,US-385,,47,31.77683889,-102.368900000000,0,12,1,0,1,1,0,1,2,1,0,1,0,0000000,99,98,99,98,88,88,23,0,0,1,0
48,480506,1,1,0,0,0,11,11,479,0,18,2,2016,5,4,44,1,1,3,98,2,US-59/LLOYD BENTSEN HWY,,161,27.69566111,-99.037419440000,0,43,0,0,1,1,0,4,2,1,0,1,0,0000000,99,99,99,99,99,99,0,0,0,4,0
48,480507,1,1,0,0,0,1,1,471,0,19,2,2016,6,15,45,0,1,5,98,8,FM 405,,45,30.77135000,-95.394388890000,0,42,0,0,1,1,0,4,1,10,0,10,0,0000000,99,98,99,98,88,88,0,0,0,1,0
48,480508,2,2,0,0,0,6,6,339,0,21,2,2016,1,18,30,0,1,5,98,8,FM 1484,,66,30.39476111,-95.399680560000,0,12,6,0,1,1,0,1,1,1,0,1,0,0000000,99,99,99,99,99,99,0,0,0,1,0
48,480509,3,3,0,0,0,5,5,113,1730,25,2,2016,5,1,44,1,2,1,1,1,I-45/JULIUS SCHEPPS FWY,,174,32.72853889,-96.763227780000,0,12,1,0,1,1,0,1,2,1,0,1,0,0000000,99,99,99,99,99,99,0,0,0,1,0
48,480510,1,1,0,0,0,1,1,343,0,25,2,2016,5,1,26,0,1,4,98,2,US-259,,62,33.21723889,-94.744938890000,0,42,0,0,1,1,0,4,2,1,0,1,0,0000000,99,98,99,98,88,88,0,0,0,1,0
48,480511,2,2,0,0,0,2,2,439,502,25,2,2016,5,23,18,1,2,2,98,3,SR-183,,168,32.83895833,-97.150694440000,0,12,6,0,1,1,0,1,3,1,0,1,0,0000000,23,19,23,21,0,18,0,0,0,1,0
48,480512,1,1,0,1,1,1,1,135,5030,26,2,2016,6,11,19,0,2,4,98,8,FM 1882/WEST COUNTRY RD,,0,31.86651389,-102.397594440000,0,8,0,0,8,1,0,11,1,1,0,1,0,0000000,11,20,11,27,11,47,0,0,0,1,0
48,480513,1,1,0,0,0,1,1,423,0,26,2,2016,6,19,30,0,1,5,98,8,FM 344,,38,32.14635000,-95.425550000000,0,1,0,0,1,1,0,4,2,1,0,1,0,0000000,99,98,99,98,88,88,0,0,0,1,1
48,480514,2,2,0,0,0,3,3,453,330,26,2,2016,6,9,47,1,2,3,98,8,FM 2222,,20,30.39162778,-97.830480560000,0,12,1,0,1,1,0,1,1,1,0,1,0,0000000,9,54,10,7,10,59,0,0,0,1,0
48,480515,2,2,0,0,0,5,5,135,0,27,2,2016,7,20,38,1,2,3,98,2,US-385,CR-100TH ST,146,31.95548889,-102.408155560000,0,12,6,0,2,2,0,1,2,1,0,1,0,0000000,20,34,20,42,20,57,0,0,0,1,1
48,480516,1,1,0,0,0,1,1,215,0,28,2,2016,1,22,45,0,8,98,98,4,CR-SIOUX RD,CR-GOLIE RD,0,26.20551944,-98.057377780000,0,34,0,0,3,3,0,4,2,1,0,1,0,0000000,99,98,99,98,88,88,0,0,0,1,0
48,480517,1,1,0,0,0,1,1,145,0,29,2,2016,2,5,42,0,1,5,98,3,SR-320,,22,31.26040000,-96.992261110000,0,1,0,0,1,1,0,1,2,10,0,10,0,0000000,99,98,99,98,88,88,0,0,0,1,1
48,480518,2,2,0,0,0,3,3,367,0,29,2,2016,2,12,5,0,2,4,98,3,SR-171,,44,32.71168056,-97.778550000000,0,12,2,0,1,1,0,1,1,1,0,1,0,0000000,99,98,99,98,88,88,0,0,0,2,0
48,480519,4,4,0,0,0,4,4,15,0,1,3,2016,3,12,48,1,1,1,1,1,I-10,,2,29.77115833,-96.036961110000,0,12,6,0,1,1,0,1,1,1,0,1,0,0000000,12,48,12,55,13,42,0,0,0,1,0
48,480520,1,1,0,1,1,1,1,91,0,1,3,2016,3,12,26,0,8,98,98,4,CR-KUEGER CANYON DR,,0,29.67281944,-98.199061110000,0,9,0,0,1,1,0,1,1,1,0,1,0,0000000,12,45,12,51,13,25,0,0,0,1,0
48,480521,1,1,0,0,0,1,1,113,1730,1,3,2016,3,12,23,1,2,1,1,1,I-20 LBJ FWY,,104,32.65420000,-96.877422220000,0,21,0,1,19,1,0,4,1,1,0,1,0,0000000,99,99,99,99,99,99,0,0,0,1,0
48,480522,2,2,0,0,0,3,3,113,1730,1,3,2016,3,16,25,0,8,98,98,6,CAMP WISDOM RD,CHAUCER PL,0,32.66206944,-96.867866670000,0,1,0,0,2,3,0,1,1,1,0,1,0,0000000,99,99,99,99,99,99,0,0,0,1,0
48,480523,2,2,0,1,1,1,1,121,0,1,3,2016,3,20,43,1,2,1,1,1,I-35E/US-77,,108,33.10200278,-97.027636110000,0,12,1,0,1,1,1,1,2,1,0,1,0,0000000,20,46,21,1,99,99,23,0,0,1,0
48,480524,2,2,0,0,0,5,5,479,0,1,3,2016,3,12,18,1,1,3,98,2,US-59 LLOYD BENTSON HWY,,332,27.58840278,-99.289897220000,0,12,2,0,1,1,0,2,1,1,0,1,0,0000000,99,98,99,98,88,88,0,0,0,4,0
48,480525,2,2,0,0,0,4,4,29,6090,2,3,2016,4,19,59,1,2,3,98,8,SL13 WW WHITE RD,,93,29.42668056,-98.405433330000,0,12,6,0,8,1,0,1,3,1,0,1,0,0000000,99,99,99,99,99,99,0,0,0,1,0
48,480526,2,2,0,0,0,2,2,89,0,2,3,2016,4,12,24,1,1,1,1,1,I-10,,127,29.69202500,-96.640400000000,0,57,0,0,1,1,0,3,1,1,0,1,0,0000000,99,99,99,99,99,99,0,0,0,1,0
48,480527,1,1,0,1,1,1,1,141,2190,2,3,2016,4,3,25,1,2,2,98,2,US-54,,116,31.85880000,-106.440633330000,0,8,0,0,1,1,0,1,3,1,0,1,0,0000000,99,98,99,98,88,88,19,0,0,1,0
48,480528,1,1,0,1,1,1,1,141,2190,2,3,2016,4,22,7,1,2,3,98,2,US-85/SR-62 PAISANO,,41,31.76470833,-106.509666670000,0,8,0,0,1,1,0,1,2,1,0,1,0,0000000,99,98,99,98,88,88,0,0,0,1,0
48,480529,1,1,0,0,0,1,1,185,0,2,3,2016,4,23,5,0,8,98,98,4,CR-418 INDUSTRIAL DR,,0,30.36660833,-96.084230560000,0,58,0,0,1,1,0,4,3,1,0,1,0,9999999,99,98,99,98,88,88,0,0,0,1,0
48,480530,2,2,0,0,0,2,2,225,0,2,3,2016,4,7,34,1,1,3,98,3,SR-7,,49,31.32341111,-95.376741670000,0,12,1,0,8,1,0,1,1,1,0,1,0,0000000,99,98,99,98,88,88,0,0,0,1,0
48,480531,2,2,0,0,0,2,2,251,1030,2,3,2016,4,19,44,1,1,1,1,1,I-35 W,,151,32.45831667,-97.262030560000,0,12,1,0,1,1,1,1,2,1,0,1,0,0000000,19,46,19,56,20,28,0,0,0,1,0
48,480532,1,1,0,0,0,1,1,451,0,2,3,2016,4,0,0,0,1,5,98,8,FM 1692,US-67,0,31.55225278,-100.293933330000,0,38,0,0,3,2,0,4,2,1,0,1,0,0000000,99,98,99,98,88,88,0,0,0,1,1
48,480533,1,1,0,1,1,1,1,473,3580,2,3,2016,4,4,33,1,1,1,1,1,I-10,,95,29.77724722,-95.884541670000,0,8,0,0,1,1,0,1,2,1,0,1,0,0000000,99,98,99,98,88,88,0,0,0,1,0
48,480534,1,1,0,1,1,1,1,113,1240,3,3,2016,5,22,10,1,2,2,98,2,US-67,,158,32.58540833,-96.950730560000,0,8,0,0,1,1,0,1,2,1,0,1,0,0000000,99,98,99,98,88,88,23,0,0,1,0
48,480535,2,2,0,0,0,3,3,141,0,3,3,2016,5,11,15,1,2,3,98,3,SR-20 DONIPHAN DR,,19,31.97245556,-106.604477780000,0,12,2,0,1,1,0,1,1,1,0,1,0,0000000,11,24,11,51,12,24,0,0,0,1,0
48,480536,2,2,0,0,0,2,2,157,4655,3,3,2016,5,6,17,1,2,2,98,2,US-90 A,,331,29.61870833,-95.537950000000,0,12,6,1,18,1,0,1,2,1,0,1,0,0000000,6,15,6,22,6,52,0,0,0,1,0
48,480537,1,1,0,0,0,2,2,179,5190,3,3,2016,5,23,29,0,8,98,98,6,STARKWEATHER ST,,0,35.53654722,-100.955791670000,0,10,0,0,6,1,0,1,3,1,0,1,0,014543G,99,99,99,99,99,99,0,0,0,2,0
48,480538,2,2,0,0,0,2,2,201,0,3,3,2016,5,20,45,0,8,98,98,4,CR-C E KING PKWY,,0,29.87804722,-95.208383330000,0,12,2,0,1,1,0,1,2,1,0,1,0,0000000,99,99,99,99,99,99,0,0,0,1,0
48,480539,3,3,0,0,0,7,7,21,0,4,3,2016,6,14,1,1,1,3,98,2,US-290,FM 2336,117,30.27932778,-97.242280560000,0,12,2,0,2,2,0,1,1,1,0,1,0,0000000,99,99,99,99,99,99,0,0,0,4,0
48,480540,1,1,0,0,0,1,1,29,0,4,3,2016,6,22,56,1,1,3,98,2,US-181,,151,29.27448611,-98.320655560000,0,30,0,0,1,1,0,4,2,1,0,1,0,0000000,23,8,23,29,23,47,0,0,0,1,0
48,480541,2,2,0,0,0,5,5,71,0,4,3,2016,6,18,49,0,1,5,98,8,FM 1942,,87,29.84768333,-94.958233330000,1,12,2,0,1,1,0,1,2,1,0,1,0,0000000,18,58,19,7,19,48,0,0,0,1,0
48,480542,2,2,0,0,0,2,2,93,0,4,3,2016,6,9,35,1,1,3,98,3,SR-6,,155,32.09165000,-98.443613890000,0,12,6,0,1,1,0,1,1,1,0,1,0,0000000,9,44,10,18,11,21,0,0,0,1,0
48,480543,1,1,0,2,2,1,1,181,6350,4,3,2016,6,20,49,0,2,4,98,8,FM 1417,,36,33.65363611,-96.642280560000,0,8,0,0,1,1,0,1,2,1,0,1,0,0000000,99,98,99,98,88,88,0,0,0,1,1
48,480544,2,2,0,0,0,4,4,199,0,4,3,2016,6,22,45,0,1,4,98,3,SR-327,,29,30.34445833,-94.250791670000,0,12,2,0,1,1,0,1,2,1,0,1,0,0000000,99,99,99,99,99,99,0,0,0,1,1
48,480545,2,2,0,0,0,2,2,201,0,4,3,2016,6,4,40,0,8,98,98,4,CR-ATASCOCITA RD,,0,29.99410278,-95.175725000000,0,12,6,0,1,1,0,1,3,1,0,1,0,0000000,4,41,4,49,5,47,0,0,0,1,1
48,480546,1,1,0,0,0,1,1,201,0,4,3,2016,6,20,9,0,8,98,98,4,CR-POSTWOOD GLEN LN,,0,30.04990556,-95.350730560000,0,19,0,0,1,1,0,5,2,1,0,1,0,0000000,20,15,20,39,21,10,0,0,0,1,0
48,480547,1,1,0,1,1,1,1,215,4197,4,3,2016,6,20,43,1,2,3,98,3,SR-336 10TH ST,,37,26.25234722,-98.221697220000,0,8,0,0,1,1,0,1,3,1,0,1,0,0000000,20,43,20,49,21,0,0,0,0,1,0