STATE,ST_CASE,VE_TOTAL,VE_FORMS,PVH_INVL,PEDS,PERNOTMVIT,PERMVIT,PERSONS,COUNTY,CITY,DAY,MONTH,YEAR,DAY_WEEK,HOUR,MINUTE,NHS,RUR_URB,FUNC_SYS,RD_OWNER,ROUTE,TWAY_ID,TWAY_ID2,MILEPT,LATITUDE,LONGITUD,SP_JUR,HARM_EV,MAN_COLL,RELJCT1,RELJCT2,TYP_INT,WRK_ZONE,REL_ROAD,LGT_COND,WEATHER1,WEATHER2,WEATHER,SCH_BUS,RAIL,NOT_HOUR,NOT_MIN,ARR_HOUR,ARR_MIN,HOSP_HR,HOSP_MN,CF1,CF2,CF3,FATALS,DRUNK_DR
48,480548,2,2,0,0,0,2,2,325,0,4,3,2016,6,20,30,0,1,5,98,8,FM 1957,,46,29.43117778,-98.813266670000,0,12,2,0,1,1,0,1,1,1,0,1,0,0000000,99,98,99,98,88,88,0,0,0,1,0
48,480549,1,1,0,1,1,2,2,113,1730,5,3,2016,7,2,25,1,2,3,98,3,SR-183 JOHN CARPENTER FWY,,101,32.82467222,-96.881502780000,0,8,0,0,1,1,0,1,2,1,0,1,0,0000000,99,98,99,98,88,88,0,0,0,1,0
48,480550,2,2,0,0,0,4,4,113,2590,5,3,2016,7,1,4,0,8,98,98,6,LAWLER RD,YALE DR,0,32.92392778,-96.692594440000,0,12,6,0,2,2,0,1,3,1,0,1,0,0000000,1,9,1,15,1,33,0,0,0,2,1
48,480551,1,1,0,0,0,1,1,149,0,5,3,2016,7,13,23,0,1,4,98,2,US-77,,179,29.84874722,-96.906877780000,0,42,0,0,1,1,0,4,1,1,0,1,0,0000000,99,99,99,99,88,88,0,0,0,1,0
48,480552,2,2,0,0,0,2,2,245,490,5,3,2016,7,15,24,1,2,3,98,2,US-90 COLLEGE ST,,31,30.06812778,-94.138797220000,0,12,2,0,1,1,0,11,1,1,0,1,0,0000000,15,26,15,28,15,38,0,0,0,1,0
48,480553,2,2,0,0,0,5,5,477,0,5,3,2016,7,21,17,0,1,5,98,8,FM 389,,76,30.12708889,-96.478088890000,0,12,6,0,1,1,0,1,2,1,0,1,0,0000000,99,99,99,99,88,88,0,0,0,1,1
48,480554,1,1,0,1,1,5,5,29,6090,6,3,2016,1,0,15,1,2,3,98,8,SL-13 MILITARY DR,,50,29.35403056,-98.477138890000,0,8,0,0,1,1,0,1,3,1,0,1,0,0000000,99,99,99,99,88,88,0,0,0,1,0
48,480555,1,1,0,1,1,1,1,29,6090,6,3,2016,1,3,39,0,8,98,98,6,ZARZAMORA,,0,29.37090556,-98.534044440000,0,8,0,0,1,1,0,1,3,1,0,1,0,0000000,99,99,99,99,88,88,0,0,0,1,0
48,480556,1,1,0,1,1,1,1,41,0,6,3,2016,1,22,50,0,1,4,98,8,FM 60,,16,30.56927778,-96.404402780000,0,8,0,0,1,1,0,1,2,1,0,1,0,0000000,99,98,99,98,88,88,0,0,0,1,0
48,480557,1,1,0,0,0,2,2,61,940,6,3,2016,1,2,30,0,8,98,98,6,OLD PORT ISABEL RD,,0,25.94204444,-97.469186110000,0,38,0,0,1,1,0,5,3,1,0,1,0,0000000,2,33,2,42,2,56,20,0,0,1,1
48,480558,1,1,0,1,1,2,2,113,1730,6,3,2016,1,22,35,0,8,98,98,6,POLK ST,LEGENDARY LN,0,32.69976667,-96.839972220000,0,8,0,0,3,3,0,1,3,1,0,1,0,0000000,99,99,99,99,88,88,0,0,0,1,0
48,480559,1,1,0,0,0,1,1,149,0,6,3,2016,1,1,7,0,1,6,98,8,FM 2503,,25,29.87265833,-96.665747220000,0,32,0,0,1,1,0,4,2,1,0,1,0,0000000,99,98,99,98,88,88,0,0,0,1,1
48,480560,1,1,0,0,0,1,1,201,3280,6,3,2016,1,20,30,1,2,1,1,7,I-45,,385,29.96252778,-95.418950000000,0,33,0,0,1,1,0,10,2,1,0,1,0,0000000,99,98,99,98,88,88,0,0,0,1,0
48,480561,1,1,0,0,0,1,1,309,0,6,3,2016,1,20,10,1,1,1,1,1,I-35,,96,31.82750000,-97.094600000000,0,59,0,0,1,1,0,4,3,1,0,1,0,0000000,99,99,99,99,99,99,0,0,0,1,1
48,480562,1,1,0,0,0,1,1,375,150,6,3,2016,1,1,4,0,8,98,98,6,15TH AVE,,0,35.22936389,-101.812305560000,0,33,0,0,1,1,0,4,2,1,0,1,0,0000000,1,5,1,9,1,34,0,0,0,1,1
48,480563,2,2,0,0,0,3,3,53,0,7,3,2016,2,12,10,1,1,3,98,2,US-281 AMERICAN LEGION MEM HWY,,269,30.65863611,-98.256252780000,0,12,6,0,8,1,0,1,1,10,0,10,0,0000000,12,13,12,26,13,42,0,0,0,1,0
48,480564,2,2,0,0,0,2,2,113,3420,7,3,2016,2,6,17,1,2,2,98,7,SR-161,WALNUT HILL LN,128,32.86603611,-97.003763890000,0,12,2,1,2,2,0,1,3,1,0,1,0,0000000,6,18,6,24,6,50,0,0,0,1,0
48,480565,1,1,0,0,0,1,1,201,3280,7,3,2016,2,23,29,1,2,3,98,8,US90 WAYSIDE DR,,207,29.76050833,-95.294494440000,0,33,0,0,1,1,0,3,2,10,0,10,0,0000000,99,98,99,98,88,88,0,0,0,1,1
48,480566,2,2,0,0,0,2,2,381,150,7,3,2016,2,21,24,1,2,3,98,8,SL335 SONCY RD,BUCCOLA AVE,32,35.14067778,-101.938150000000,0,12,6,0,2,3,0,1,2,1,0,1,0,0000000,99,98,99,98,88,88,0,0,0,1,0
48,480567,1,1,0,0,0,1,1,141,2190,8,3,2016,3,9,29,0,8,98,98,6,REDD RD,,0,31.86385000,-106.569452780000,0,43,0,0,1,1,0,4,1,10,0,10,0,0000000,9,34,9,46,10,2,0,0,0,1,1
48,480568,1,1,0,0,0,2,2,201,3280,8,3,2016,3,4,7,0,8,98,98,6,WAYSIDE,,0,29.82510000,-95.284447220000,0,33,0,0,1,1,0,3,3,10,0,10,0,0000000,4,12,4,15,4,56,0,0,0,1,1
48,480569,3,3,0,0,0,4,4,453,330,8,3,2016,3,10,48,1,2,3,98,8,RM2222 NORTHLAND DR,SL1 MOPAC,88,30.33682222,-97.755911110000,0,12,6,1,2,2,0,1,1,10,0,10,0,0000000,10,48,10,55,11,11,0,0,0,1,0
48,480570,1,1,0,0,0,2,2,113,1730,9,3,2016,4,15,40,0,8,98,98,6,WESTMORELAND RD,,0,32.75870000,-96.874088890000,0,30,0,0,1,1,0,4,1,2,0,2,0,0000000,99,99,99,99,99,99,0,0,0,1,0
48,480571,2,2,0,0,0,2,2,201,480,9,3,2016,4,6,52,1,2,2,98,8,BS146E,,60,29.71360000,-94.982572220000,0,12,6,0,1,1,0,1,4,2,0,2,0,0000000,6,54,6,59,7,23,0,0,0,1,0
48,480572,2,1,1,0,0,1,1,215,2110,9,3,2016,4,18,2,1,2,1,1,1,I-69C,,316,26.35230278,-98.147775000000,0,25,0,0,1,1,0,3,3,2,0,2,0,0000000,99,99,99,99,99,99,0,0,0,1,0
48,480573,2,2,0,0,0,2,2,339,1510,9,3,2016,4,5,8,1,2,1,1,1,I-45,,123,30.28565556,-95.461205560000,0,12,6,0,1,1,0,1,3,2,0,2,0,0000000,99,98,99,98,88,88,0,0,0,1,0
48,480574,2,2,0,0,0,2,2,375,0,9,3,2016,4,5,40,1,2,3,98,2,US-60,,194,35.24576389,-101.672025000000,0,12,1,0,1,1,0,1,2,10,0,10,0,0000000,5,49,6,2,6,34,0,0,0,1,0
48,480575,2,1,1,1,2,1,2,29,0,10,3,2016,5,14,17,0,8,98,98,4,CR-BABCOCK RD,,0,29.63043333,-98.653727780000,0,8,0,0,1,1,0,1,1,2,0,2,0,0000000,99,99,99,99,99,99,19,0,0,1,0
48,480576,2,2,0,0,0,2,2,183,0,10,3,2016,5,6,49,0,1,4,98,3,SR-149,,0,32.38917222,-94.665297220000,0,12,6,0,1,1,0,1,1,2,0,2,0,0000000,99,99,99,99,99,99,0,0,0,1,0
48,480577,1,1,0,0,0,1,1,201,3280,10,3,2016,5,20,39,1,2,3,98,8,UA90 OLD SPANISH TRL,,150,29.70845000,-95.338027780000,0,42,0,0,1,1,0,4,3,10,0,10,0,0000000,20,35,20,38,21,3,0,0,0,1,0
48,480578,2,2,0,0,0,3,3,231,0,10,3,2016,5,11,54,0,1,4,98,3,SR-34,,97,32.99260278,-96.108063890000,0,12,2,0,1,1,0,1,1,10,0,10,0,0000000,99,99,99,99,99,99,0,0,0,2,1
48,480579,2,2,0,0,0,3,3,241,0,10,3,2016,5,8,36,0,1,4,98,3,SR-63,,55,31.02611111,-94.168083330000,0,12,6,0,1,1,0,1,1,2,0,2,0,0000000,99,99,99,99,99,99,0,0,0,2,0
48,480580,1,1,0,0,0,1,1,419,0,10,3,2016,5,20,21,0,1,5,98,8,FM699,,45,31.94533611,-94.161766670000,0,42,0,0,1,1,0,4,2,10,0,10,0,0000000,99,99,99,99,99,99,0,0,0,1,0
48,480581,1,1,0,1,1,1,1,29,6090,11,3,2016,6,19,33,1,2,3,98,8,SL368 AUSTIN HWY,,111,29.51048611,-98.407472220000,0,8,0,0,1,1,0,1,3,2,0,2,0,0000000,99,99,99,99,99,99,0,0,0,1,0
48,480582,1,1,0,1,1,1,1,453,330,11,3,2016,6,5,12,1,2,1,1,7,I-35,,180,30.27060833,-97.732372220000,0,8,0,1,18,1,0,1,2,2,0,2,0,0000000,99,98,99,98,88,88,0,0,0,1,0
48,480583,1,1,0,0,0,1,1,85,1730,12,3,2016,7,1,30,0,8,98,98,6,MIDWAY RD,,0,32.98878611,-96.842611110000,0,30,0,0,1,1,0,3,3,10,0,10,0,0000000,99,98,99,98,88,88,0,0,0,1,1
48,480584,1,1,0,1,1,1,1,113,1730,12,3,2016,7,19,56,0,8,98,98,6,HOLCOMB RD,,0,32.73566111,-96.674288890000,0,8,0,0,1,1,0,1,3,1,0,1,0,0000000,99,98,99,98,88,88,0,0,0,1,0
48,480585,1,1,0,1,1,2,2,141,2190,12,3,2016,7,3,15,1,2,2,98,8,SL375,,244,31.81958333,-106.272447220000,0,8,0,0,20,1,0,1,2,1,0,1,0,0000000,99,98,99,98,88,88,0,0,0,1,0
48,480586,1,1,0,0,0,2,2,201,3280,12,3,2016,7,5,58,1,2,1,1,7,I-10,,95,29.78519444,-95.658258330000,0,30,0,0,1,1,0,10,4,10,0,10,0,0000000,5,58,6,16,6,49,0,0,0,1,1
48,480587,1,1,0,0,0,2,2,441,30,12,3,2016,7,19,25,1,2,1,1,1,I-20,,102,32.48115556,-99.775441670000,0,52,0,1,19,1,0,3,3,1,0,1,0,0000000,99,99,99,99,99,99,0,0,0,1,0
48,480588,2,2,0,0,0,3,3,245,5430,13,3,2016,1,3,22,1,2,3,98,2,US-69 MEMORIAL BLVD,,163,29.92768333,-93.968225000000,0,12,2,0,1,1,0,1,2,1,0,1,0,0000000,99,99,99,99,99,99,0,0,0,1,1
48,480589,1,1,0,0,0,2,2,15,0,14,3,2016,2,11,31,1,1,1,1,1,I-10,,140,29.77356944,-96.072788890000,0,24,0,0,1,1,0,4,1,1,0,1,0,0000000,11,31,11,40,12,30,0,0,0,1,0
48,480590,2,2,0,0,0,3,3,303,4140,14,3,2016,2,18,29,1,2,3,98,2,US-84 AVE Q,,37,33.54819722,-101.855155560000,0,12,6,0,8,1,0,1,1,1,0,1,0,0000000,18,30,18,35,18,50,0,0,0,1,0
48,480592,1,1,0,0,0,1,1,245,5430,15,3,2016,3,19,44,0,2,5,98,3,SR-82/MLK BLVD,,84,29.77832500,-93.939500000000,0,31,0,0,1,1,0,4,5,10,0,10,0,0000000,99,98,99,98,88,88,26,0,0,1,0
48,480593,2,2,0,0,0,2,2,367,0,15,3,2016,3,14,20,0,1,5,98,3,SR-171/CLEBURNE HWY,,140,32.60793056,-97.687238890000,0,12,2,0,1,1,0,1,1,1,0,1,0,0000000,99,99,99,99,99,99,0,0,0,1,0
48,480594,1,1,0,0,0,3,3,201,3320,20,1,2016,4,23,22,0,8,98,98,6,WILSON RD,,0,29.96681111,-95.248163890000,0,32,0,0,1,1,0,4,3,10,0,10,0,0000000,23,22,23,30,0,2,0,0,0,1,0
48,480595,1,1,0,0,0,1,1,479,3899,31,1,2016,1,3,33,1,2,1,1,1,I-35,,53,27.57090833,-99.502700000000,0,1,0,1,20,1,0,1,3,1,0,1,0,0000000,99,98,99,98,88,88,0,0,0,1,1
48,480596,2,2,0,0,0,1,1,201,3280,17,2,2016,4,20,40,1,2,1,1,1,I-610/EAST LP N,,31,29.75608333,-95.265269440000,0,12,1,0,1,1,0,1,2,1,0,1,0,0000000,99,98,99,98,88,88,23,0,0,1,0
48,480597,2,2,0,0,0,3,3,479,3899,25,2,2016,5,9,57,0,2,3,98,8,BU-59/SANDERS ST/LLOYD BENTSEY,SPRINGFIELD,447,27.53059444,-99.492680560000,0,12,6,0,2,2,0,1,1,1,0,1,0,0000000,9,57,10,9,10,24,0,0,0,1,0
48,480598,2,2,0,0,0,2,2,29,6090,26,2,2016,6,23,52,0,8,98,98,6,RECTOR,,0,29.51689444,-98.491852780000,0,12,6,0,8,1,0,1,3,1,0,1,0,0000000,99,99,99,99,99,99,0,0,0,1,1
48,480599,1,1,0,0,0,2,2,145,0,27,2,2016,7,19,6,0,1,6,98,8,FM 2117,,22,31.33258056,-96.930588890000,0,1,0,0,1,1,0,4,2,1,0,1,0,0000000,99,99,99,99,99,99,0,0,0,1,1
48,480600,2,2,0,0,0,3,3,301,0,29,2,2016,2,6,30,0,1,5,98,8,FM 652,,73,31.95686111,-103.763850000000,0,12,2,0,1,1,0,2,2,1,0,1,0,0000000,99,99,99,99,99,99,0,0,0,1,0
48,480601,4,4,0,0,0,6,6,367,0,2,3,2016,4,7,50,0,1,5,98,3,SR-171,,123,32.63150000,-97.697400000000,0,12,8,0,1,1,0,1,1,1,0,1,0,0000000,99,99,99,99,99,99,0,0,0,1,0
48,480602,1,1,0,0,0,1,1,201,0,5,3,2016,7,3,20,1,2,2,98,7,SL8 SAM HOUSTON PKWY,,28,29.59630000,-95.431419440000,0,33,0,0,1,1,0,4,3,1,0,1,0,0000000,99,98,99,98,88,88,0,0,0,1,1
48,480603,1,1,0,1,1,1,1,215,4197,5,3,2016,7,3,51,1,2,1,1,1,I-2/US-83,,241,26.18901944,-98.228294440000,0,8,0,0,1,1,0,1,3,1,0,1,0,0000000,99,99,99,99,99,99,0,0,0,1,0
48,480604,2,2,0,0,0,3,3,257,0,5,3,2016,7,1,34,1,2,2,98,2,US-80,,16,32.77195556,-96.492463890000,0,12,2,0,1,1,0,1,2,1,0,1,0,0000000,1,49,1,49,2,8,0,0,0,3,2
48,480605,1,1,0,1,1,3,3,201,3280,6,3,2016,1,20,45,1,2,1,1,1,I-45 NORTH FWY,,300,29.84283611,-95.391138890000,0,8,0,0,1,1,0,1,3,1,0,1,0,0000000,99,98,99,98,88,88,0,0,0,1,0
48,480606,2,2,0,0,0,3,3,229,0,7,3,2016,2,21,29,1,1,1,1,1,I-10,,545,31.13113611,-105.208816670000,0,12,1,0,1,1,0,1,2,1,0,1,0,0000000,99,98,99,98,88,88,0,0,0,1,0
48,480607,2,2,0,0,0,3,3,367,0,9,3,2016,4,18,5,0,1,5,98,8,FM51,,70,32.91941389,-97.711594440000,0,12,2,0,1,1,0,1,1,2,0,2,0,0000000,99,99,99,99,99,99,0,0,0,1,0
48,480608,4,4,0,0,0,5,5,141,2190,10,3,2016,5,15,14,0,8,98,98,6,LEE TREVINO DR,,0,31.75380556,-106.318761110000,0,12,1,0,1,1,0,1,1,1,0,1,0,0000000,15,16,15,22,15,37,0,0,0,1,0
48,480609,1,1,0,0,0,1,1,201,0,10,3,2016,5,1,55,1,2,1,1,7,I-45 NORTH FWY,,470,30.08461944,-95.436700000000,0,59,0,1,19,1,0,10,3,2,0,2,0,0000000,99,98,99,98,88,88,0,0,0,1,1
48,480610,2,2,0,0,0,2,2,275,0,10,3,2016,5,3,32,1,2,3,98,2,US-82/SR-114,,86,33.58359722,-99.843300000000,0,11,0,0,1,1,0,1,2,10,0,10,0,0000000,99,98,99,98,88,88,0,0,0,1,0
48,480611,2,1,1,0,1,1,2,439,260,10,3,2016,5,23,35,0,8,98,98,6,FIELDER RD,,0,32.70566111,-97.132038890000,0,41,0,0,1,1,0,4,2,2,0,2,0,0000000,99,98,99,98,88,88,0,0,0,1,1
48,480612,1,1,0,1,1,1,1,29,6090,11,3,2016,6,20,28,0,8,98,98,6,SAN PEDRO AVE,,0,29.50240000,-98.499219440000,0,8,0,0,1,1,0,1,3,10,0,10,0,0000000,99,99,99,99,99,99,0,0,0,1,0
48,480613,1,1,0,0,0,1,1,237,0,11,3,2016,6,20,15,0,1,4,98,2,US-380,,34,33.16576667,-98.369502780000,0,42,0,0,1,1,0,4,2,5,0,5,0,0000000,99,98,99,98,88,88,0,0,0,1,0
48,480614,1,1,0,0,0,2,2,111,0,12,3,2016,7,6,50,1,1,3,98,2,US-54,,64,36.18767500,-102.317169440000,0,1,0,0,1,1,0,4,1,1,0,1,0,0000000,99,98,99,98,88,88,0,0,0,1,0
48,480615,2,2,0,0,0,3,3,135,0,12,3,2016,7,19,27,0,1,4,98,3,SR-302,FM866,105,31.89912222,-102.586294440000,0,12,6,0,2,2,0,1,2,1,0,1,0,0000000,19,28,19,40,19,58,0,0,0,1,1
48,480616,1,1,0,0,0,1,1,219,0,12,3,2016,7,4,28,0,1,4,98,2,US-3855,FM1585,233,33.50150556,-102.375497220000,0,43,0,0,3,3,0,4,2,1,0,1,0,0000000,4,30,4,35,5,20,0,0,0,1,1
48,480617,2,2,0,1,1,3,3,395,0,12,3,2016,7,9,45,1,1,3,98,2,US-190/SR-6,,103,30.77658333,-96.490852780000,0,9,0,0,8,1,0,5,1,10,0,10,0,0000000,9,45,9,58,88,88,0,0,0,1,0
48,480618,1,1,0,0,0,1,1,139,4570,13,3,2016,1,23,20,0,8,98,98,6,MCALPIN RD,,0,32.42027778,-96.967705560000,0,1,0,0,1,1,0,1,2,1,0,1,0,0000000,99,98,99,98,88,88,0,0,0,1,1
48,480619,1,1,0,2,2,2,2,157,0,13,3,2016,1,20,0,0,8,98,98,4,CR-AIRPORT BLVD,,0,29.64888333,-95.648775000000,0,8,0,0,1,1,0,1,2,1,0,1,0,0000000,20,0,20,7,20,59,0,0,0,1,0
48,480620,2,2,0,0,0,2,2,183,0,14,3,2016,2,10,1,1,2,3,98,2,US-259,,105,32.57207778,-94.735388890000,0,12,6,0,8,1,0,1,1,1,0,1,0,0000000,99,98,99,98,88,88,0,0,0,1,0
48,480621,1,1,0,0,0,1,1,201,3280,14,3,2016,2,22,45,1,1,1,1,1,I-610 SOUTH LOOP,,235,29.68624444,-95.339200000000,0,52,0,0,1,1,0,10,3,10,0,10,0,0000000,99,98,99,98,88,88,0,0,0,1,0
48,480622,2,2,0,0,0,4,4,201,3280,14,3,2016,2,19,6,1,2,3,98,8,FM 865 CULLEN BLVD,,30,29.66209722,-95.355550000000,0,12,1,0,8,1,0,1,3,1,0,1,0,0000000,19,4,19,9,19,25,0,0,0,1,0
48,480624,1,1,0,2,2,1,1,29,6090,15,3,2016,3,20,0,1,2,3,98,8,FM 1976 WALZEM RD,FENWAY DR,18,29.51030000,-98.377005560000,0,15,0,0,2,2,0,1,3,10,0,10,0,0000000,99,99,99,99,99,99,0,0,0,1,0
48,480625,1,1,0,0,0,2,2,453,330,16,3,2016,4,0,7,0,8,98,98,6,CESAR CHAVEZ ST,,0,30.26756111,-97.757808330000,0,1,0,0,1,1,0,4,3,1,0,1,0,0000000,0,7,0,15,0,28,0,0,0,1,0
48,480626,4,1,3,0,0,2,2,113,2310,17,3,2016,5,1,43,0,8,98,98,6,VALWOOD PKWY,,0,32.93852778,-96.897550000000,0,14,0,0,1,1,0,2,3,1,0,1,0,0000000,99,98,99,98,88,88,0,0,0,1,1
48,480627,1,1,0,1,1,3,3,201,3280,18,3,2016,6,22,23,1,2,2,98,8,SL-8 SAM HOUSTON PKWY,,54,29.69851944,-95.557216670000,0,8,0,0,1,1,0,1,3,10,0,10,0,0000000,99,98,99,98,88,88,0,0,0,1,0
48,480628,1,1,0,1,1,1,1,347,0,18,3,2016,6,0,55,0,1,4,98,3,SR-7,CR-612,98,31.57569722,-94.699197220000,0,8,0,0,1,1,0,1,2,1,0,1,0,0000000,99,99,99,99,99,99,0,0,0,1,0
48,480629,1,1,0,0,0,1,1,497,0,19,3,2016,7,19,55,0,8,98,98,4,CR-SALT CREEK RD,,0,33.01564444,-97.813000000000,0,31,0,0,1,1,0,4,2,1,0,1,0,0000000,99,98,99,98,88,88,0,0,0,1,1
48,480630,1,1,0,0,0,1,1,439,2450,21,3,2016,2,1,13,1,2,3,98,8,BU-287 P RIVERSIDE DR,,54,32.69867500,-97.305169440000,0,30,0,0,1,1,0,4,3,1,0,1,0,0000000,99,98,99,98,88,88,0,0,0,1,1
48,480632,3,3,0,0,0,7,7,29,6090,22,2,2016,2,8,55,1,2,1,1,1,I-410,,163,29.44742778,-98.634808330000,0,12,1,1,18,1,0,1,1,2,0,2,0,0000000,99,99,99,99,99,99,28,0,0,1,0
48,480633,2,2,0,0,0,3,3,29,6090,26,2,2016,6,14,10,0,8,98,98,6,GENERAL MCMULLEN DR,CERALVO ST,0,29.40944167,-98.556752780000,0,12,1,0,3,2,0,1,1,1,0,1,0,0000000,99,98,99,98,88,88,0,0,0,1,0
48,480634,1,1,0,0,0,1,1,375,150,27,2,2016,7,22,25,0,8,98,98,6,OLSEN BLVD,PARAMOUNT BLVD,0,35.18448889,-101.875233330000,0,33,0,0,3,3,0,8,3,1,0,1,0,0000000,22,25,22,32,22,49,0,0,0,1,1
48,480635,3,3,0,0,0,5,5,99,0,28,2,2016,1,2,1,1,2,2,98,2,US-190,,49,31.12143611,-97.861752780000,0,12,6,0,1,1,0,2,3,1,0,1,0,0000000,2,13,2,15,2,49,0,0,0,2,2
48,480636,2,2,0,0,0,2,2,55,4372,3,3,2016,5,14,36,0,1,4,98,3,SR-80 SAN MARCOS HWY,QUAIL RUN,41,29.85070833,-97.853408330000,0,12,6,0,2,2,0,1,1,1,0,1,0,0000000,99,98,99,98,88,88,0,0,0,1,0
48,480637,6,6,0,0,0,10,10,141,2190,4,3,2016,6,13,33,0,8,98,98,6,STANTON,SCHUSTER,0,31.77034167,-106.496027780000,0,12,98,0,3,2,0,1,1,1,0,1,0,0000000,13,37,13,40,13,57,0,0,0,1,0
48,480638,2,2,0,0,0,2,2,329,0,5,3,2016,7,6,35,0,1,5,98,8,FM 1379,,146,31.75383333,-101.839577780000,0,12,1,0,1,1,0,1,2,1,0,1,0,0000000,99,98,99,98,88,88,0,0,0,1,0
48,480639,2,1,1,0,1,3,4,491,2620,6,3,2016,1,2,20,1,1,1,1,1,I-35,,170,30.71341111,-97.647030560000,0,14,0,1,19,1,0,2,3,1,0,1,0,0000000,2,20,2,28,2,57,0,0,0,1,1
48,480640,3,3,0,0,0,4,4,475,0,9,3,2016,4,9,57,1,1,1,1,1,I-20,,222,31.54101389,-103.062861110000,0,12,6,0,1,1,0,1,1,2,0,2,0,0000000,10,1,10,15,11,2,0,0,0,2,0
48,480641,1,1,0,0,0,1,1,165,0,11,3,2016,6,15,48,0,8,98,98,4,CR-301K,,0,32.66786944,-102.665811110000,0,38,0,0,1,1,0,5,1,1,0,1,0,0000000,15,32,15,39,16,10,0,0,0,1,1
48,480642,3,3,0,0,0,4,4,453,0,11,3,2016,6,17,13,1,1,3,98,3,SR-71,CR-BEE CREEK RD,93,30.33141944,-98.024650000000,0,12,6,0,2,3,0,1,1,10,0,10,0,0000000,17,26,17,36,18,22,0,0,0,1,0
48,480643,1,1,0,0,0,1,1,439,0,12,3,2016,7,7,18,1,2,2,98,2,US-81/US287,,18,32.96779444,-97.418108330000,0,21,0,0,1,1,0,3,3,2,0,2,0,0000000,99,98,99,98,88,88,0,0,0,1,1
48,480644,1,1,0,0,0,2,2,61,0,13,3,2016,1,22,35,0,1,5,98,8,FM 2925/BROWN TRACT RD,,131,26.25391944,-97.529038890000,0,1,0,0,1,1,0,4,2,1,0,1,0,0000000,99,99,99,99,99,99,0,0,0,1,0
48,480645,1,1,0,0,0,1,1,135,5030,13,3,2016,1,23,16,0,8,98,98,6,EASTRIDGE RD,,0,31.89596667,-102.310061110000,0,33,0,0,1,1,0,4,3,1,0,1,0,0000000,99,98,99,98,88,88,0,0,0,1,1
48,480646,1,1,0,0,0,2,2,167,6213,13,3,2016,1,0,2,0,8,98,98,6,SHOUSE,,0,29.40446667,-95.110705560000,0,42,0,0,1,1,0,4,2,1,0,1,0,0000000,0,5,0,14,1,47,0,0,0,1,1
48,480647,1,1,0,0,0,1,1,201,3280,15,3,2016,3,22,30,0,8,98,98,6,BRAESWOOD BLVD,,0,29.69531944,-95.420269440000,0,33,0,0,1,1,0,3,3,10,0,10,0,0000000,99,98,99,98,88,88,0,0,0,1,1
48,480648,1,1,0,0,0,4,4,219,0,15,3,2016,3,13,48,1,1,3,98,2,US-62,,31,33.42608889,-102.146719440000,0,1,0,0,1,1,0,4,1,1,0,1,0,0000000,13,48,13,48,14,26,0,0,0,3,0
48,480649,3,1,2,0,0,1,1,39,130,16,3,2016,4,15,16,1,2,3,98,8,BS-35,,16,29.44018056,-95.244802780000,0,14,0,0,1,1,0,5,1,1,0,1,0,0000000,99,98,99,98,88,88,14,0,0,1,0
48,480650,1,1,0,0,0,1,1,85,4230,16,3,2016,4,15,47,1,2,2,98,2,US-75,,118,33.24055278,-96.629461110000,0,25,0,0,1,1,0,3,1,1,0,1,0,0000000,99,98,99,98,88,88,0,0,0,1,1
48,480651,1,1,0,1,1,1,1,167,6171,16,3,2016,4,5,40,0,2,4,98,8,FM 646,21ST ST,218,29.49823056,-94.931016670000,1,8,0,0,3,2,0,1,2,1,0,1,0,0000000,99,98,99,98,88,88,0,0,0,1,0
48,480653,1,1,0,0,0,2,2,261,0,17,3,2016,5,1,15,1,1,3,98,2,US-77,,73,27.18308333,-97.792911110000,0,1,0,0,1,1,0,4,2,1,0,1,0,0000000,99,99,99,99,99,99,0,0,0,1,0
48,480654,5,5,0,0,0,7,7,303,4140,17,3,2016,5,11,45,1,2,3,98,2,US-62 19TH ST,AVENUE Q,18,33.57781389,-101.855241670000,0,12,6,0,2,2,0,1,1,1,0,1,0,0000000,99,99,99,99,99,99,20,0,0,1,0
48,480655,2,2,0,0,0,4,4,21,0,18,3,2016,6,5,22,0,1,4,98,3,SR-95,,45,29.94745000,-97.179938890000,0,12,2,0,1,1,0,1,2,10,0,10,0,0000000,99,99,99,99,99,99,0,0,0,1,1
48,480656,2,2,0,0,0,4,4,113,1730,18,3,2016,6,14,53,0,8,98,98,6,COCKRELL HILL RD,,0,32.70058056,-96.891347220000,0,30,0,0,1,1,0,3,1,10,0,10,0,0000000,99,99,99,99,99,99,14,0,0,1,1
48,480657,2,2,0,0,0,6,6,113,1730,18,3,2016,6,13,39,0,8,98,98,6,WHEATLAND RD,RACINE DR,0,32.64784722,-96.835886110000,0,12,6,0,2,3,0,1,1,10,0,10,0,0000000,99,99,99,99,99,99,0,0,0,1,1
48,480658,1,1,0,0,0,2,2,113,5730,18,3,2016,6,4,40,1,2,2,98,2,US-75 CENTRAL EXPY,,39,32.93940000,-96.746300000000,0,25,0,1,19,1,0,3,6,10,0,10,0,0000000,99,99,99,99,99,99,0,0,0,1,1