STATE,ST_CASE,VE_TOTAL,VE_FORMS,PVH_INVL,PEDS,PERNOTMVIT,PERMVIT,PERSONS,COUNTY,CITY,DAY,MONTH,YEAR,DAY_WEEK,HOUR,MINUTE,NHS,RUR_URB,FUNC_SYS,RD_OWNER,ROUTE,TWAY_ID,TWAY_ID2,MILEPT,LATITUDE,LONGITUD,SP_JUR,HARM_EV,MAN_COLL,RELJCT1,RELJCT2,TYP_INT,WRK_ZONE,REL_ROAD,LGT_COND,WEATHER1,WEATHER2,WEATHER,SCH_BUS,RAIL,NOT_HOUR,NOT_MIN,ARR_HOUR,ARR_MIN,HOSP_HR,HOSP_MN,CF1,CF2,CF3,FATALS,DRUNK_DR
48,480884,1,1,0,0,0,1,1,181,1830,10,4,2016,1,2,7,1,2,3,98,8,SS503,,11,33.72117222,-96.579808330000,0,1,0,0,1,1,0,10,3,1,0,1,0,0000000,99,98,99,98,88,88,0,0,0,1,1
48,480885,1,1,0,1,1,1,1,201,0,10,4,2016,1,2,9,1,2,3,98,3,SR-NASA NASA PKWY,,59,29.54837222,-95.098411110000,0,8,0,0,1,1,0,1,3,1,0,1,0,0000000,99,98,99,98,88,88,0,0,0,1,0
48,480886,2,2,0,0,0,3,3,251,0,10,4,2016,1,22,4,0,2,5,98,8,FM1902,,0,32.55352222,-97.425047220000,0,12,2,0,1,1,0,1,2,10,0,10,0,0000000,22,3,22,23,22,47,0,0,0,1,1
48,480887,1,1,0,0,0,1,1,267,0,10,4,2016,1,10,55,0,1,5,98,2,US-377,,60,30.32418333,-99.910333330000,0,7,0,0,1,1,0,1,1,10,0,10,0,0000000,99,98,99,98,88,88,0,0,0,1,0
48,480888,2,2,0,0,0,2,2,375,0,10,4,2016,1,6,30,1,2,3,98,2,US-287,FM1912,103,35.18858333,-101.653794440000,0,12,11,0,2,2,0,1,2,1,0,1,0,0000000,99,98,99,98,88,88,0,0,0,1,0
48,480889,2,2,0,0,0,4,4,29,0,11,4,2016,2,9,46,1,1,3,98,2,US-281,CR-BORGFELD RD,17,29.71009722,-98.448788890000,0,12,6,0,2,3,0,1,1,2,0,2,0,0000000,99,99,99,99,99,99,0,0,0,1,0
48,480890,1,1,0,0,0,1,1,73,0,11,4,2016,2,11,0,0,1,6,98,8,FM241,,146,31.68817778,-95.035244440000,0,34,0,0,1,1,0,4,1,2,0,2,0,0000000,99,98,99,98,88,88,0,0,0,1,0
48,480891,2,2,0,0,0,3,3,135,0,11,4,2016,2,20,38,0,2,4,98,8,FM2020 UNIVERSITY BLVD,,78,31.85645000,-102.434905560000,0,12,6,0,8,1,0,1,2,1,0,1,0,0000000,20,41,20,44,21,16,0,0,0,2,1
48,480892,2,2,0,0,0,2,2,187,1325,11,4,2016,2,7,12,0,2,4,98,8,FM78,FM1103,22,29.56046389,-98.239080560000,0,12,6,0,2,4,0,1,3,10,0,10,0,0000000,7,12,7,19,8,4,0,0,0,1,0
48,480893,1,1,0,0,0,2,2,113,1730,12,4,2016,3,20,52,0,8,98,98,6,INWOOD RD,,0,32.81373611,-96.847527780000,0,30,0,0,1,1,0,4,3,10,0,10,0,0000000,99,99,99,99,99,99,0,0,0,1,1
48,480894,1,1,0,1,1,1,1,355,1550,12,4,2016,3,12,12,1,2,1,1,1,I-37 RAMP,,44,27.80399722,-97.468600000000,0,8,0,1,5,1,0,2,1,2,0,2,0,0000000,99,99,99,99,99,99,19,0,0,1,0
48,480895,2,2,0,0,0,2,2,423,0,12,4,2016,3,11,22,0,1,5,98,8,FM346,,51,32.18430556,-95.369394440000,0,12,2,0,1,1,0,1,1,1,0,1,0,0000000,99,98,99,98,88,88,0,0,0,1,0
48,480896,2,2,0,0,0,4,4,423,7070,12,4,2016,3,7,57,0,2,5,98,8,FM756 PALUXY DR,SKIDMORE LN,42,32.24870833,-95.277333330000,0,12,6,0,2,3,0,1,1,10,0,10,0,0000000,7,41,7,48,8,34,0,0,0,1,0
48,480897,1,1,0,0,0,1,1,29,6090,16,4,2016,7,2,30,1,2,2,98,2,US-90,,21,29.40241944,-98.628125000000,0,24,0,1,19,1,0,3,2,1,0,1,0,0000000,99,98,99,98,88,88,0,0,0,1,1
48,480898,1,1,0,0,0,1,1,27,0,16,4,2016,7,13,45,0,1,4,98,3,SR-95,,48,30.90689444,-97.370677780000,0,35,0,0,1,1,0,4,1,10,0,10,0,0000000,99,98,99,98,88,88,0,0,0,1,0
48,480899,1,1,0,0,0,1,1,303,4140,16,4,2016,7,18,15,0,8,98,98,6,58TH ST,,0,33.54153333,-101.892388890000,0,42,0,0,1,1,0,4,1,1,0,1,0,0000000,18,11,18,22,18,33,0,0,0,1,0
48,480900,1,1,0,0,0,5,5,307,0,16,4,2016,7,11,56,1,1,3,98,2,US-87,,137,31.17172778,-99.383808330000,0,32,0,0,1,1,1,4,1,2,0,2,0,0000000,99,99,99,99,99,99,0,0,0,1,0
48,480901,1,1,0,0,0,1,1,439,2450,16,4,2016,7,17,48,1,2,1,1,7,I-35W SOUTH FWY,,9,32.66087778,-97.320525000000,0,58,0,0,1,1,0,4,1,10,0,10,0,0000000,99,99,99,99,99,99,0,0,0,1,0
48,480902,1,1,0,1,1,1,1,113,1730,17,4,2016,1,6,10,1,2,3,98,8,SL12 LEDBETTER DR,,325,32.68777222,-96.785847220000,0,8,0,0,1,1,0,1,3,10,0,10,0,0000000,99,99,99,99,99,99,0,0,0,1,0
48,480903,2,2,0,0,0,5,5,91,0,18,4,2016,2,14,31,1,1,3,98,8,FM3009,NATURAL BRIDGE CAVERNS RD,167,29.69257222,-98.331952780000,0,12,2,0,2,4,0,1,1,10,0,10,0,0000000,99,98,99,98,88,88,0,0,0,1,0
48,480904,2,2,0,0,0,2,2,245,5430,18,4,2016,2,8,28,0,2,5,98,3,SR-82 MLK DR,,55,29.81851111,-93.954133330000,0,12,6,0,1,1,0,1,1,2,0,2,0,0000000,99,99,99,99,99,99,0,0,0,1,0
48,480905,2,2,0,0,0,3,3,113,1730,19,4,2016,3,21,10,0,8,98,98,6,CORINTH ST,,0,32.72644444,-96.799194440000,0,12,6,0,1,1,0,1,3,2,0,2,0,0000000,99,99,99,99,99,99,0,0,0,1,1
48,480906,1,1,0,1,1,1,1,439,2450,21,4,2016,5,5,53,0,8,98,98,6,BERRY ST,,0,32.70584444,-97.305002780000,0,8,0,0,1,1,0,1,2,2,0,2,0,0000000,99,99,99,99,99,99,0,0,0,1,0
48,480907,1,1,0,0,0,1,1,13,0,2,2,2016,3,16,3,1,1,1,1,1,I-37,,142,28.78240000,-98.314600000000,0,57,0,0,1,1,0,3,1,1,0,1,0,0000000,99,98,99,98,88,88,0,0,0,1,1
48,480908,2,2,0,0,0,2,2,75,0,21,3,2016,2,11,0,1,1,3,98,2,US-62,,156,34.50370556,-100.208188890000,0,12,2,0,1,1,0,1,1,1,0,1,0,0000000,99,98,99,98,88,88,0,0,0,1,1
48,480909,2,2,0,0,0,2,2,199,6380,22,3,2016,3,6,29,1,1,3,98,2,US-96,,70,30.32367500,-94.171597220000,0,12,1,0,7,1,0,1,2,1,0,1,0,0000000,99,98,99,98,88,88,0,0,0,1,0
48,480910,1,1,0,1,1,2,2,141,3276,27,3,2016,1,21,39,0,8,98,98,6,DARRINGTON RD,RUDI KEUFNER RD,0,31.66630278,-106.187886110000,0,8,0,0,2,2,0,1,2,1,0,1,0,0000000,20,40,20,48,21,20,0,0,0,1,0
48,480911,2,2,0,0,0,2,2,297,2630,31,3,2016,5,18,36,1,1,3,98,2,US-281,,254,28.32340000,-98.114105560000,0,12,2,0,1,1,0,1,1,1,0,1,0,0000000,18,41,19,3,19,54,0,0,0,1,0
48,480912,2,2,0,0,0,2,2,285,0,2,4,2016,7,16,35,0,1,5,98,8,UA77,FM531,248,29.35793333,-97.089069440000,0,12,6,0,2,3,0,1,1,1,0,1,0,0000000,16,30,16,37,17,7,0,0,0,1,0
48,480913,1,1,0,1,1,1,1,121,1840,4,4,2016,2,21,31,1,2,3,98,2,US-380 UNIVERSITY DR,,143,33.22942500,-97.143794440000,0,9,0,0,1,1,1,1,3,1,0,1,0,0000000,99,99,99,99,99,99,0,0,0,1,0
48,480914,2,2,0,0,0,4,4,201,0,4,4,2016,2,17,8,0,8,98,98,4,CR-SAINT CHARLES DR,CR-SAINT FRANCIS ST,0,29.87151389,-95.058111110000,0,12,6,0,2,2,0,1,1,1,0,1,0,0000000,99,99,99,99,99,99,0,0,0,1,0
48,480915,1,1,0,0,0,1,1,259,0,5,4,2016,3,14,42,0,1,5,98,8,RM474,,92,29.86360000,-98.680513890000,0,42,0,0,1,1,0,4,9,1,0,1,0,0000000,99,98,99,98,88,88,0,0,0,1,1
48,480916,2,2,0,0,0,2,2,201,3320,8,4,2016,6,2,13,1,2,1,1,7,I-69,FM1960,14,30.00494444,-95.267483330000,0,12,6,1,2,2,0,1,3,1,0,1,0,0000000,99,98,99,98,88,88,20,0,0,1,0
48,480917,1,1,0,0,0,1,1,201,3280,9,4,2016,7,3,14,0,8,98,98,6,MEMORIAL WOODS DR,,0,29.78183333,-95.460908330000,0,42,0,0,1,1,0,4,2,1,0,1,0,0000000,99,98,99,98,88,88,0,0,0,1,1
48,480918,1,1,0,0,0,5,5,113,1730,10,4,2016,1,3,41,1,2,1,1,1,I-30 RL THORNTON FWY,,99,32.79451389,-96.698827780000,0,33,0,0,1,1,0,4,3,1,0,1,0,0000000,99,99,99,99,99,99,0,0,0,1,1
48,480919,1,1,0,0,0,1,1,113,3420,10,4,2016,1,19,33,1,2,2,98,3,SR-161,,121,32.87382500,-96.994544440000,0,24,0,0,1,1,0,3,3,10,0,10,0,0000000,19,34,19,39,20,2,0,0,0,1,1
48,480920,1,1,0,1,1,1,1,181,6350,10,4,2016,1,4,0,1,2,2,98,7,US-75 SAM RAYBURN FWY,,256,33.62197222,-96.611219440000,0,8,0,0,1,1,0,1,2,10,0,10,0,0000000,99,98,99,98,88,88,0,0,0,1,0
48,480921,1,1,0,0,0,2,2,201,3280,10,4,2016,1,22,3,1,2,2,98,7,US-59/EASTEX FWY,,16,29.78514444,-95.339313890000,0,5,0,0,1,1,0,1,3,10,0,10,0,0000000,99,98,99,98,88,88,0,0,0,1,0
48,480922,1,1,0,0,0,1,1,133,0,12,4,2016,3,5,31,1,1,1,1,1,I-20,,67,32.47970000,-98.605019440000,0,23,0,0,1,1,0,3,2,1,0,1,0,0000000,99,98,99,98,88,88,0,0,0,1,0
48,480923,2,2,0,0,0,2,2,157,0,12,4,2016,3,4,29,1,2,3,98,8,FM 521/ALMEDA RD,,91,29.55030833,-95.444025000000,0,12,2,0,1,1,0,1,2,1,0,1,0,0000000,99,99,99,99,99,99,0,0,0,1,1
48,480924,2,2,0,0,0,6,6,51,0,13,4,2016,4,7,30,0,1,4,98,3,SR-21,FM 50,200,30.62298056,-96.545111110000,0,12,6,0,2,3,0,1,1,10,0,10,0,0000000,7,50,8,7,8,44,0,0,0,1,0
48,480925,2,2,0,0,0,2,2,201,0,13,4,2016,4,23,40,0,2,3,98,8,FM 1960,GREENBROOK DR,156,30.02485000,-95.413780560000,0,12,6,0,2,2,0,1,3,1,0,1,0,0000000,99,98,99,98,88,88,0,0,0,1,0
48,480926,1,1,0,0,0,1,1,201,3280,13,4,2016,4,19,15,0,8,98,98,6,CLOVER CREEK DR,,0,30.06472222,-95.166391670000,0,5,0,0,1,1,0,1,1,2,0,2,0,0000000,19,16,19,26,20,24,0,0,0,1,0
48,480927,1,1,0,1,1,1,1,397,6010,13,4,2016,4,1,24,1,1,1,1,7,I-30,,159,32.98108333,-96.301533330000,0,8,0,0,1,1,0,1,2,2,0,2,0,0000000,99,99,99,99,99,99,3,0,0,1,1
48,480928,1,1,0,0,0,2,2,61,0,14,4,2016,5,18,20,1,2,3,98,3,SR-100,,41,26.07446944,-97.513050000000,0,32,0,0,1,1,0,4,1,1,0,1,0,0000000,18,24,18,27,18,51,0,0,0,1,0
48,480929,4,4,0,0,0,12,12,139,0,15,4,2016,6,7,35,0,2,4,98,3,SR-34,CR-LONE OAK RD,75,32.36411944,-96.568230560000,0,12,6,0,2,3,0,1,2,5,0,5,1,0000000,7,27,7,44,8,14,0,0,0,1,0
48,480930,2,2,0,0,0,2,2,201,3280,15,4,2016,6,2,35,1,2,1,1,1,I-45/GULF,,155,29.68222778,-95.274216670000,0,12,1,0,1,1,0,1,3,10,0,10,0,0000000,2,35,2,48,3,27,0,0,0,1,1
48,480931,1,1,0,0,0,1,1,355,0,15,4,2016,6,8,15,0,1,5,98,8,FM 666,,86,27.81641111,-97.799038890000,0,1,0,0,1,1,0,4,1,1,0,1,0,0000000,8,30,8,54,9,29,0,0,0,1,0
48,480932,2,2,0,0,0,2,2,385,0,15,4,2016,6,14,48,0,1,4,98,2,US-83,,274,29.73643333,-99.761427780000,0,12,6,0,1,1,0,1,1,1,0,1,0,0000000,14,45,14,55,88,88,0,0,0,1,0
48,480933,2,2,0,0,0,3,3,467,0,15,4,2016,6,7,25,0,1,5,98,8,FM 314,,52,32.45481111,-95.622250000000,0,12,2,0,1,1,0,1,1,5,0,5,0,0000000,7,29,7,41,8,33,0,0,0,1,0
48,480934,1,1,0,0,0,1,1,53,0,16,4,2016,7,23,22,0,8,98,98,4,CR-200,,0,30.79098889,-98.171138890000,0,1,0,0,1,1,0,4,2,2,0,2,0,0000000,99,98,99,98,88,88,0,0,0,1,1
48,480935,2,2,0,0,0,5,5,113,1730,16,4,2016,7,21,37,1,2,3,98,8,SL 12/LEDBETTER DR,RUGGED DR,67,32.69127500,-96.852166670000,0,12,6,0,2,2,0,1,3,1,0,1,0,0000000,99,99,99,99,99,99,14,0,0,1,0
48,480936,1,1,0,0,0,3,3,231,0,17,4,2016,1,7,39,0,1,4,98,3,SR-224,,134,33.21235000,-95.986038890000,0,42,0,0,1,1,0,4,4,10,0,10,0,0000000,99,98,99,98,88,88,0,0,0,3,0
48,480937,3,3,0,0,0,4,4,339,0,17,4,2016,1,20,2,1,1,3,98,8,FM 1774,,4,30.22423056,-95.797211110000,0,12,1,0,1,1,0,1,1,2,0,2,0,0000000,99,99,99,99,99,99,0,0,0,1,1
48,480939,2,2,0,0,0,3,3,491,330,19,4,2016,3,13,3,0,8,98,98,6,LAKECREEK PKWY,,0,30.46147500,-97.815758330000,0,12,6,0,8,1,0,1,1,10,0,10,0,0000000,12,55,12,58,13,18,0,0,0,1,0
48,480940,1,1,0,1,1,2,2,113,1730,20,4,2016,4,11,55,1,2,2,98,2,US-75/CENTRAL EXPY RAMP,,54,32.92203889,-96.764894440000,0,8,0,1,18,1,0,1,1,1,0,1,0,0000000,99,98,99,98,88,88,0,0,0,1,0
48,480941,4,4,0,0,0,5,5,141,2190,8,1,2016,6,23,19,1,2,1,1,1,I-10,,306,31.74427778,-106.331644440000,0,12,1,1,18,1,0,1,3,10,0,10,0,0000000,23,21,23,29,23,42,19,0,0,1,1
48,480942,3,3,0,0,0,3,3,27,0,22,2,2016,2,8,52,1,2,2,98,2,US-190,,33,31.11887222,-97.766613890000,0,12,1,0,1,1,0,1,1,10,0,10,0,0000000,99,99,99,99,99,99,0,0,0,1,0
48,480943,1,1,0,0,0,1,1,45,0,2,4,2016,7,14,19,0,1,4,98,3,SR-256,,97,34.47115000,-101.094786110000,0,31,0,0,1,1,0,4,1,1,0,1,0,0000000,99,98,99,98,88,88,0,0,0,1,0
48,480944,2,2,0,0,0,2,2,389,0,6,4,2016,4,14,5,1,1,1,1,1,I-20,,348,31.35490556,-103.705575000000,0,12,1,0,1,1,2,1,1,1,0,1,0,0000000,15,5,99,99,15,7,0,0,0,1,0
48,480945,1,1,0,0,0,2,2,123,0,15,4,2016,6,1,4,0,8,98,98,4,CR-OLD GOLIAD RD,,0,29.04721111,-97.316969440000,0,1,0,0,1,1,0,1,2,1,0,1,0,0000000,99,99,99,99,99,99,0,0,0,1,1
48,480946,1,1,0,0,0,1,1,423,0,15,4,2016,6,5,20,1,1,3,98,3,SR-31,,201,32.14840000,-96.123497220000,0,1,0,0,1,1,0,3,2,10,0,10,0,0000000,99,99,99,99,99,99,0,0,0,1,0
48,480947,3,3,0,1,1,3,3,201,3280,16,4,2016,7,1,15,1,2,2,98,2,US-59 SOUTHWEST FWY,,60,29.72928611,-95.444188890000,0,12,1,0,1,1,0,1,3,1,0,1,0,0000000,1,18,1,25,1,42,19,0,0,1,1
48,480948,3,3,0,0,0,4,4,201,3280,17,4,2016,1,3,45,1,2,3,98,3,SR-6,,87,29.81283611,-95.645388890000,0,12,1,0,1,1,0,1,3,2,0,2,0,0000000,3,45,3,53,4,26,0,0,0,1,1
48,480949,3,3,0,0,0,4,4,83,0,18,4,2016,2,14,0,1,1,3,98,2,US-84,,59,31.81050000,-99.396300000000,0,12,6,0,1,1,0,1,1,2,0,2,0,0000000,99,99,99,99,99,99,0,0,0,2,0
48,480950,1,1,0,1,1,1,1,355,1550,18,4,2016,2,6,15,0,8,98,98,6,AIRLINE RD,,0,27.70305556,-97.362900000000,0,8,0,0,1,1,0,1,3,10,0,10,0,0000000,6,15,6,20,6,37,0,0,0,1,0
48,480951,1,1,0,0,0,1,1,201,0,19,4,2016,3,3,5,0,8,98,98,6,BRIARCREEK BLVD,OLD RANCH RD,0,30.03091389,-95.395622220000,0,3,0,0,3,3,0,3,2,10,0,10,0,0000000,99,98,99,98,88,88,0,0,0,1,0
48,480952,4,4,0,0,0,8,8,201,0,19,4,2016,3,18,27,0,8,98,98,4,CR-CLAY RD,CR-WESTFIELD VILLAGE DR,0,29.83128056,-95.729402780000,0,12,6,0,2,3,0,1,1,2,0,2,0,0000000,18,27,18,28,19,31,0,0,0,1,1
48,480953,2,2,0,0,0,2,2,265,3670,19,4,2016,3,7,41,1,2,3,98,8,SL 534 VETERANS HWY,SINGING WIND DR,47,30.02712222,-99.114358330000,0,12,6,0,2,2,0,1,1,10,0,10,0,0000000,7,50,7,58,8,20,0,0,0,1,0
48,480954,1,1,0,0,0,1,1,339,0,19,4,2016,3,5,0,0,1,5,98,8,FM 1791,,5,30.56923611,-95.739752780000,0,18,0,0,1,1,0,1,2,5,0,5,0,0000000,99,98,99,98,88,88,0,0,0,1,0
48,480955,2,2,0,0,0,2,2,29,6090,20,4,2016,4,20,52,1,2,1,1,1,I-10,,100,29.44237222,-98.368941670000,0,12,1,0,1,1,0,1,2,1,0,1,0,0000000,99,99,99,99,99,99,0,0,0,1,0
48,480956,1,1,0,0,0,1,1,401,0,20,4,2016,4,7,1,1,1,3,98,2,US-259,,54,32.20122222,-94.819211110000,0,42,0,0,1,1,0,4,1,2,0,2,0,0000000,99,98,99,98,88,88,0,0,0,1,0
48,480957,2,2,0,0,0,5,5,21,0,21,4,2016,5,22,45,1,1,3,98,3,SR-71,,38,30.15300833,-97.491002780000,0,12,2,0,1,1,0,1,2,1,0,1,0,0000000,22,49,23,3,23,28,0,0,0,2,1
48,480958,2,2,0,0,0,3,3,201,0,21,4,2016,5,20,55,0,2,2,98,3,SR-99,,60,29.84600833,-95.756052780000,0,12,1,0,1,1,0,1,2,1,0,1,0,0000000,20,59,21,10,22,0,0,0,0,1,1
48,480959,1,1,0,0,0,4,4,1,0,22,4,2016,6,16,29,0,1,4,98,2,US-287,,134,31.60498056,-95.523830560000,0,1,0,0,1,1,0,4,1,1,0,1,0,0000000,99,99,99,99,99,99,0,0,0,1,1
48,480960,2,2,0,0,0,4,4,143,0,22,4,2016,6,0,23,0,1,4,98,2,US-281,,252,32.18104444,-98.163438890000,0,12,2,0,1,1,0,1,2,1,0,1,0,0000000,99,99,99,99,99,99,0,0,0,1,1
48,480961,2,2,0,0,0,4,4,427,5780,22,4,2016,6,21,0,0,1,5,98,8,FM 755,,278,26.39611111,-98.786913890000,0,12,6,0,1,1,0,1,2,1,0,1,0,0000000,21,3,21,13,21,37,0,0,0,1,1
48,480963,1,1,0,0,0,1,1,5,4160,23,4,2016,7,18,13,1,2,3,98,2,US-69 ELLEN TROUT DR,FM 3439 SPENCE ST,96,31.37291944,-94.716047220000,0,33,0,0,3,2,0,3,1,1,0,1,0,0000000,99,99,99,99,99,99,0,0,0,1,0
48,480964,2,2,0,0,0,2,2,113,1730,23,4,2016,7,14,50,0,8,98,98,6,ILLINOIS AVE,,0,32.72023611,-96.850491670000,0,12,6,0,1,1,0,1,1,1,0,1,0,0000000,99,99,99,99,99,99,0,0,0,1,1
48,480965,2,2,0,1,1,2,2,201,0,23,4,2016,7,2,0,1,2,2,98,7,SR-249 TOMBALL PKWY,,116,29.97812778,-95.565327780000,0,8,0,0,1,1,0,1,3,1,0,1,0,0000000,99,98,99,98,88,88,0,0,0,1,0
48,480966,2,2,0,0,0,6,6,201,0,23,4,2016,7,15,14,0,8,98,98,4,CR-HUFSMITH KUYKENDAHL RD,,0,30.10685000,-95.564961110000,0,12,2,0,1,1,0,1,1,1,0,1,0,0000000,15,15,15,25,16,33,0,0,0,1,1
48,480967,1,1,0,0,0,1,1,287,0,23,4,2016,7,15,40,0,1,5,98,8,FM 141,,54,30.32702500,-96.791047220000,0,38,0,0,1,1,0,5,1,1,0,1,0,0000000,99,98,99,98,88,88,0,0,0,1,1
48,480968,1,1,0,0,0,1,1,339,0,23,4,2016,7,22,10,0,2,4,98,8,FM 1488,,177,30.22428889,-95.551786110000,0,59,0,0,1,1,0,4,3,1,0,1,0,0000000,99,99,99,99,99,99,0,0,0,1,1
48,480969,2,2,0,0,0,4,4,453,330,23,4,2016,7,18,14,0,8,98,98,6,ROYAL CREST DR,,0,30.24047222,-97.729758330000,0,44,0,0,1,1,0,4,1,1,0,1,0,0000000,99,98,99,98,88,88,0,0,0,1,1
48,480970,1,1,0,0,0,2,2,113,1730,24,4,2016,1,8,50,1,2,3,98,3,SR-342 LANCASTER RD,,84,32.67147778,-96.783152780000,0,30,0,0,1,1,0,4,1,1,0,1,0,0000000,99,99,99,99,99,99,0,0,0,1,0
48,480971,1,1,0,0,0,2,2,201,0,24,4,2016,1,7,0,0,8,98,98,4,CR-HARDY RD,CR-HOPPER RD,0,29.87970000,-95.366791670000,0,25,0,0,3,3,0,10,1,10,0,10,0,0000000,99,98,99,98,88,88,0,0,0,2,1
48,480972,1,1,0,0,0,1,1,439,4300,25,4,2016,2,14,7,1,2,2,98,2,US-287,,299,32.56781944,-97.117461110000,0,21,0,1,19,1,0,10,1,1,0,1,0,0000000,99,98,99,98,88,88,0,0,0,1,1
48,480973,1,1,0,1,1,1,1,439,2450,27,4,2016,4,17,42,0,8,98,98,6,ACORN,,0,32.83932500,-97.491711110000,0,8,0,0,8,1,0,1,1,1,0,1,0,0000000,17,41,17,57,18,28,0,0,0,1,0
48,480974,1,1,0,0,0,1,1,339,7500,28,4,2016,5,2,44,1,1,1,1,1,I-45,,254,30.47207222,-95.496052780000,0,34,0,1,5,1,0,10,2,5,0,5,0,0000000,99,98,99,98,88,88,0,0,0,1,0
48,480975,2,2,0,0,0,2,2,439,2850,28,4,2016,5,4,41,1,2,2,98,3,SR-114,,71,32.93223889,-97.095277780000,0,12,2,1,18,1,0,1,3,1,0,1,0,0000000,4,42,4,55,5,25,0,0,0,2,1
48,480976,1,1,0,1,1,4,4,113,4530,12,2,2016,6,18,40,0,8,98,98,6,PIONEER RD,,0,32.73425000,-96.593513890000,0,8,0,0,1,1,0,1,2,1,0,1,0,0000000,18,40,18,48,19,18,0,0,0,1,0
48,480977,1,1,0,0,0,4,4,485,7490,26,2,2016,6,23,5,1,2,2,98,2,US-281 HENRY S GRACE FWY RAMP,,6,33.88378889,-98.477658330000,0,24,0,1,5,1,0,4,3,1,0,1,0,0000000,99,99,99,99,99,99,0,0,0,2,1
48,480978,2,1,1,0,1,1,2,201,0,7,3,2016,2,14,5,0,8,98,98,4,CR-WALLER-SPRING CREEK RD,,0,30.08052500,-95.893836110000,0,14,0,0,1,1,0,2,1,10,0,10,0,0000000,14,9,14,21,15,10,0,0,0,1,0
48,480979,2,2,0,0,0,4,4,485,7490,24,3,2016,5,20,51,1,2,3,98,8,SL-240 MLK JR BLVD,JUAREZ ST,460,33.91206389,-98.482786110000,0,12,6,0,2,2,0,1,3,1,0,1,0,0000000,99,99,99,99,99,99,0,0,0,1,0
48,480981,1,1,0,1,1,1,1,201,3280,3,4,2016,1,12,32,1,2,3,98,8,FM865 CULLEN BLVD,WENDA,36,29.65263889,-95.355544440000,0,8,0,0,3,2,0,1,1,1,0,1,0,0000000,12,33,12,36,12,56,0,0,0,1,0
48,480982,3,3,0,0,0,5,5,251,3593,8,4,2016,6,13,43,1,2,3,98,2,US-67 HENDERSON ST,,37,32.39621111,-97.299475000000,0,12,7,0,1,1,0,1,1,1,0,1,1,0000000,99,98,99,98,88,88,14,0,0,1,0
48,480983,3,3,0,0,0,7,7,267,0,9,4,2016,7,0,18,1,1,1,1,1,I-10,,99,30.50020278,-99.968769440000,0,12,1,0,1,1,0,1,2,10,0,10,0,0000000,0,23,0,43,1,18,23,0,0,1,0
48,480984,2,2,0,0,0,3,3,113,3420,11,4,2016,2,11,42,0,8,98,98,6,LAS COLINAS BLVD,TELEPORT BLVD,0,32.86114722,-96.928430560000,0,12,6,0,2,2,0,1,1,1,0,1,0,0000000,11,43,11,44,12,14,0,0,0,1,0
48,480985,2,2,0,0,0,3,3,31,0,12,4,2016,3,9,38,0,1,6,98,8,RM473 NARROWS RD,RM32,57,30.02318611,-98.332172220000,0,12,6,0,2,2,0,1,1,10,0,10,0,0000000,9,41,9,48,11,14,0,0,0,1,0
48,480986,2,2,0,0,0,4,4,113,6053,15,4,2016,6,16,1,1,2,4,98,3,SR-78 MILES RD,SR-190,43,32.95028333,-96.584533330000,0,12,1,1,3,2,0,1,1,1,0,1,0,0000000,99,99,99,99,99,99,0,0,0,1,0
48,480987,1,1,0,0,0,2,2,201,3280,15,4,2016,6,20,15,0,8,98,98,6,OREM DR,,0,29.62773333,-95.435941670000,0,5,0,0,1,1,0,1,3,10,0,10,0,0000000,20,11,20,18,20,57,0,0,0,1,0
48,480988,2,2,0,0,0,3,3,439,0,15,4,2016,6,17,31,0,2,4,98,8,FM1220 MORRIS DIDO NEWARK RD,WEST BONDS RANCH RD,15,32.91591111,-97.468175000000,0,12,6,0,2,3,0,1,1,1,0,1,0,0000000,17,35,17,55,18,41,0,0,0,1,0
48,480989,1,1,0,0,0,2,2,201,3280,17,4,2016,1,4,19,0,8,98,98,6,OREM DR,,0,29.62773889,-95.413569440000,0,42,0,0,1,1,0,3,2,2,0,2,0,0000000,4,19,4,23,5,29,0,0,0,1,1
48,480990,2,2,0,0,0,3,3,181,0,18,4,2016,2,22,15,0,1,5,98,8,FM120,FM1753,26,33.75516111,-96.507977780000,0,12,6,0,3,3,0,1,2,10,0,10,0,0000000,22,15,22,26,22,41,0,0,0,1,0
48,480991,2,2,0,0,0,8,8,339,0,19,4,2016,3,17,30,0,1,5,98,8,FM3083,,110,30.28672778,-95.374466670000,0,12,2,0,1,1,0,1,1,1,0,1,0,0000000,99,99,99,99,99,99,0,0,0,4,0
48,480992,1,1,0,1,1,3,3,185,0,21,4,2016,5,0,30,0,1,6,98,8,FM3090,,194,30.41220833,-96.081930560000,0,8,0,0,1,1,0,1,2,10,0,10,0,0000000,99,98,99,98,88,88,0,0,0,1,0