STATE,ST_CASE,VE_TOTAL,VE_FORMS,PVH_INVL,PEDS,PERNOTMVIT,PERMVIT,PERSONS,COUNTY,CITY,DAY,MONTH,YEAR,DAY_WEEK,HOUR,MINUTE,NHS,RUR_URB,FUNC_SYS,RD_OWNER,ROUTE,TWAY_ID,TWAY_ID2,MILEPT,LATITUDE,LONGITUD,SP_JUR,HARM_EV,MAN_COLL,RELJCT1,RELJCT2,TYP_INT,WRK_ZONE,REL_ROAD,LGT_COND,WEATHER1,WEATHER2,WEATHER,SCH_BUS,RAIL,NOT_HOUR,NOT_MIN,ARR_HOUR,ARR_MIN,HOSP_HR,HOSP_MN,CF1,CF2,CF3,FATALS,DRUNK_DR
48,480993,2,2,0,0,0,4,4,113,1730,22,4,2016,6,21,35,1,2,1,1,1,I-35E STEMMONS FWY,,178,32.79613056,-96.815238890000,0,25,0,0,1,1,0,4,3,1,0,1,0,0000000,99,99,99,99,99,99,0,0,0,1,1
48,480994,2,2,0,0,0,4,4,209,6170,22,4,2016,6,16,14,1,2,3,98,3,SR-21 AIRPORT HWY,HARRIS HILL RD,20,29.89341111,-97.881163890000,0,12,2,0,2,3,0,1,1,1,0,1,0,0000000,16,14,16,26,17,12,0,0,0,1,0
48,480995,5,5,0,0,0,7,7,339,0,22,4,2016,6,10,50,1,1,3,98,3,SR-105,,323,30.33131944,-95.302400000000,0,12,1,0,1,1,0,1,1,1,0,1,0,0000000,99,99,99,99,99,99,0,0,0,3,0
48,480996,2,2,0,0,0,4,4,113,1730,22,4,2016,6,23,33,1,2,1,1,1,I-20 LBJ FWY,,197,32.66145556,-96.727536110000,0,12,1,1,18,1,0,1,2,1,0,1,0,0000000,99,99,99,99,99,99,23,0,0,1,0
48,480997,7,7,0,0,0,9,9,201,0,25,4,2016,2,16,45,1,2,2,98,7,SL8 SAM HOUSTON PKWY,,156,29.93420000,-95.250986110000,0,12,7,0,1,1,0,1,1,1,0,1,0,0000000,16,45,16,53,17,27,0,0,0,2,1
48,480998,1,1,0,0,0,1,1,267,0,25,4,2016,2,19,39,0,1,6,98,8,RM385,,176,30.47860000,-99.421600000000,0,42,0,0,1,1,0,4,1,1,0,1,0,0000000,99,98,99,98,88,88,0,0,0,1,1
48,480999,1,1,0,0,0,1,1,439,2450,26,4,2016,3,11,23,0,8,98,98,6,RISINGER RD,,0,32.61393611,-97.316969440000,0,1,0,0,1,1,0,4,1,1,0,1,0,0000000,99,98,99,98,88,88,0,0,0,1,0
48,481000,1,1,0,1,1,1,1,439,4965,26,4,2016,3,10,59,0,8,98,98,6,RUFE SNOW DR,BUENOS AIRES DR,0,32.84780000,-97.238605560000,0,8,0,0,3,3,0,4,1,1,0,1,0,0000000,11,12,11,23,11,37,0,0,0,1,1
48,481001,1,1,0,1,1,1,1,241,0,27,4,2016,4,23,45,1,1,3,98,2,US-96,CR-722,15,30.42586944,-93.984738890000,0,8,0,0,2,3,0,1,2,10,0,10,0,0000000,99,99,99,99,99,99,0,0,0,1,0
48,481002,1,1,0,1,1,1,1,439,2450,27,4,2016,4,21,54,1,2,1,1,1,I-35/SOUTH FWY,,42,32.70901944,-97.320738890000,0,8,0,0,1,1,0,1,3,1,0,1,0,0000000,99,98,99,98,88,88,0,0,0,1,0
48,481003,2,2,0,0,0,3,3,439,3347,27,4,2016,4,12,43,1,2,1,1,1,I-820,,252,32.82129722,-97.205505560000,0,12,6,0,1,1,0,1,1,1,0,1,0,0000000,12,52,12,57,13,37,0,0,0,1,0
48,481004,1,1,0,1,1,1,1,361,5100,28,4,2016,5,16,28,1,2,1,1,7,I-10/LUTCHER DRIVE,SR-62,180,30.11503333,-93.821033330000,0,8,0,1,3,2,0,1,1,1,0,1,0,0000000,88,88,88,88,88,88,0,0,0,1,0
48,481005,2,2,0,0,0,2,2,245,5430,29,4,2016,6,7,48,0,8,98,98,6,7TH ST,,0,29.88658889,-93.925283330000,0,12,1,0,1,1,0,1,1,10,0,10,0,0000000,99,99,99,99,99,99,0,0,0,1,0
48,481006,1,1,0,0,0,2,2,429,0,29,4,2016,6,12,57,0,1,4,98,3,SR-67,,155,32.78131944,-98.836011110000,0,1,0,0,1,1,0,1,1,1,0,1,0,0000000,13,12,13,46,14,47,0,0,0,2,0
48,481007,2,2,0,0,0,2,2,201,3280,30,4,2016,7,1,57,0,8,98,98,6,HIRAM CLARKE RD,,0,29.62850556,-95.446275000000,0,12,6,0,1,1,0,1,3,10,0,10,0,0000000,1,57,2,3,88,88,0,0,0,1,2
48,481008,1,1,0,0,0,1,1,459,0,30,4,2016,7,5,12,0,1,5,98,8,FM 1649,,97,32.78820000,-94.731519440000,0,18,0,0,1,1,0,1,2,10,0,10,0,0000000,99,98,99,98,88,88,0,0,0,1,0
48,481009,1,1,0,0,0,1,1,55,0,11,4,2016,2,2,45,0,1,5,98,3,SR-304,,48,29.78047500,-97.409186110000,0,1,0,0,1,1,0,4,2,2,0,2,0,0000000,99,99,99,99,99,99,0,0,0,1,0
48,481010,1,1,0,0,0,1,1,463,0,15,4,2016,6,20,15,0,1,5,98,8,FM 1049,,6,29.28560000,-99.634588890000,0,1,0,0,1,1,0,4,1,1,0,1,0,0000000,99,98,99,98,88,88,0,0,0,1,1
48,481011,1,1,0,0,0,10,10,61,0,17,4,2016,1,18,8,0,1,5,98,3,SR-4/BOCA CHICA HWY,,276,25.96318056,-97.228750000000,0,1,0,0,1,1,0,4,1,10,0,10,0,0000000,18,19,18,39,19,15,0,0,0,1,0
48,481012,1,1,0,0,0,2,2,65,0,19,4,2016,3,9,21,0,1,4,98,3,SR-152,,81,35.56700000,-101.177861110000,0,1,0,0,1,1,0,4,1,2,0,2,0,0000000,9,19,9,34,10,4,0,0,0,1,0
48,481014,2,2,0,0,0,3,3,113,2590,21,4,2016,5,21,9,1,2,4,98,3,SR-78/GARLAND AVE,SEVENTEENTH ST,85,32.89084167,-96.651513890000,0,12,6,0,2,3,0,1,3,1,0,1,0,0000000,21,12,21,17,22,10,0,0,0,1,1
48,481015,1,1,0,1,1,1,1,113,1730,22,4,2016,6,2,21,1,2,2,98,7,US 75/CENTRAL EXPY,SL 12/MOCKINGBIRD LN,115,32.83651944,-96.778361110000,0,8,0,0,2,2,0,1,3,1,0,1,0,0000000,99,99,99,99,99,99,0,0,0,1,0
48,481016,1,1,0,0,0,4,4,39,0,23,4,2016,7,17,35,0,8,98,98,4,CR-42/SANDY POINT RD,,0,29.35386111,-95.570680560000,0,1,0,0,1,1,0,4,1,1,0,1,0,0000000,17,40,17,56,18,47,0,0,0,1,1
48,481017,1,1,0,0,0,1,1,113,1730,29,4,2016,6,23,4,1,2,3,98,8,SL 12/BUCKNER BLVD,,51,32.80102500,-96.682541670000,0,23,0,0,1,1,0,4,2,10,0,10,0,0000000,99,99,99,99,99,99,0,0,0,1,1
48,481018,2,2,0,0,0,3,3,29,6090,30,4,2016,7,23,42,0,8,98,98,6,MILITARY DR,CHINOOK,0,29.44909444,-98.692416670000,0,12,6,0,2,3,0,1,3,1,0,1,0,0000000,99,99,99,99,99,99,0,0,0,1,2
48,481019,2,2,0,0,0,3,3,113,1730,30,4,2016,7,1,25,0,8,98,98,6,MILLER RD,PLANO RD,0,32.89457778,-96.700311110000,0,12,2,0,2,2,0,1,3,10,0,10,0,0000000,99,99,99,99,99,99,0,0,0,1,0
48,481020,3,3,0,0,0,5,5,423,0,25,1,2016,2,7,30,0,1,4,98,3,SR-110,,116,32.19435000,-95.206930560000,0,12,2,0,1,1,0,1,1,1,0,1,0,0000000,7,35,7,44,8,42,0,0,0,1,0
48,481021,2,2,0,0,0,4,4,479,3899,17,2,2016,4,13,51,1,2,3,98,8,FM1472 MINES RD,RANCHO VIEJO DR,161,27.59197500,-99.512280560000,0,12,6,0,2,3,0,1,1,10,0,10,0,0000000,13,52,13,55,14,7,0,0,0,1,0
48,481022,2,2,0,0,0,2,2,61,940,29,2,2016,2,17,57,0,8,98,98,6,LOS EBANOS BLVD,ROCKWELL DR,0,25.92635556,-97.488102780000,0,12,6,0,2,4,0,1,1,10,0,10,0,0000000,17,59,18,5,18,35,0,0,0,1,0
48,481023,2,2,0,0,0,2,2,39,0,29,3,2016,3,20,7,0,1,5,98,8,FM521,,190,29.00157222,-95.642672220000,0,12,7,0,1,1,0,1,3,1,0,1,0,0000000,99,99,99,99,99,99,0,0,0,1,1
48,481024,2,2,0,0,0,3,3,113,1730,8,4,2016,6,7,20,0,8,98,98,6,JUPITER RD,FERNALD AVE,0,32.86003056,-96.683000000000,0,12,6,0,2,2,0,1,4,1,0,1,0,0000000,99,99,99,99,99,99,0,0,0,1,0
48,481025,2,2,0,0,0,3,3,201,0,12,4,2016,3,21,30,1,2,2,98,3,SR-249 BAMMEL NORTH HOUSTON RD,SL8 SAM HOUSTON PKWY,7,29.93756389,-95.497938890000,0,12,6,1,2,2,0,1,2,10,0,10,0,0000000,99,98,99,98,88,88,0,0,0,2,1
48,481026,1,1,0,0,0,2,2,231,0,21,4,2016,5,13,55,0,1,4,98,2,US-69,,45,33.23675556,-96.167013890000,0,38,0,0,1,1,0,5,1,1,0,1,0,0000000,14,5,14,26,15,2,0,0,0,1,0
48,481027,1,1,0,1,1,1,1,453,330,22,4,2016,6,6,20,0,2,4,98,8,FM1325 BURNET RD,WATERFORD CENTER BLVD,62,30.37726944,-97.725505560000,0,8,0,0,2,2,0,1,2,1,0,1,0,0000000,99,98,99,98,88,88,0,0,0,1,0
48,481028,1,1,0,0,0,1,1,215,0,22,4,2016,6,23,0,0,1,5,98,8,FM490,,13,26.47566944,-98.333813890000,0,38,0,0,1,1,0,4,2,99,0,99,0,0000000,99,98,99,98,88,88,0,0,0,1,1
48,481029,1,1,0,1,1,1,1,201,3280,24,4,2016,1,2,28,0,8,98,98,6,HILLCROFT,,0,29.72780278,-95.501266670000,0,8,0,0,1,1,0,1,3,1,0,1,0,0000000,99,98,99,98,88,88,0,0,0,1,1
48,481030,1,1,0,0,0,1,1,349,0,24,4,2016,1,16,17,0,1,5,98,8,BI45F,,85,32.14859722,-96.468025000000,0,33,0,0,1,1,0,4,1,1,0,1,0,0000000,99,99,99,99,99,99,0,0,0,1,0
48,481031,2,2,0,0,0,4,4,81,0,26,4,2016,3,12,15,1,1,3,98,2,US-87,,51,31.70224444,-100.781105560000,0,12,1,0,1,1,0,1,1,1,0,1,0,0000000,99,98,99,98,88,88,0,0,0,2,0
48,481032,2,1,1,1,1,1,1,339,0,26,4,2016,3,15,4,1,2,1,1,7,I-69/US-59,,41,30.09730556,-95.239113890000,0,8,0,0,1,1,1,1,1,1,0,1,0,0000000,99,98,99,98,88,88,0,0,0,2,0
48,481033,1,1,0,0,0,2,2,373,6312,28,4,2016,5,20,5,1,1,3,98,2,US-59,,192,30.85281944,-94.855433330000,0,33,0,0,1,1,0,3,2,1,0,1,0,0000000,20,19,20,25,21,2,0,0,0,1,0
48,481034,1,1,0,1,1,1,1,477,0,28,4,2016,5,22,12,1,1,3,98,2,US-290,CR-WILLIAM B TRAVIS RD,219,30.13718333,-96.330533330000,0,8,0,0,2,3,0,1,2,1,0,1,0,0000000,99,98,99,98,88,88,0,0,0,1,0
48,481035,1,1,0,1,1,1,1,201,0,29,4,2016,6,21,35,0,8,98,98,4,CR-ALDINE WESTFIELD RD,CR-TRAILING VINE RD,0,30.05152222,-95.388697220000,0,8,0,0,2,3,0,1,2,1,0,1,0,0000000,99,99,99,99,99,99,0,0,0,1,0
48,481036,1,1,0,0,0,1,1,49,950,30,4,2016,7,20,58,0,8,98,98,6,BURNETT DR,,0,31.66773333,-98.992563890000,0,35,0,0,1,1,0,4,2,1,0,1,0,0000000,21,58,22,30,0,4,0,0,0,1,0
48,481037,1,1,0,0,0,1,1,183,0,30,4,2016,7,19,38,1,1,1,1,1,I-20,,124,32.43184167,-94.774811110000,0,42,0,0,1,1,0,3,1,1,0,1,0,0000000,99,98,99,98,88,88,0,0,0,1,0
48,481038,1,1,0,1,1,1,1,201,0,30,4,2016,7,4,45,1,2,1,1,7,I-45 NORTH FWY,,456,30.06383611,-95.433516670000,0,8,0,0,1,1,0,1,3,2,0,2,0,0000000,99,98,99,98,88,88,0,0,0,1,0
48,481039,2,2,0,0,0,2,2,201,3280,30,4,2016,7,2,6,0,8,98,98,6,KNOX ST,VICTORY DR,0,29.87098889,-95.423661110000,0,12,6,0,2,2,0,1,3,1,0,1,0,0000000,2,6,2,12,2,37,0,0,0,1,0
48,481040,2,1,1,0,0,1,1,201,3280,30,4,2016,7,19,34,0,8,98,98,6,HILLCROFT AVE,,0,29.64740000,-95.493475000000,0,33,0,0,1,1,0,4,1,1,0,1,0,0000000,99,98,99,98,88,88,14,0,0,1,1
48,481041,3,2,1,0,0,2,2,215,2110,30,4,2016,7,16,23,0,8,98,98,6,VETERANS BLVD,ALBERTA RD,0,26.25247222,-98.157336110000,0,12,6,0,2,2,0,1,1,1,0,1,0,0000000,99,99,99,99,99,99,0,0,0,1,0
48,481042,3,3,0,0,0,3,3,141,0,24,3,2016,5,11,30,1,2,3,98,3,SR-20/DONIPHAN DR,,26,31.96223611,-106.603811110000,0,12,1,0,8,1,0,1,1,1,0,1,0,0000000,11,28,12,1,12,56,0,0,0,1,0
48,481043,2,1,1,1,1,3,3,479,0,5,4,2016,3,15,24,1,1,1,1,1,I-35,,156,27.87318889,-99.400411110000,0,14,0,0,1,1,0,2,1,1,0,1,0,0000000,99,99,99,99,99,99,23,0,0,1,0
48,481044,1,1,0,1,1,1,1,113,2590,14,4,2016,5,20,40,0,8,98,98,6,LYONS RD,,0,32.84874167,-96.569525000000,0,8,0,0,1,1,0,1,2,1,0,1,0,0000000,20,40,20,44,21,6,0,0,0,1,0
48,481045,2,2,0,0,0,2,2,229,0,18,4,2016,2,7,20,1,1,1,1,1,I-10,,166,31.22746944,-105.774600000000,0,12,1,0,1,1,0,1,1,1,0,1,0,0000000,99,98,99,98,88,88,0,0,0,1,0
48,481046,2,2,0,0,0,2,2,389,0,21,4,2016,5,3,25,1,1,1,1,1,I-20,,236,31.39216389,-103.596697220000,0,12,2,0,1,1,0,1,2,1,0,1,0,0000000,99,98,99,98,88,88,0,0,0,1,1
48,481047,2,2,0,0,0,4,4,29,6090,23,4,2016,7,0,27,1,2,1,1,1,I-45,,347,29.53708889,-98.383933330000,0,12,1,0,1,1,0,1,3,1,0,1,0,0000000,99,99,99,99,99,99,19,0,0,1,0
48,481048,1,1,0,0,0,3,3,279,0,23,4,2016,7,10,51,0,8,98,98,4,CR-115,,0,34.03345556,-102.481525000000,0,10,0,0,6,1,0,1,1,1,0,1,0,014873M,11,9,11,47,12,24,0,0,0,3,0
48,481049,2,2,0,0,0,2,2,217,0,23,4,2016,7,13,40,0,1,4,98,3,SR-22,,2,31.86817500,-97.370252780000,0,12,6,0,1,1,0,1,1,1,0,1,0,0000000,13,52,14,4,14,47,0,0,0,1,0
48,481050,1,1,0,0,0,1,1,93,0,25,4,2016,2,10,49,0,1,6,98,8,FM 2318,,49,31.98498889,-98.496750000000,0,38,0,0,1,1,0,5,1,1,0,1,0,0000000,99,99,99,99,99,99,0,0,0,1,0
48,481051,1,1,0,1,1,1,1,127,1180,26,4,2016,3,18,39,1,2,3,98,2,US-83/1ST STREET,SAN PEDRO AVE,85,28.52716667,-99.854705560000,0,9,0,0,2,3,0,1,1,1,0,1,0,0000000,99,99,99,99,99,99,16,0,0,1,0
48,481052,2,2,0,0,0,5,5,61,0,29,4,2016,6,23,48,0,1,5,98,8,FM 106/GENERAL BRANT RD,CR-CENTERLINE RD,210,26.22770833,-97.541463890000,0,12,6,0,2,2,0,1,3,10,0,10,0,0000000,99,99,99,99,99,99,0,0,0,1,0
48,481053,2,2,0,0,0,2,2,141,2190,29,4,2016,6,20,52,1,2,2,98,7,SL 375/JOE BATTLE BLVD,,95,31.73735833,-106.267077780000,0,12,6,0,1,1,0,1,2,1,0,1,0,0000000,99,99,99,99,99,99,0,0,0,1,1
48,481055,2,2,0,0,0,2,2,201,0,30,4,2016,7,3,25,1,2,2,98,3,SR-146,,42,29.60378056,-95.032019440000,0,12,1,1,18,1,0,1,3,10,0,10,0,0000000,99,99,99,99,99,99,0,0,0,1,0
48,481056,1,1,0,0,0,1,1,201,0,30,4,2016,7,22,25,0,8,98,98,4,CR-HOLLOW TREE LN,,0,30.02445000,-95.439869440000,0,30,0,0,1,1,0,4,3,10,0,10,0,0000000,99,98,99,98,88,88,0,0,0,1,0
48,481057,2,2,0,0,0,2,2,203,0,30,4,2016,7,8,35,1,1,3,98,2,US-59,,51,32.63796944,-94.345769440000,0,12,6,0,1,1,0,1,1,10,0,10,0,0000000,99,98,99,98,88,88,0,0,0,1,1
48,481058,2,2,0,0,0,4,4,39,0,1,5,2016,1,14,21,0,1,4,98,3,SR-35,,287,29.22333056,-95.378130560000,0,12,2,0,1,1,0,1,1,1,0,1,0,0000000,14,25,14,43,15,8,0,0,0,1,0
48,481059,1,1,0,0,0,2,2,59,1400,1,5,2016,1,13,32,1,1,1,1,1,I-20,,77,32.42877778,-99.584563890000,0,43,0,0,1,1,0,10,1,10,0,10,0,0000000,13,37,13,40,14,40,0,0,0,1,0
48,481060,1,1,0,0,0,1,1,113,4530,1,5,2016,1,1,28,0,8,98,98,6,PEACHTREE DR,,0,32.78601944,-96.626150000000,0,30,0,0,1,1,0,4,3,1,0,1,0,0000000,1,29,1,35,1,58,0,0,0,1,1
48,481061,1,1,0,0,0,1,1,201,3280,1,5,2016,1,5,58,1,2,1,1,1,I-45 GULF FWY,,125,29.64601944,-95.247463890000,0,30,0,0,1,1,0,4,3,10,0,10,0,0000000,99,98,99,98,88,88,0,0,0,1,1
48,481062,2,2,0,0,0,5,5,313,0,1,5,2016,1,15,30,1,1,3,98,2,US-190,,135,30.89842778,-96.144919440000,0,12,2,0,1,1,1,1,1,1,0,1,0,0000000,15,59,15,59,16,30,0,0,0,1,0
48,481063,1,1,0,0,0,1,1,307,0,1,5,2016,1,17,3,0,1,4,98,2,US-190,,53,31.00824722,-99.519222220000,0,32,0,0,1,1,0,4,1,10,0,10,0,0000000,99,98,99,98,88,88,0,0,0,1,0
48,481064,2,2,0,0,0,3,3,325,0,1,5,2016,1,19,8,0,1,4,98,3,SR-16,,24,29.65030556,-98.814488890000,0,12,2,0,1,1,0,1,1,1,0,1,0,0000000,19,13,19,32,20,15,0,0,0,1,0
48,481065,1,1,0,1,1,1,1,453,330,1,5,2016,1,3,20,1,2,1,1,1,I-35,,174,30.26168333,-97.736077780000,0,8,0,0,1,1,0,1,3,1,0,1,0,0000000,99,98,99,98,88,88,0,0,0,1,0
48,481066,1,1,0,0,0,2,2,481,3882,1,5,2016,1,0,30,0,1,5,98,8,FM442,,12,29.21590833,-96.026061110000,0,42,0,0,1,1,0,4,2,10,0,10,0,0000000,0,35,0,44,1,39,0,0,0,1,0
48,481067,3,3,0,0,0,3,3,27,3690,2,5,2016,2,6,33,1,1,3,98,3,SR-195 FT HOOD ST,CHAPARRAL RD,77,31.02307500,-97.754683330000,0,12,6,0,2,3,0,1,1,10,0,10,0,0000000,6,33,6,48,7,22,0,0,0,1,0
48,481068,2,2,0,0,0,2,2,71,9997,2,5,2016,2,12,58,1,2,3,98,3,SR-146,,62,29.79747778,-94.906230560000,0,12,1,0,1,1,0,1,1,10,0,10,0,0000000,12,59,13,5,13,53,3,0,0,1,0
48,481070,2,2,0,0,0,2,2,497,0,2,5,2016,2,8,4,1,1,3,98,2,US-380,CR-1110,59,33.23137500,-97.670047220000,0,12,6,1,2,2,0,1,1,1,0,1,0,0000000,8,12,8,18,9,15,0,0,0,1,0
48,481071,1,1,0,1,1,1,1,5,3330,3,5,2016,3,6,0,1,1,3,98,2,US-69,1ST ST,95,31.27919722,-94.579827780000,0,8,0,0,2,3,0,1,4,1,0,1,0,0000000,99,99,99,99,99,99,0,0,0,1,0
48,481072,1,1,0,0,0,1,1,201,3280,3,5,2016,3,18,20,1,2,1,1,1,I-45 NORTH FWY,,178,29.78119722,-95.368180560000,0,18,0,1,5,1,0,10,1,1,0,1,0,0000000,99,98,99,98,88,88,0,0,0,1,1
48,481073,2,2,0,0,0,2,2,41,970,4,5,2016,4,12,10,1,2,3,98,8,HARVEY MITCHELL PKWY,LA BRISA DR,92,30.62510278,-96.377036110000,0,12,6,0,2,3,0,1,1,10,0,10,0,0000000,12,11,12,15,12,29,0,0,0,1,0
48,481074,1,1,0,1,1,1,1,113,1730,4,5,2016,4,20,56,0,8,98,98,6,LOMBARDY LN,,0,32.86645278,-96.885605560000,0,8,0,0,1,1,0,1,2,1,0,1,0,0000000,99,99,99,99,99,99,0,0,0,1,0
48,481075,3,3,0,0,0,5,5,161,0,4,5,2016,4,17,17,0,1,4,98,2,US-84,,112,31.64693056,-96.253519440000,0,12,2,0,1,1,0,2,1,1,0,1,0,0000000,17,24,17,33,17,54,0,0,0,4,1
48,481076,1,1,0,0,0,2,2,339,0,4,5,2016,4,19,35,0,8,98,98,4,CR-RAYFORD RD,,0,30.09867778,-95.361475000000,0,1,0,0,1,1,0,1,1,1,0,1,0,0000000,19,42,20,3,20,28,0,0,0,1,0
48,481078,3,3,0,0,0,3,3,25,0,5,5,2016,5,14,33,1,1,3,98,2,US-59,,16,28.50836944,-97.624677780000,0,12,1,0,1,1,1,1,1,1,0,1,0,0000000,14,43,15,17,15,49,0,0,0,1,0
48,481079,2,2,0,0,0,2,2,113,1730,5,5,2016,5,5,40,1,2,1,1,1,I-635 LBJ FWY,,106,32.92608889,-96.833355560000,0,12,1,0,1,1,0,1,3,1,0,1,0,0000000,99,98,99,98,88,88,0,0,0,1,0
48,481081,1,1,0,0,0,1,1,29,6090,6,5,2016,6,0,10,1,2,1,1,1,I-310 LOOP,INGRAM RD,115,29.46600556,-98.618858330000,0,25,0,1,19,1,0,4,3,1,0,1,0,0000000,99,99,99,99,99,99,0,0,0,1,0
48,481082,1,1,0,1,1,1,1,29,6090,6,5,2016,6,19,5,0,8,98,98,6,OCONNOR CV,,0,29.55973056,-98.382613890000,0,15,0,0,8,1,0,1,1,1,0,1,0,0000000,99,99,99,99,99,99,0,0,0,1,0
48,481083,1,1,0,1,1,1,1,141,2190,6,5,2016,6,10,14,1,2,1,1,1,I-10 REDD RD,,85,31.86525000,-106.577452780000,0,30,0,0,1,1,0,5,1,1,0,1,0,0000000,10,31,10,44,11,11,0,0,0,1,0
48,481084,2,1,1,0,0,3,3,141,2190,6,5,2016,6,15,47,1,2,2,98,7,US-54 GATEWAY NORTH BLVD,,119,31.86395000,-106.439933330000,0,33,0,0,8,1,0,4,1,1,0,1,0,0000000,15,50,16,2,16,23,0,0,0,1,0
48,481085,2,2,0,0,0,2,2,245,490,6,5,2016,6,11,8,1,2,3,98,8,SS-380,FRANKLIN ST,102,30.07270556,-94.099900000000,0,12,6,0,2,2,0,1,1,1,0,1,0,0000000,11,8,11,17,11,46,0,0,0,1,0
48,481086,1,1,0,1,1,1,1,439,2450,6,5,2016,6,1,25,1,2,1,1,1,I-820 LOOP,,109,32.80466389,-97.424722220000,0,8,0,1,18,1,0,1,2,1,0,1,0,0000000,99,98,99,98,88,88,0,0,0,1,0
48,481087,1,1,0,0,0,3,3,453,330,6,5,2016,6,23,18,0,8,98,98,6,BURLESON RD,,0,30.21989444,-97.733733330000,0,33,0,0,1,1,0,4,3,10,0,10,0,0000000,99,99,99,99,99,99,0,0,0,1,0
48,481088,2,2,0,0,0,2,2,457,0,6,5,2016,6,11,10,1,1,3,98,2,US-69,,1,30.66876944,-94.386538890000,0,12,6,0,8,1,0,1,1,1,0,1,0,0000000,99,99,99,99,99,99,0,0,0,1,0
48,481089,1,1,0,0,0,1,1,459,0,6,5,2016,6,7,40,0,1,4,98,2,US-271,,180,32.64631944,-94.932263890000,0,42,0,0,1,1,0,4,1,1,0,1,0,0000000,99,98,99,98,88,88,0,0,0,1,0
48,481090,1,1,0,1,1,4,4,37,6850,7,5,2016,7,12,57,1,2,3,98,2,US-82 NEW BOSTON RD,,124,33.43485278,-94.069011110000,0,8,0,0,1,1,0,1,1,1,0,1,0,0000000,99,99,99,99,99,99,0,0,0,1,0
48,481091,1,1,0,0,0,3,3,113,1730,7,5,2016,7,3,0,0,8,98,98,6,MOUNTAIN CREEK PKWY,,0,32.69625000,-96.963252780000,0,43,0,0,1,1,0,4,3,1,0,1,0,0000000,99,98,99,98,88,88,0,0,0,3,1
48,481092,1,1,0,0,0,1,1,201,480,7,5,2016,7,20,8,1,2,2,98,3,SR-146,,136,29.74879722,-94.986269440000,0,25,0,1,5,1,0,4,2,1,0,1,0,0000000,20,11,20,19,99,99,0,0,0,1,0
48,481093,2,2,0,0,0,4,4,201,530,7,5,2016,7,11,53,1,2,1,1,1,I-610,,320,29.69904167,-95.459002780000,0,12,1,0,1,1,0,1,1,1,0,1,0,0000000,99,98,99,98,88,88,0,0,0,1,1
48,481094,2,2,0,0,0,2,2,339,4667,7,5,2016,7,13,37,1,1,3,98,3,SR-105 EVA ST,,76,30.38925000,-95.693263890000,0,12,6,0,8,1,0,1,1,1,0,1,0,0000000,99,99,99,99,99,99,0,0,0,1,0
48,481095,1,1,0,1,1,2,2,375,0,7,5,2016,7,5,50,0,2,5,98,8,FM 1912,,7,35.25703889,-101.653638890000,0,8,0,0,1,1,0,1,2,1,0,1,0,0000000,99,98,99,98,88,88,0,0,0,1,0
48,481096,2,2,0,1,1,2,2,29,6090,8,5,2016,1,23,19,0,1,6,98,3,SR-151,,24,29.45499722,-98.687513890000,0,8,0,0,1,1,1,1,3,10,0,10,0,0000000,99,99,99,99,99,99,23,0,0,1,0
48,481097,2,2,0,0,0,3,3,41,1440,8,5,2016,1,1,34,1,2,2,98,3,SR-6 EARL RUDDER,,86,30.64752222,-96.315944440000,0,12,2,0,5,1,0,1,3,1,0,1,0,0000000,1,34,1,45,2,5,0,0,0,1,1
48,481098,2,2,0,0,0,2,2,41,1440,8,5,2016,1,2,5,1,2,2,98,3,SR-6 EARL RUDDER FWY,,111,30.61545556,-96.293133330000,0,12,1,1,18,1,0,1,3,1,0,1,0,0000000,2,5,2,15,99,99,0,0,0,1,0
48,481099,1,1,0,2,2,2,2,85,5730,8,5,2016,1,2,25,1,2,2,98,2,US-75 CENTRAL EXPY,,139,32.99527778,-96.709422220000,0,8,0,1,18,1,0,1,3,1,0,1,0,0000000,2,28,2,34,3,1,19,0,0,1,1
48,481100,2,2,0,0,0,2,2,113,1870,8,5,2016,1,5,8,1,2,1,1,1,I-35 E,,55,32.62658611,-96.823280560000,0,12,2,0,1,1,0,1,3,10,0,10,0,0000000,99,98,99,98,88,88,0,0,0,1,1
48,481102,1,1,0,0,0,2,2,21,0,9,5,2016,2,13,37,0,1,4,98,3,SR-95,,54,30.26451111,-97.327252780000,0,52,0,0,1,1,0,4,1,1,0,1,0,0000000,99,98,99,98,88,88,0,0,0,2,0
48,481103,2,2,0,0,0,2,2,27,3690,9,5,2016,2,19,47,1,2,2,98,2,US-190,,83,31.07923056,-97.696538890000,0,12,1,0,1,1,1,1,1,1,0,1,0,0000000,19,50,19,56,20,11,0,0,0,1,0
48,481104,1,1,0,1,1,2,2,113,1730,9,5,2016,2,0,30,0,8,98,98,6,WHEATLAND RD,,0,32.64760556,-96.869800000000,0,8,0,0,1,1,0,1,3,2,0,2,0,0000000,99,99,99,99,99,99,0,0,0,1,0