STATE,ST_CASE,VE_TOTAL,VE_FORMS,PVH_INVL,PEDS,PERNOTMVIT,PERMVIT,PERSONS,COUNTY,CITY,DAY,MONTH,YEAR,DAY_WEEK,HOUR,MINUTE,NHS,RUR_URB,FUNC_SYS,RD_OWNER,ROUTE,TWAY_ID,TWAY_ID2,MILEPT,LATITUDE,LONGITUD,SP_JUR,HARM_EV,MAN_COLL,RELJCT1,RELJCT2,TYP_INT,WRK_ZONE,REL_ROAD,LGT_COND,WEATHER1,WEATHER2,WEATHER,SCH_BUS,RAIL,NOT_HOUR,NOT_MIN,ARR_HOUR,ARR_MIN,HOSP_HR,HOSP_MN,CF1,CF2,CF3,FATALS,DRUNK_DR
48,481105,1,1,0,0,0,1,1,141,2190,9,5,2016,2,11,14,1,2,1,1,1,I-10,,111,31.84079444,-106.570894440000,0,57,0,0,1,1,1,3,1,1,0,1,0,0000000,99,98,99,98,88,88,0,0,0,1,0
48,481106,2,2,0,0,0,4,4,339,0,9,5,2016,2,13,30,0,1,5,98,8,FM2090,,37,30.22022778,-95.125733330000,0,12,2,0,1,1,0,1,1,10,0,10,0,0000000,99,99,99,99,99,99,0,0,0,2,0
48,481107,2,2,0,0,0,2,2,361,5100,9,5,2016,2,1,11,1,2,1,1,1,I-10,,204,30.12090833,-93.781677780000,0,12,6,0,1,1,1,1,3,10,0,10,0,0000000,99,98,99,98,88,88,0,0,0,1,0
48,481108,3,3,0,0,0,4,4,439,260,9,5,2016,2,10,48,1,2,1,1,1,I-20 RONALD REAGAN MEM HWY,,71,32.67543056,-97.136433330000,0,12,6,0,1,1,0,1,1,10,0,10,0,0000000,99,98,99,98,88,88,0,0,0,1,0
48,481109,1,1,0,0,0,1,1,29,6090,10,5,2016,3,23,22,0,8,98,98,6,WEST AVE,,0,29.49665278,-98.526016670000,0,30,0,0,1,1,0,4,3,1,0,1,0,0000000,99,98,99,98,88,88,0,0,0,1,0
48,481110,1,1,0,1,1,1,1,439,2450,10,5,2016,3,7,40,1,2,3,98,3,SR-180 LANCASTER AVE,,162,32.73982778,-97.280775000000,0,8,0,0,1,1,0,1,1,1,0,1,0,0000000,99,98,99,98,88,88,0,0,0,1,0
48,481111,2,2,0,0,0,6,6,273,0,11,5,2016,4,15,0,0,1,4,98,3,SR-285,,82,27.25957500,-97.856091670000,0,12,2,0,1,1,1,1,1,1,0,1,0,0000000,15,34,16,11,16,47,0,0,0,3,0
48,481112,1,1,0,0,0,5,5,215,0,28,2,2016,1,2,30,0,8,98,98,4,CR-MILE 13 NORTH RD,,0,26.24338611,-97.935900000000,0,1,0,0,1,1,0,4,2,1,0,1,0,0000000,99,99,99,99,99,99,0,0,0,1,1
48,481113,3,3,0,0,0,4,4,121,5350,17,3,2016,5,7,29,0,1,4,98,2,US-377,,27,33.38279444,-96.959577780000,0,12,8,0,1,1,0,1,4,10,0,10,0,0000000,7,33,7,43,8,40,0,0,0,1,0
48,481114,1,1,0,1,1,1,1,469,7190,23,3,2016,4,18,39,1,2,3,98,8,BU59T RIO GRANDE ST,,69,28.80639444,-96.988425000000,0,8,0,0,1,1,0,1,1,1,0,1,0,0000000,18,39,18,43,18,50,0,0,0,1,0
48,481116,2,2,0,0,0,3,3,229,0,12,4,2016,3,8,45,1,2,1,1,1,I-10,,723,31.04693056,-104.922641670000,0,12,6,0,7,1,0,1,2,1,0,1,0,0000000,99,99,99,99,99,99,0,0,0,2,0
48,481117,1,1,0,0,0,1,1,389,0,19,4,2016,3,16,0,1,1,3,98,2,US-285,,222,31.81577778,-103.900575000000,0,38,0,0,1,1,0,5,1,1,0,1,0,0000000,99,98,99,98,88,88,0,0,0,1,0
48,481118,1,1,0,0,0,2,2,299,0,24,4,2016,1,16,45,0,1,6,98,8,RM152,,29,30.70190000,-98.922672220000,0,1,0,0,1,1,0,4,1,1,0,1,0,0000000,16,52,17,15,18,27,0,0,0,2,0
48,481119,1,1,0,0,0,2,2,99,0,25,4,2016,2,13,14,0,1,4,98,3,SR-36,,57,31.55723333,-97.814461110000,0,32,0,0,1,1,0,4,1,1,0,1,0,0000000,99,98,99,98,88,88,0,0,0,2,0
48,481120,1,1,0,1,1,1,1,261,0,28,4,2016,5,4,40,1,1,3,98,2,US-77,,17,26.90362500,-97.790444440000,0,8,0,0,7,1,0,1,2,1,0,1,0,0000000,99,98,99,98,88,88,0,0,0,1,0
48,481121,1,1,0,1,1,1,1,355,0,29,4,2016,6,17,35,1,2,3,98,3,SR-44,,81,27.80348889,-97.711000000000,0,8,0,0,1,1,1,2,1,10,0,10,0,0000000,99,98,99,98,88,88,4,0,0,1,0
48,481122,1,1,0,0,0,1,1,303,4140,30,4,2016,7,18,40,1,2,2,98,7,SL 289,,45,33.54288889,-101.787797220000,0,59,0,0,1,1,0,4,1,1,0,1,0,0000000,99,98,99,98,88,88,0,0,0,1,1
48,481123,1,1,0,0,0,1,1,85,5540,1,5,2016,1,10,8,0,8,98,98,6,FM 1461/FRONTIER PKWY,PRAIRIE CROSSING,0,33.26270833,-96.801516670000,0,30,0,0,3,3,0,4,1,1,0,1,0,0000000,99,99,99,99,99,99,0,0,0,1,0
48,481124,1,1,0,0,0,2,2,335,0,1,5,2016,1,13,18,1,1,1,1,1,I-20,,307,32.41411944,-100.707988890000,0,25,0,0,1,1,0,3,1,10,0,10,0,0000000,99,99,99,99,99,99,0,0,0,1,0
48,481125,2,2,0,0,0,4,4,215,0,1,5,2016,1,20,25,0,1,6,98,8,FM 2812/REDBIRD ST,,25,26.38023056,-98.106066670000,0,12,2,0,1,1,0,1,2,1,0,1,0,0000000,99,99,99,99,99,99,0,0,0,1,1
48,481128,2,2,0,0,0,2,2,491,2620,4,5,2016,4,21,5,0,8,98,98,6,SHELL RD,ROSEDALE BLVD,0,30.68997222,-97.713172220000,0,12,1,0,3,2,0,1,2,1,0,1,0,0000000,21,5,21,10,21,39,0,0,0,1,0
48,481129,2,2,0,0,0,5,5,157,0,6,5,2016,6,12,37,1,2,3,98,3,SR-6,,126,29.51325000,-95.472550000000,0,12,1,0,1,1,0,1,1,1,0,1,0,0000000,12,26,12,39,13,22,23,0,0,1,0
48,481130,2,2,0,0,0,7,7,181,3290,6,5,2016,6,14,47,0,1,4,98,3,SR-5,BLYTHE RD,48,33.46540000,-96.595155560000,0,12,6,0,2,2,0,1,1,1,0,1,0,0000000,14,51,15,25,15,56,0,0,0,1,0
48,481131,2,2,0,0,0,2,2,439,2800,6,5,2016,6,20,50,1,2,3,98,8,SS-303,,4,32.71111944,-97.036063890000,0,12,1,0,8,1,1,1,3,1,0,1,0,0000000,99,98,99,98,88,88,0,0,0,1,0
48,481132,2,2,0,0,0,3,3,281,0,8,5,2016,1,9,45,1,1,3,98,2,US-190,CR-2461,22,31.21833889,-98.529350000000,0,12,6,0,2,3,0,1,1,10,0,10,0,0000000,10,10,10,44,11,50,0,0,0,1,1
48,481133,2,2,0,0,0,3,3,209,0,9,5,2016,2,17,45,0,1,5,98,8,FM 150,,271,30.04560000,-97.974819440000,0,12,2,0,1,1,0,1,1,1,0,1,0,0000000,99,99,99,99,99,99,0,0,0,2,0
48,481134,1,1,0,0,0,1,1,489,0,9,5,2016,2,17,15,1,1,3,98,2,US-77,,105,26.59111944,-97.767250000000,0,1,0,0,1,1,0,3,1,1,0,1,0,0000000,99,98,99,98,88,88,0,0,0,1,0
48,481135,2,2,0,0,0,2,2,27,570,10,5,2016,3,20,19,0,2,4,98,8,SL 121,CONNELL ST,45,31.03152778,-97.478688890000,0,12,6,0,2,3,0,1,3,10,0,10,0,0000000,99,98,99,98,88,88,0,0,0,1,0
48,481136,3,3,0,0,0,6,6,113,1730,10,5,2016,3,20,0,0,8,98,98,6,2ND AVE,FITZHUGH AVE,0,32.77195556,-96.757163890000,0,12,6,0,2,3,0,1,3,1,0,1,0,0000000,99,99,99,99,99,99,0,0,0,1,0
48,481137,1,1,0,0,0,1,1,217,0,10,5,2016,3,13,50,0,1,5,98,8,FM 934,,23,32.09493889,-97.340930560000,0,42,0,0,1,1,0,4,1,1,0,1,0,0000000,99,98,99,98,88,88,0,0,0,1,0
48,481138,2,2,0,0,0,2,2,323,0,10,5,2016,3,6,35,0,1,5,98,8,FM 2644,,45,28.49771111,-100.240319440000,0,12,2,0,1,1,0,1,4,5,0,5,0,0000000,6,44,7,3,7,45,0,0,0,1,0
48,481139,3,3,0,0,0,4,4,201,0,11,5,2016,4,12,30,0,1,5,98,8,FM 1942,,83,29.84771111,-94.958600000000,0,12,6,0,1,1,0,1,1,1,0,1,0,0000000,12,45,13,5,13,26,0,0,0,1,0
48,481140,1,1,0,0,0,1,1,289,0,11,5,2016,4,22,0,0,1,5,98,8,FM 39,,373,31.07375000,-96.120250000000,0,42,0,0,1,1,0,4,2,1,0,1,0,0000000,99,98,99,98,88,88,0,0,0,1,0
48,481141,1,1,0,1,1,1,1,439,2450,11,5,2016,4,14,39,1,2,3,98,3,SR-180 LANCASTER AVE,SARGENT ST,0,32.74076667,-97.263475000000,0,8,0,0,3,2,1,1,1,1,0,1,0,0000000,14,40,14,47,15,9,0,0,0,1,0
48,481142,2,2,0,0,0,8,8,141,0,13,5,2016,6,14,24,0,8,98,98,6,BUNTLINE DR,SHOGUN CT,0,31.81511944,-106.172727780000,0,12,6,0,2,2,0,1,1,1,0,1,0,0000000,14,38,14,51,15,19,0,0,0,1,0
48,481143,2,2,0,0,0,2,2,201,0,13,5,2016,6,1,32,0,8,98,98,4,CR-GREEN RIVER DR,CR-MAYHAW LN,0,29.83895556,-95.206313890000,0,12,6,0,8,1,0,1,2,1,0,1,0,0000000,99,98,99,98,88,88,0,0,0,1,1
48,481144,2,2,0,0,0,4,4,401,0,13,5,2016,6,4,8,0,1,5,98,3,SR-315,,84,32.02134167,-94.611900000000,0,12,2,0,1,1,0,1,2,1,0,1,0,0000000,99,99,99,99,99,99,0,0,0,2,0
48,481145,2,2,0,0,0,5,5,439,2450,13,5,2016,6,17,45,1,2,1,1,1,I-820,,49,32.74080278,-97.481447220000,0,12,1,1,18,1,0,1,1,1,0,1,0,0000000,17,46,17,53,18,31,28,0,0,1,0
48,481146,1,1,0,1,1,1,1,453,330,13,5,2016,6,14,17,0,8,98,98,6,GUALT,,0,30.35080278,-97.718027780000,0,8,0,0,1,1,0,1,1,1,0,1,0,0000000,99,98,99,98,88,88,0,0,0,1,0
48,481147,1,1,0,1,1,3,3,471,3340,13,5,2016,6,22,20,0,2,4,98,3,SR-75,DAVID ST,33,30.69200833,-95.528466670000,0,8,0,0,3,2,0,1,2,1,0,1,0,0000000,99,99,99,99,99,99,0,0,0,1,0
48,481148,3,3,0,0,0,5,5,113,1730,14,5,2016,7,22,49,1,1,1,1,1,I-35E N STEMMONS FWY,,269,32.88836389,-96.898191670000,0,12,1,1,18,1,0,1,3,1,0,1,0,0000000,99,99,99,99,99,99,23,0,0,1,0
48,481149,1,1,0,1,1,2,2,309,0,14,5,2016,7,22,30,1,1,1,1,1,I-35,,53,31.77041944,-97.103655560000,0,8,0,0,1,1,0,1,2,1,0,1,0,0000000,99,99,99,99,99,99,0,0,0,1,0
48,481150,2,2,0,0,0,2,2,423,7070,14,5,2016,7,21,37,0,8,98,98,6,GRANDE BLVD,,0,32.27993889,-95.323480560000,0,12,2,0,1,1,0,1,2,1,0,1,0,0000000,99,98,99,98,88,88,0,0,0,1,1
48,481151,2,1,1,0,3,2,5,29,6090,15,5,2016,1,0,41,0,8,98,98,6,KIPLING AVE,,0,29.38362222,-98.453316670000,0,14,0,0,1,1,0,7,3,1,0,1,0,0000000,99,99,99,99,99,99,0,0,0,1,1
48,481152,1,1,0,0,0,2,2,29,6090,15,5,2016,1,13,0,1,2,3,98,8,PA 1502 WURZBACH PKWY,,313,29.54239167,-98.424655560000,0,59,0,0,1,1,0,4,1,2,0,2,0,0000000,99,99,99,99,99,99,0,0,0,1,0
48,481153,1,1,0,0,0,1,1,61,940,15,5,2016,1,14,27,0,8,98,98,6,PRICE RD,,0,25.93573333,-97.500225000000,0,42,0,0,1,1,0,4,1,10,0,10,0,0000000,99,98,99,98,88,88,0,0,0,1,0
48,481154,1,1,0,1,1,1,1,201,3280,15,5,2016,1,6,24,0,8,98,98,6,CHIMNEY ROCK RD,,0,29.71974444,-95.476538890000,0,8,0,0,1,1,0,1,1,1,0,1,0,0000000,6,24,6,27,6,44,0,0,0,1,0
48,481155,1,1,0,1,1,1,1,361,0,15,5,2016,1,17,25,0,1,5,98,8,FM 105,,3,30.23880833,-94.021694440000,0,8,0,0,1,1,0,4,1,1,0,1,0,0000000,99,98,99,98,88,88,0,0,0,1,0
48,481156,1,1,0,0,0,1,1,41,1440,16,5,2016,2,8,9,1,2,2,98,3,SR-6 EARL RUDDER FWY,,123,30.59555556,-96.290275000000,0,1,0,0,1,1,0,1,1,2,0,2,0,0000000,8,9,8,15,8,27,0,0,0,1,0
48,481157,2,2,0,0,0,2,2,201,3280,16,5,2016,2,23,45,1,2,3,98,8,FM 521 ALMEDA RD,ALMEDA GENOA,72,29.61347222,-95.419627780000,0,12,8,0,3,2,0,1,3,1,0,1,0,0000000,23,48,23,52,0,39,0,0,0,1,2
48,481158,3,1,2,2,4,1,3,245,490,16,5,2016,2,13,42,1,2,2,98,2,US-69 EASTEX FWY,,17,30.15256389,-94.180375000000,0,14,0,0,1,1,0,2,1,10,0,10,0,0000000,13,43,13,49,14,17,14,15,19,1,0
48,481159,3,3,0,0,0,5,5,381,150,16,5,2016,2,15,32,0,8,98,98,6,COULTER ST,,0,35.14259444,-101.920072220000,0,12,6,0,1,1,0,1,1,1,0,1,0,0000000,99,99,99,99,99,99,0,0,0,1,0
48,481160,1,1,0,1,1,1,1,29,3943,25,3,2016,6,2,41,1,2,1,1,1,I-410 LOOP,SR-16 BANDERA RD,131,29.48272222,-98.599905560000,0,8,0,1,19,1,0,4,3,1,0,1,0,0000000,2,41,2,44,3,4,0,0,0,1,0
48,481161,1,1,0,0,0,1,1,461,0,19,4,2016,3,9,35,0,1,4,98,3,SR-329,,90,31.42999167,-102.180663890000,0,1,0,0,1,1,0,4,1,10,0,10,0,0000000,99,98,99,98,88,88,0,0,0,1,0
48,481162,2,2,0,0,0,3,3,135,0,5,5,2016,5,23,50,0,2,5,98,8,FM 3472,,10,31.84327222,-102.425672220000,0,12,1,0,1,1,0,1,2,1,0,1,0,0000000,23,49,23,54,0,12,0,0,0,1,1
48,481163,2,2,0,0,0,1,1,329,0,5,5,2016,5,5,10,0,1,5,98,8,FM 1788,,141,31.89277222,-102.209402780000,0,12,6,0,8,1,0,1,2,1,0,1,0,0000000,5,10,5,25,5,46,0,0,0,1,0
48,481164,3,3,0,0,0,3,3,271,0,9,5,2016,2,4,31,1,1,3,98,2,US-90,,37,29.36976667,-100.652841670000,0,12,8,0,1,1,1,1,2,1,0,1,0,0000000,99,99,99,99,99,99,0,0,0,1,0
48,481165,1,1,0,0,0,1,1,15,0,13,5,2016,6,23,4,1,1,3,98,8,FM 529,,37,29.36973889,-100.652819440000,1,43,0,0,1,1,0,4,2,1,0,1,0,0000000,99,98,99,98,88,88,0,0,0,1,0
48,481166,1,1,0,1,1,1,1,291,0,14,5,2016,7,4,51,0,1,4,98,3,SR-321,,208,30.11885278,-94.926230560000,0,8,0,0,1,1,0,1,2,5,0,5,0,0000000,99,98,99,98,88,88,0,0,0,1,0
48,481167,2,2,0,0,0,4,4,477,0,14,5,2016,7,17,14,1,1,3,98,2,US-290,,151,30.17021667,-96.442683330000,0,12,8,0,1,1,0,1,1,2,0,2,0,0000000,17,9,17,14,17,47,0,0,0,1,0
48,481168,1,1,0,1,1,3,3,25,0,18,5,2016,4,0,4,1,1,4,98,2,US-181,,42,28.30739722,-97.703322220000,0,8,0,0,1,1,0,1,2,10,0,10,0,0000000,99,98,99,98,88,88,23,0,0,1,0
48,481169,2,2,0,1,1,2,2,29,6090,22,1,2016,6,21,33,1,2,3,98,8,SL-345 FREDERICKSBURG RD,,250,29.50421111,-98.561505560000,0,8,0,0,1,1,0,1,3,1,0,1,0,0000000,99,99,99,99,99,99,0,0,0,1,0
48,481170,2,2,0,0,0,2,2,113,1730,13,2,2016,7,17,55,1,2,3,98,8,SL-12 NORTHWEST HWY,TOWN NORTH DR,284,32.85528611,-96.741952780000,0,12,2,0,2,2,0,1,5,1,0,1,0,0000000,99,99,99,99,99,99,0,0,0,1,0
48,481171,1,1,0,1,1,1,1,339,1510,12,3,2016,7,4,2,1,2,3,98,3,SR-105 DAVIS ST,,200,30.32826389,-95.502175000000,0,8,0,0,1,1,0,1,3,1,0,1,0,0000000,99,99,99,99,99,99,0,0,0,1,0
48,481172,2,2,0,2,2,5,5,201,3280,14,4,2016,5,23,39,0,8,98,98,6,CALHOUN RD,MACGREGOR WAY,0,29.71271111,-95.341375000000,0,12,7,0,2,3,0,1,3,1,0,1,0,0000000,23,48,23,53,0,30,0,0,0,1,2
48,481173,1,1,0,1,1,1,1,39,130,16,4,2016,7,19,46,0,8,98,98,6,SECOND ST,SNYDER ST,0,29.42605000,-95.255447220000,0,8,0,0,2,2,0,1,1,10,0,10,0,0000000,99,98,99,98,88,88,0,0,0,1,0
48,481174,1,1,0,0,0,1,1,201,0,28,4,2016,5,5,0,9,9,99,99,3,SR-99 GRAND PARKWAY,,99999,30.04814722,-95.752719440000,9,59,0,0,1,1,0,4,2,5,0,5,0,0000000,99,98,99,98,88,88,0,0,0,1,0
48,481175,1,1,0,0,0,1,1,29,6090,29,4,2016,6,12,35,0,8,98,98,6,SILICON DR,,0,29.55950833,-98.592741670000,0,33,0,0,1,1,0,4,1,1,0,1,0,0000000,99,98,99,98,88,88,0,0,0,1,0
48,481176,1,1,0,0,0,3,3,71,0,30,4,2016,7,21,30,0,8,98,98,4,CR-CAMP CREEK RD,,0,29.78675000,-94.836497220000,0,18,0,0,1,1,0,1,2,10,0,10,0,0000000,21,35,22,2,22,39,0,0,0,1,0
48,481177,1,1,0,0,0,2,2,367,0,30,4,2016,7,20,10,1,1,3,98,3,SR-199,,40,32.97928889,-97.786697220000,0,1,0,0,1,1,0,4,5,1,0,1,0,0000000,20,28,20,37,21,31,0,0,0,1,0
48,481178,2,2,0,0,0,5,5,453,0,30,4,2016,7,21,38,0,2,4,98,8,FM973,CR-SUNCREST RD,81,30.36908611,-97.531772220000,0,12,6,0,2,3,0,1,3,1,0,1,0,0000000,21,38,21,46,22,20,0,0,0,1,0
48,481179,1,1,0,1,1,1,1,29,6090,1,5,2016,1,6,30,1,2,1,1,7,I-410,,54,29.38014444,-98.641975000000,0,8,0,1,18,1,0,1,2,1,0,1,0,0000000,99,99,99,99,99,99,0,0,0,1,0
48,481180,2,2,0,0,0,4,4,215,0,2,5,2016,2,0,56,0,8,98,98,4,CR-TIMOTHY DR,,0,26.23850000,-97.998900000000,0,12,6,0,1,1,0,1,2,1,0,1,0,0000000,99,98,99,98,88,88,0,0,0,1,2
48,481181,1,1,0,1,1,1,1,113,1730,3,5,2016,3,19,55,1,2,1,1,1,I-35E STEMMONS FWY,,218,32.81989444,-96.869541670000,0,8,0,0,1,1,0,1,3,1,0,1,0,0000000,99,98,99,98,88,88,0,0,0,1,0
48,481182,1,1,0,1,1,1,1,157,3580,4,5,2016,4,9,4,0,1,5,98,8,FM1463,,21,29.77279444,-95.837461110000,0,8,0,0,1,1,0,2,1,1,0,1,0,0000000,99,99,99,99,99,99,0,0,0,1,0
48,481183,2,2,0,0,0,2,2,39,0,7,5,2016,7,1,45,1,2,3,98,3,SR-332,,140,29.00376389,-95.383072220000,0,12,6,0,1,1,0,1,2,1,0,1,0,0000000,99,98,99,98,88,88,0,0,0,2,1
48,481184,4,4,0,0,0,5,5,423,0,7,5,2016,7,22,18,9,9,99,99,3,SR-49 TOLL,,99999,32.35816111,-95.428302780000,9,12,2,0,1,1,0,1,2,1,0,1,0,0000000,22,20,22,32,23,4,14,0,0,3,0
48,481185,1,1,0,0,0,9,9,37,0,8,5,2016,1,4,5,1,1,1,1,1,I-30,,199,33.47577500,-94.426475000000,0,1,0,0,1,1,0,1,2,1,0,1,0,0000000,99,99,99,99,99,99,0,0,0,1,0
48,481186,2,2,0,0,0,2,2,339,0,10,5,2016,3,21,57,0,1,5,98,8,FM174,,48,33.57516667,-97.896775000000,0,12,6,0,8,1,0,1,7,1,0,1,0,0000000,22,5,22,50,23,39,0,0,0,1,0
48,481187,1,1,0,1,1,1,1,439,2450,10,5,2016,3,20,48,1,2,3,98,3,SR-180 LANCASTER AVE,,139,32.74615556,-97.317675000000,0,8,0,0,1,1,0,1,2,1,0,1,0,0000000,20,51,20,56,21,15,0,0,0,1,0
48,481188,1,1,0,0,0,1,1,13,0,11,5,2016,4,14,45,0,1,4,98,3,SR-16 BLUEWIND,,46,29.12375000,-98.591694440000,0,38,0,0,1,1,0,5,1,1,0,1,0,0000000,99,98,99,98,88,88,0,0,0,1,0
48,481189,1,1,0,0,0,1,1,123,0,12,5,2016,5,0,57,0,1,5,98,8,FM766,,165,29.11276389,-97.291636110000,0,34,0,0,1,1,0,4,2,1,0,1,0,0000000,99,99,99,99,99,99,0,0,0,1,1
48,481190,1,1,0,0,0,1,1,175,0,12,5,2016,5,23,32,0,1,4,98,2,US-183,,19,28.77010000,-97.388600000000,0,32,0,0,1,1,0,4,2,1,0,1,0,0000000,99,98,99,98,88,88,0,0,0,1,0
48,481191,2,2,0,0,0,2,2,437,0,12,5,2016,5,16,55,1,1,1,1,1,I-27,,31,34.35353056,-101.753361110000,0,12,1,0,1,1,0,1,1,1,0,1,0,0000000,99,98,99,98,88,88,0,0,0,1,0
48,481192,2,2,0,0,0,2,2,497,0,12,5,2016,5,22,27,1,1,3,98,2,US-81/US287,,103,33.11515000,-97.480461110000,0,12,2,0,1,1,0,1,2,1,0,1,0,0000000,22,24,22,36,22,32,0,0,0,1,2
48,481193,1,1,0,0,0,1,1,201,3280,13,5,2016,6,19,16,0,8,98,98,6,MEMORIAL DR,,0,29.76293611,-95.391200000000,0,3,0,0,1,1,0,5,1,1,0,1,0,0000000,99,98,99,98,88,88,0,0,0,1,1
48,481194,3,3,0,0,0,4,4,409,0,13,5,2016,6,15,24,0,1,5,98,8,FM 666,,38,28.04403889,-97.789238890000,0,12,11,0,1,1,0,1,1,1,0,1,0,0000000,99,98,99,98,88,88,0,0,0,1,0
48,481195,1,1,0,1,1,1,1,201,3280,14,5,2016,7,1,25,1,2,2,98,2,US-290/NORTHWEST FWY,,326,29.85440556,-95.515102780000,0,8,0,0,1,1,1,1,3,1,0,1,0,0000000,1,28,1,30,88,88,0,0,0,1,0
48,481196,1,1,0,0,0,2,2,201,3280,14,5,2016,7,17,17,0,8,98,98,6,MACGREGOR WAY,,0,29.70876944,-95.368997220000,0,23,0,0,1,1,0,4,1,2,0,2,0,0000000,17,17,17,33,17,59,0,0,0,1,1
48,481197,1,1,0,0,0,2,2,55,0,15,5,2016,1,6,23,1,1,3,98,2,US-183,,203,29.74758056,-97.654730560000,0,42,0,0,1,1,0,4,4,10,0,10,0,0000000,6,25,6,32,7,2,0,0,0,1,1
48,481198,1,1,0,0,0,1,1,289,0,15,5,2016,1,3,9,0,1,4,98,3,SR-7,,40,31.27820833,-95.915297220000,0,1,0,0,1,1,0,1,2,1,0,1,0,0000000,99,99,99,99,99,99,0,0,0,1,0
48,481199,2,2,0,0,0,2,2,451,0,15,5,2016,1,12,2,0,8,98,98,4,CR-LIPAN CREEK RD,CR-PHINNEY RD,0,31.44448056,-100.123800000000,0,12,2,0,2,2,0,1,1,10,0,10,0,0000000,12,2,12,23,12,52,0,0,0,1,0
48,481200,1,1,0,0,0,1,1,91,4870,16,5,2016,2,3,23,1,2,1,1,1,I-35,,65,29.66386667,-98.168572220000,0,35,0,0,1,1,0,10,2,2,0,2,0,0000000,99,99,99,99,99,99,0,0,0,1,0
48,481201,1,1,0,1,1,1,1,167,0,16,5,2016,2,20,45,0,2,4,98,8,FM 646/BAYSHORE,,214,29.49670278,-94.924813890000,0,8,0,0,1,1,0,1,3,1,0,1,0,0000000,20,54,21,13,21,30,0,0,0,1,0
48,481202,2,2,0,0,0,2,2,373,0,17,5,2016,3,10,14,1,1,3,98,2,US-59,,336,30.67820000,-94.951161110000,0,33,0,0,1,1,0,3,1,10,0,10,0,0000000,99,99,99,99,88,88,0,0,0,1,0
48,481203,1,1,0,1,1,1,1,113,1730,18,5,2016,4,1,9,1,2,1,1,1,I-30/RL THORNTON HWY,,108,32.79724167,-96.685383330000,0,8,0,0,1,1,0,1,3,1,0,1,0,0000000,99,98,99,98,88,88,0,0,0,1,0
48,481204,1,1,0,1,1,1,1,113,1730,18,5,2016,4,20,58,0,8,98,98,6,WESTMORELAND RD,BROOKLYNDELL AVE,0,32.73831389,-96.874122220000,0,8,0,0,3,3,0,1,3,2,0,2,0,0000000,99,99,99,99,88,88,0,0,0,1,0
48,481205,1,1,0,0,0,1,1,459,0,18,5,2016,4,2,39,1,1,3,98,2,US-271,,55,32.84211944,-94.951661110000,0,18,0,0,1,1,0,1,2,1,0,1,0,0000000,99,98,99,98,88,88,19,0,0,1,0
48,481206,1,1,0,0,0,1,1,401,0,19,5,2016,5,15,25,0,1,4,98,2,US-84,,207,31.92006944,-94.661380560000,0,42,0,0,1,1,0,4,1,2,0,2,0,0000000,99,98,99,98,88,88,0,0,0,1,0
48,481207,2,1,1,1,1,1,1,141,2190,20,5,2016,6,19,48,0,8,98,98,6,MT DELANO,,0,31.86741944,-106.415141670000,0,33,0,0,1,1,0,4,5,1,0,1,0,0000000,19,49,19,54,20,10,0,0,0,1,0
48,481208,2,2,0,0,0,3,3,303,4140,20,5,2016,6,10,6,1,2,1,1,7,I-27,US-84/SLATON RD,32,33.53673056,-101.843736110000,0,12,6,1,2,2,0,1,1,10,0,10,0,0000000,10,8,10,13,10,32,0,0,0,1,0
48,481209,2,2,0,0,0,2,2,453,330,20,5,2016,6,20,35,0,8,98,98,6,DESSAU RD,,0,30.35190556,-97.675213890000,0,12,6,0,1,1,0,1,1,1,0,1,0,0000000,20,35,20,41,21,7,0,0,0,1,0
48,481210,2,2,0,0,0,2,2,491,6780,20,5,2016,6,17,4,1,2,3,98,3,SR-95/MAIN ST,,151,30.60008333,-97.416311110000,0,12,6,0,8,1,0,1,1,1,0,1,0,0000000,99,98,99,98,88,88,0,0,0,1,0
48,481211,2,2,0,0,0,2,2,27,6810,21,5,2016,7,15,45,0,2,4,98,3,SR-317,,91,31.15201667,-97.430027780000,0,12,8,0,1,1,1,1,1,10,0,10,0,0000000,15,47,15,54,16,34,0,0,0,1,0
48,481212,1,1,0,0,0,2,2,113,1730,21,5,2016,7,0,56,0,8,98,98,6,WEBB CHAPEL EXT,,0,32.86030000,-96.857141670000,0,44,0,0,1,1,0,1,3,1,0,1,0,0000000,99,99,99,99,99,99,0,0,0,1,1
48,481213,2,2,0,0,0,2,2,183,4080,21,5,2016,7,1,21,0,2,4,98,8,FM1845 PINE TREE RD,,150,32.52263056,-94.803166670000,0,12,6,0,8,1,0,1,3,1,0,1,0,0000000,99,98,99,98,88,88,0,0,0,1,1
48,481214,3,3,0,0,0,3,3,187,4870,21,5,2016,7,10,6,0,2,4,98,8,FM725,,10,29.66530556,-98.094200000000,0,12,1,0,1,1,0,1,1,1,0,1,0,0000000,99,99,99,99,99,99,0,0,0,1,1