STATE,ST_CASE,VE_TOTAL,VE_FORMS,PVH_INVL,PEDS,PERNOTMVIT,PERMVIT,PERSONS,COUNTY,CITY,DAY,MONTH,YEAR,DAY_WEEK,HOUR,MINUTE,NHS,RUR_URB,FUNC_SYS,RD_OWNER,ROUTE,TWAY_ID,TWAY_ID2,MILEPT,LATITUDE,LONGITUD,SP_JUR,HARM_EV,MAN_COLL,RELJCT1,RELJCT2,TYP_INT,WRK_ZONE,REL_ROAD,LGT_COND,WEATHER1,WEATHER2,WEATHER,SCH_BUS,RAIL,NOT_HOUR,NOT_MIN,ARR_HOUR,ARR_MIN,HOSP_HR,HOSP_MN,CF1,CF2,CF3,FATALS,DRUNK_DR
48,481215,1,1,0,0,0,1,1,113,1730,22,5,2016,1,15,20,1,2,1,1,7,I-635 LBJ FWY,,65,32.92495278,-96.768327780000,0,39,0,0,1,1,0,4,1,10,0,10,0,0000000,99,99,99,99,99,99,0,0,0,1,0
48,481216,1,1,0,0,0,2,2,141,0,22,5,2016,1,2,0,1,2,1,1,7,I-10 GATEWAY WEST BLVD,,365,31.68359167,-106.263525000000,0,1,0,0,1,1,0,4,3,1,0,1,0,0000000,99,98,99,98,88,88,0,0,0,1,1
48,481217,2,2,0,0,0,2,2,491,2620,22,5,2016,1,12,24,0,8,98,98,6,WILLIAMS DR,,0,30.67901111,-97.710691670000,0,12,2,0,1,1,0,1,1,10,0,10,0,0000000,12,24,12,35,13,4,0,0,0,1,0
48,481218,1,1,0,1,1,1,1,139,5685,23,5,2016,2,0,6,0,2,4,98,8,FM664 OVILLA RD,,142,32.53177500,-96.811111110000,0,8,0,0,1,1,0,1,3,10,0,10,0,0000000,99,99,99,99,99,99,0,0,0,1,0
48,481219,1,1,0,0,0,1,1,439,2850,23,5,2016,2,5,20,0,8,98,98,6,FAIRWAY DR,,0,32.97925556,-97.059125000000,0,59,0,0,1,1,0,4,2,10,0,10,0,0000000,99,98,99,98,88,88,0,0,0,1,0
48,481220,1,1,0,0,0,1,1,29,6090,24,5,2016,3,13,25,1,2,2,98,2,US-90,,52,29.37761944,-98.720952780000,0,32,0,0,1,1,0,4,1,1,0,1,0,0000000,99,98,99,98,88,88,0,0,0,1,0
48,481221,2,2,0,0,0,2,2,439,260,24,5,2016,3,8,7,1,1,1,1,1,I-30,,303,32.75944167,-97.046286110000,0,24,0,0,1,1,0,4,1,2,0,2,0,0000000,99,98,99,98,88,88,14,0,0,1,0
48,481222,1,1,0,1,1,1,1,85,4230,27,4,2016,4,15,39,1,2,3,98,2,US-380/UNIVERSITY DR,GRAVES ST,101,33.21650000,-96.628894440000,0,8,0,0,3,2,0,1,1,1,0,1,0,0000000,15,40,15,42,15,55,0,0,0,1,0
48,481223,1,1,0,1,1,1,1,215,2110,6,5,2016,6,21,2,0,2,4,98,8,FM 1925/MONTE CRISTO RD,ISABELLA RD,86,26.34295556,-98.196433330000,0,8,0,0,3,3,0,1,2,1,0,1,0,0000000,99,98,99,98,88,88,0,0,0,1,0
48,481224,1,1,0,0,0,3,3,257,0,11,5,2016,4,15,4,0,2,4,98,8,FM 740,,34,32.70906944,-96.489569440000,0,1,0,0,1,1,0,4,1,1,0,1,0,0000000,15,9,15,34,15,52,0,0,0,1,0
48,481225,1,1,0,1,1,1,1,339,0,12,5,2016,5,22,50,1,1,3,98,8,FM 1774,,61,30.19003056,-95.716638890000,0,8,0,0,1,1,0,1,2,10,0,10,0,0000000,99,98,99,98,88,88,0,0,0,1,0
48,481226,1,1,0,0,0,2,2,113,3420,13,5,2016,6,12,11,1,2,1,1,1,I-635/LYNDON B JOHNSON FWY,,39,32.91468333,-96.954344440000,0,1,0,0,1,1,0,10,1,1,0,1,0,0000000,12,12,12,17,12,44,0,0,0,1,0
48,481227,2,1,1,1,2,1,2,201,0,21,5,2016,7,0,1,1,2,1,1,1,I-10,,395,29.77071111,-95.177850000000,0,18,0,0,1,1,1,2,3,10,0,10,0,0000000,0,5,0,13,99,99,14,0,0,1,1
48,481228,2,1,1,0,0,1,1,297,0,21,5,2016,7,22,41,1,1,3,98,2,US-281,,130,28.48535000,-98.178700000000,0,14,0,0,1,1,1,5,2,10,0,10,0,0000000,99,98,99,98,88,88,3,0,0,1,1
48,481229,1,1,0,0,0,2,2,361,7200,22,5,2016,1,18,20,1,2,1,1,1,I-10,,67,30.13596944,-94.004250000000,0,1,0,1,20,1,0,1,1,1,0,1,0,0000000,99,99,99,99,99,99,0,0,0,1,1
48,481230,1,1,0,0,0,1,1,401,0,22,5,2016,1,15,20,0,1,5,98,8,FM 1797,,39,32.31931944,-94.561661110000,0,42,0,0,1,1,0,4,1,1,0,1,0,0000000,99,98,99,98,88,88,0,0,0,1,0
48,481231,2,1,1,0,1,1,2,113,1730,30,1,2016,7,23,27,0,8,98,98,6,DALLAS NORTH TOLLWAY,,0,32.86150556,-96.811861110000,0,30,0,0,1,1,0,1,3,1,0,1,0,0000000,99,98,99,98,88,88,0,0,0,1,1
48,481232,1,1,0,0,0,1,1,397,0,7,4,2016,5,18,45,0,1,5,98,3,SR-276,,31,32.90090833,-96.367663890000,0,38,0,0,1,1,0,5,1,1,0,1,0,0000000,99,98,99,98,88,88,0,0,0,1,0
48,481233,2,2,0,0,0,3,3,167,1920,25,4,2016,2,16,0,1,2,3,98,3,SR-3,HUGHES RD,71,29.45252222,-95.040236110000,0,12,6,0,2,2,0,1,1,1,0,1,0,0000000,16,3,16,9,99,99,0,0,0,1,0
48,481234,4,4,0,0,0,8,8,113,1730,5,5,2016,5,21,25,1,2,2,98,8,SS366 WOODALL RODGERS FWY,,20,32.78956389,-96.801638890000,0,12,1,0,1,1,0,1,3,1,0,1,0,0000000,99,99,99,99,99,99,0,0,0,1,0
48,481235,2,2,0,0,0,4,4,467,0,6,5,2016,6,5,16,0,1,4,98,2,US-80,CR-1913,181,32.67828056,-95.771388890000,0,12,6,0,2,3,0,1,2,1,0,1,0,0000000,99,99,99,99,99,99,0,0,0,1,0
48,481236,1,1,0,1,1,2,2,39,0,8,5,2016,1,22,48,1,2,3,98,3,SR-6 MORRIS AVE,,3,29.49790000,-95.443008330000,0,8,0,0,1,1,0,1,2,1,0,1,0,0000000,22,50,23,2,23,28,0,0,0,1,0
48,481237,2,2,0,0,0,2,2,187,0,8,5,2016,1,2,40,1,1,4,98,3,SR-123,,6,29.79700833,-97.945441670000,0,12,8,0,1,1,0,1,2,1,0,1,0,0000000,99,99,99,99,99,99,0,0,0,1,1
48,481238,2,2,0,0,0,7,7,209,0,8,5,2016,1,14,6,1,1,3,98,2,US-290,,105,30.19196944,-98.071600000000,0,12,11,0,1,1,0,1,1,2,0,2,0,0000000,14,5,14,11,14,50,0,0,0,5,0
48,481239,2,1,1,0,0,1,1,453,5325,8,5,2016,1,22,16,0,8,98,98,6,EDGEMERE,,0,30.45340278,-97.646802780000,0,14,0,0,1,1,0,5,3,1,0,1,0,0000000,22,15,22,22,23,5,0,0,0,1,0
48,481240,2,2,0,0,0,2,2,453,0,10,5,2016,3,10,49,0,2,4,98,8,FM1825,CR-THREE POINTS RD,3,30.44970833,-97.658100000000,0,12,6,0,2,4,0,1,1,1,0,1,0,0000000,10,51,10,58,11,33,0,0,0,1,0
48,481241,1,1,0,0,0,1,1,201,3280,11,5,2016,4,9,0,0,8,98,98,6,MAIN ST,,0,29.78558611,-95.366155560000,0,33,0,0,1,1,0,4,1,10,0,10,0,0000000,99,99,99,99,88,88,0,0,0,1,0
48,481242,3,3,0,0,0,5,5,201,3280,12,5,2016,5,10,58,0,8,98,98,6,SCOTT,YELLOWSTONE BLVD,0,29.69356944,-95.361611110000,0,12,6,0,2,2,0,1,1,1,0,1,0,0000000,11,2,11,6,11,42,20,0,0,1,1
48,481243,2,2,0,0,0,3,3,389,0,12,5,2016,5,6,10,1,1,3,98,2,US-285,,395,31.59729444,-103.612766670000,0,12,2,0,1,1,0,2,2,1,0,1,0,0000000,99,99,99,99,99,99,0,0,0,1,1
48,481244,1,1,0,0,0,1,1,453,0,12,5,2016,5,6,0,0,8,98,98,4,CR-SPRINGDALE RD,,0,30.32396667,-97.658197220000,0,1,0,0,1,1,0,1,2,1,0,1,0,0000000,99,98,99,98,88,88,0,0,0,1,1
48,481245,1,1,0,0,0,1,1,113,1730,13,5,2016,6,22,30,1,2,3,98,8,SL-12 BUCKNER BLVD,HUME DR,81,32.75710000,-96.682936110000,0,40,0,0,8,1,0,4,3,1,0,1,0,0000000,99,99,99,99,88,88,0,0,0,1,0
48,481246,1,1,0,0,0,1,1,339,0,13,5,2016,6,0,41,0,1,5,98,8,FM 149,,14,30.54390000,-95.801308330000,0,1,0,0,1,1,0,4,2,1,0,1,0,0000000,99,99,99,99,99,99,0,0,0,1,0
48,481247,1,1,0,1,1,1,1,439,2450,13,5,2016,6,23,48,1,2,2,98,3,SR-121 AIRPORT FWY,,66,32.77287500,-97.292027780000,0,8,0,1,18,1,0,1,2,1,0,1,0,0000000,23,49,23,52,0,12,0,0,0,1,0
48,481248,3,3,0,1,1,2,2,11,0,14,5,2016,7,9,45,1,1,3,98,2,US-287,,88,35.14563056,-101.465852780000,0,12,1,0,7,1,0,1,1,10,0,10,0,0000000,9,45,9,57,10,37,0,0,0,1,0
48,481249,2,2,0,0,0,3,3,201,3280,14,5,2016,7,1,8,1,2,1,1,7,I-45,TIDWELL RD,302,29.84544444,-95.392341670000,0,12,6,1,2,2,0,1,3,1,0,1,0,0000000,1,11,1,21,1,51,20,0,0,1,1
48,481250,2,2,0,0,0,3,3,439,260,14,5,2016,7,8,12,1,2,1,1,7,I-30,,271,32.76039167,-97.101616670000,0,12,1,1,18,1,0,1,1,10,0,10,0,0000000,99,99,99,99,99,99,0,0,0,1,0
48,481251,1,1,0,0,0,1,1,113,1730,16,5,2016,2,11,0,1,2,3,98,8,SL 12 GREAT TRINITY FOREST WAY,,206,32.71327500,-96.694186110000,0,30,0,0,1,1,0,4,1,1,0,1,0,0000000,99,99,99,99,99,99,0,0,0,1,0
48,481252,2,2,0,0,0,2,2,439,2990,16,5,2016,2,10,56,1,2,2,98,3,SR-121,,47,32.79010000,-97.251819440000,0,12,1,0,1,1,0,1,1,1,0,1,0,0000000,11,3,11,16,11,32,0,0,0,1,0
48,481253,2,2,0,0,0,2,2,471,0,16,5,2016,2,18,20,1,1,1,1,1,I-45,,69,30.60847500,-95.505938890000,0,57,0,0,1,1,0,3,1,10,0,10,0,0000000,99,98,99,98,88,88,0,0,0,1,0
48,481254,1,1,0,1,1,1,1,167,2570,17,5,2016,3,7,10,1,2,3,98,3,SR-87,,53,29.29429167,-94.813641670000,0,8,0,0,1,1,0,1,1,1,0,1,0,0000000,7,10,7,20,7,38,0,0,0,1,0
48,481255,1,1,0,1,1,1,1,373,0,17,5,2016,3,21,40,1,2,3,98,2,US-190,,341,30.72416111,-94.968963890000,0,9,0,0,1,1,0,1,2,1,0,1,0,0000000,99,99,99,99,99,99,0,0,0,1,0
48,481256,2,2,0,0,0,2,2,141,2190,18,5,2016,4,17,7,0,8,98,98,6,GEORGE DIETER,BOB MITCHELL,0,31.76073889,-106.301986110000,0,12,2,0,2,2,0,1,1,1,0,1,0,0000000,17,8,17,13,17,28,0,0,0,1,0
48,481257,2,2,0,1,1,3,3,113,1730,19,5,2016,5,23,43,0,2,2,98,3,SR-75 CENTRAL EXPY,,77,32.89071389,-96.769577780000,1,8,0,0,1,1,0,1,3,10,0,10,0,0000000,99,99,99,99,99,99,19,0,0,1,0
48,481258,1,1,0,1,1,1,1,201,3280,19,5,2016,5,20,29,1,2,3,98,8,FM 865 CULLEN BLVD,,2,29.70152222,-95.348675000000,0,8,0,0,1,1,0,1,3,1,0,1,0,0000000,20,29,20,32,20,45,0,0,0,1,0
48,481259,2,2,0,0,0,2,2,381,0,19,5,2016,5,14,43,1,2,3,98,8,SL 335,,69,35.12033056,-101.806611110000,0,12,6,0,5,1,0,1,1,10,0,10,0,0000000,99,98,99,98,88,88,0,0,0,1,0
48,481260,2,2,0,0,0,2,2,467,0,19,5,2016,5,11,26,0,1,4,98,3,SR-64,,262,32.43941944,-95.682838890000,0,12,1,0,1,1,0,2,1,2,0,2,0,0000000,11,31,11,43,12,30,0,0,0,1,0
48,481261,2,2,0,0,0,5,5,29,6090,20,5,2016,6,2,13,1,2,2,98,2,US-281,,62,29.64539722,-98.451916670000,0,12,7,0,1,1,0,1,3,10,0,10,0,0000000,99,99,99,99,99,99,0,0,0,1,0
48,481262,1,1,0,0,0,1,1,97,2550,20,5,2016,6,15,0,1,1,1,1,1,I-35,,192,33.69230000,-97.162086110000,0,57,0,0,1,1,0,3,1,1,0,1,0,0000000,15,7,15,33,16,13,0,0,0,1,0
48,481263,2,2,0,1,1,2,2,113,1730,20,5,2016,6,23,35,1,2,3,98,8,SL12,,329,32.68524722,-96.793233330000,0,8,0,0,1,1,0,1,2,1,0,1,0,0000000,99,98,99,98,88,88,0,0,0,1,0
48,481264,2,2,0,0,0,2,2,201,3280,20,5,2016,6,23,29,0,8,98,98,6,PINEMONT DR,ALABONSON RD,0,29.84031111,-95.478108330000,0,12,6,0,2,3,0,1,3,1,0,1,0,0000000,23,29,23,37,0,6,0,0,0,1,0
48,481265,2,2,0,0,0,5,5,329,4560,20,5,2016,6,21,41,0,8,98,98,6,MIDLAND DR,,0,31.99011667,-102.132941670000,0,12,6,0,8,1,0,1,3,1,0,1,0,0000000,99,98,99,98,88,88,0,0,0,1,2
48,481266,2,2,0,0,0,4,4,29,6090,21,5,2016,7,2,32,1,2,3,98,8,FM78,,128,29.47860000,-98.364700000000,0,12,2,0,1,1,0,1,3,1,0,1,0,0000000,99,99,99,99,99,99,0,0,0,1,1
48,481267,3,1,2,1,2,1,2,113,1730,21,5,2016,7,23,58,1,2,1,1,1,I-45 JULIUS FWY,,171,32.73939444,-96.766936110000,0,14,0,0,1,1,0,2,2,1,0,1,0,0000000,99,99,99,99,99,99,14,15,0,1,0
48,481268,2,2,0,0,0,2,2,129,0,21,5,2016,7,9,35,1,1,3,98,2,US-287,,23,34.83735000,-100.627147220000,0,12,1,0,1,1,0,1,1,5,0,5,0,0000000,9,37,9,55,11,45,0,0,0,1,0
48,481269,3,3,0,0,0,5,5,201,0,21,5,2016,7,0,26,0,2,4,98,8,FM2920,KUYKENDAHL RD,149,30.07406667,-95.513383330000,0,12,6,0,2,2,0,1,3,10,0,10,0,0000000,0,26,0,41,1,29,14,0,0,3,1
48,481270,1,1,0,0,0,1,1,221,0,21,5,2016,7,12,35,0,1,5,98,8,FM4 LIPAN HWY,,64,32.52238611,-97.985980560000,0,52,0,0,1,1,0,4,1,10,0,10,0,0000000,12,53,13,4,13,53,0,0,0,1,0
48,481271,3,3,0,0,0,9,9,365,0,21,5,2016,7,10,15,0,1,5,98,3,SR-315,,161,32.13946389,-94.382891670000,0,12,1,0,8,1,0,1,1,1,0,1,0,0000000,10,20,10,29,11,24,0,0,0,4,0
48,481272,2,2,0,0,0,4,4,491,0,21,5,2016,7,5,48,1,2,4,98,3,SR-195,,188,30.73575278,-97.690627780000,0,12,2,0,1,1,0,1,2,10,0,10,0,0000000,5,46,5,53,6,26,0,0,0,1,0
48,481273,1,1,0,1,1,3,3,113,1730,22,5,2016,1,21,56,1,2,3,98,8,SL12 LEDBETTER DR,,248,32.69767500,-96.762236110000,0,15,0,0,1,1,0,1,2,1,0,1,0,0000000,99,98,99,98,88,88,0,0,0,1,0
48,481274,1,1,0,1,1,2,2,201,3280,22,5,2016,1,2,17,1,2,1,1,1,I-45 GULF FWY,,29,29.54268333,-95.143905560000,0,8,0,0,1,1,1,1,2,10,0,10,0,0000000,99,98,99,98,88,88,19,0,0,1,1
48,481275,1,1,0,0,0,2,2,233,0,22,5,2016,1,21,14,0,1,4,98,3,SR-152,,26,35.66560833,-101.353394440000,0,24,0,0,1,1,0,4,2,1,0,1,0,0000000,21,17,21,23,21,53,0,0,0,2,1
48,481276,2,2,0,0,0,4,4,113,1730,23,5,2016,2,22,20,0,8,98,98,6,MOCKINGBIRD LN,,0,32.80100556,-96.873772220000,0,12,1,0,1,1,0,1,3,10,0,10,0,0000000,99,98,99,98,88,88,0,0,0,1,0
48,481277,2,2,0,0,0,4,4,147,0,23,5,2016,2,6,45,0,1,5,98,3,SR-11,,250,33.39193611,-96.096752780000,0,12,6,0,1,1,0,1,1,2,0,2,0,0000000,6,57,7,12,8,4,0,0,0,3,0
48,481278,5,5,0,0,0,6,6,313,0,23,5,2016,2,13,58,1,1,1,1,1,I-45,,19,30.91048056,-95.791980560000,0,12,1,0,1,1,0,1,1,1,0,1,0,0000000,99,99,99,99,99,99,0,0,0,1,0
48,481279,2,2,0,0,0,3,3,39,4306,24,5,2016,3,16,5,0,2,4,98,8,FM1128 MASTERS RD,,42,29.51209167,-95.330630560000,0,12,2,0,1,1,0,1,1,1,0,1,0,0000000,17,4,17,30,18,2,0,0,0,2,0
48,481280,1,1,0,0,0,3,3,291,1770,24,5,2016,3,13,5,0,8,98,98,6,BROWN RD,,0,30.03238889,-94.884333330000,0,1,0,0,1,1,0,4,1,1,0,1,0,0000000,13,19,13,49,14,41,0,0,0,1,0
48,481281,2,2,0,0,0,2,2,201,3280,25,5,2016,4,11,47,0,8,98,98,6,MYRTLE,BOBBY LEE LANE,0,29.70959722,-95.302072220000,0,12,6,0,2,2,0,1,1,1,0,1,0,0000000,11,49,11,52,12,9,0,0,0,1,0
48,481282,2,2,0,0,0,2,2,439,2450,25,5,2016,4,17,30,1,2,3,98,3,SR-183/28TH ST,,88,32.79526111,-97.352200000000,0,12,6,0,8,1,1,1,1,1,0,1,0,0000000,17,31,17,40,18,0,0,0,0,1,0
48,481283,1,1,0,1,1,1,1,453,330,25,5,2016,4,23,22,1,2,1,1,1,I-35,,213,30.31197500,-97.708986110000,0,8,0,0,1,1,0,1,3,10,0,10,0,0000000,99,98,99,98,88,88,0,0,0,1,0
48,481284,2,2,0,0,0,2,2,73,0,26,5,2016,5,13,27,0,1,5,98,3,SR-135,,138,31.99000000,-95.239261110000,0,12,6,0,1,1,0,1,1,2,0,2,0,0000000,99,98,99,98,88,88,0,0,0,1,0
48,481285,2,2,0,0,0,4,4,113,1730,26,5,2016,5,18,42,0,8,98,98,6,CLARK RD,CLARKRIDGE DR,0,32.66678611,-96.945330560000,0,12,6,0,2,2,0,1,1,10,0,10,0,0000000,99,99,99,99,99,99,0,0,0,1,0
48,481286,2,1,1,1,1,1,1,161,0,26,5,2016,5,0,56,1,1,1,1,1,I-45,,259,31.81298889,-96.271369440000,0,8,0,0,1,1,0,1,2,10,0,10,0,0000000,1,11,1,36,2,45,23,14,0,1,0
48,481287,2,2,0,0,0,2,2,259,740,26,5,2016,5,13,10,1,2,3,98,3,SR-46/RIVER RD,,12,29.78920833,-98.710625000000,0,12,6,0,8,1,0,1,1,1,0,1,0,0000000,13,12,13,17,14,6,0,0,0,1,0
48,481288,2,2,0,0,0,2,2,329,0,26,5,2016,5,14,48,0,1,4,98,3,SR-349,,175,31.84548889,-102.033900000000,0,12,2,0,1,1,0,1,1,10,0,10,0,0000000,14,52,15,2,15,23,0,0,0,1,0
48,481289,1,1,0,0,0,1,1,121,1840,27,5,2016,6,1,5,0,2,4,98,8,FM 2449,,119,33.17672500,-97.192050000000,0,42,0,0,1,1,0,4,2,2,0,2,0,0000000,99,98,99,98,88,88,0,0,0,1,1
48,481290,2,2,0,0,0,5,5,161,0,27,5,2016,6,5,12,1,1,1,1,1,I-45,,69,31.56855000,-96.141838890000,0,12,2,0,1,1,0,1,2,2,0,2,0,0000000,5,21,5,40,7,35,0,0,0,2,1
48,481291,2,1,1,0,0,1,1,29,6090,28,5,2016,7,0,46,1,2,3,98,8,SL 345/FREDERICKSBURG RD,,277,29.47410556,-98.535675000000,0,40,0,0,1,1,0,4,3,1,0,1,0,0000000,99,99,99,99,99,99,14,0,0,1,1
48,481292,2,2,0,0,0,3,3,59,0,28,5,2016,7,22,2,1,2,3,98,3,SR-36,,12,32.30671944,-99.617830560000,0,24,0,0,1,1,1,4,2,10,0,10,0,0000000,22,10,22,25,23,4,0,0,0,2,2
48,481293,1,1,0,1,1,1,1,215,5330,28,5,2016,7,4,32,0,2,5,98,8,FM 3072/DICKER RD,,4,26.12414444,-98.202855560000,0,38,0,0,1,1,0,5,3,1,0,1,0,0000000,99,99,99,99,99,99,0,0,0,1,1
48,481294,2,2,0,0,0,3,3,27,3690,29,5,2016,1,19,23,1,2,3,98,8,FM 3470/STAN SCHUETER LOOP,LEDGESTONE DR,46,31.08095278,-97.768861110000,0,12,6,0,2,3,0,1,1,1,0,1,0,0000000,19,23,19,27,20,8,0,0,0,1,0
48,481295,2,2,0,0,0,4,4,29,6090,30,5,2016,2,1,21,1,2,3,98,8,SL 13/MILITARY DR,NORMA ST,38,29.35670833,-98.496988890000,0,12,6,0,2,3,0,1,3,1,0,1,0,0000000,99,99,99,99,99,99,0,0,0,1,1
48,481296,2,2,0,0,0,2,2,29,6090,30,5,2016,2,12,4,0,8,98,98,6,MARBACH RD,,0,29.41770556,-98.625741670000,0,12,2,0,1,1,0,1,1,10,0,10,0,0000000,99,99,99,99,99,99,0,0,0,1,0
48,481297,1,1,0,0,0,4,4,347,4810,30,5,2016,2,1,20,0,2,5,98,8,FM 1878/STARR AVE,,26,31.62267222,-94.627436110000,0,42,0,0,1,1,0,4,3,1,0,1,0,0000000,1,24,1,30,1,46,0,0,0,3,1
48,481298,1,1,0,1,1,1,1,113,3420,31,5,2016,3,1,12,0,8,98,98,6,BELT LINE RD,,0,32.87304722,-96.991741670000,0,9,0,0,1,1,0,1,3,1,0,1,0,0000000,1,14,1,19,1,40,0,0,0,1,0
48,481299,4,4,0,0,0,4,4,339,4667,23,3,2016,4,16,50,1,2,1,1,1,I-69/EASTEX FWY,,10,30.05116944,-95.252097220000,0,12,6,0,1,1,0,1,1,10,0,10,0,0000000,16,53,16,58,17,44,0,0,0,1,0
48,481300,2,2,0,0,0,2,2,465,0,18,4,2016,2,23,5,1,1,3,98,2,US-90,,97,29.78100000,-101.399000000000,0,12,2,0,1,1,0,1,2,2,0,2,0,0000000,99,98,99,98,88,88,0,0,0,1,0
48,481301,2,2,0,0,0,3,3,135,5030,24,4,2016,1,10,10,0,8,98,98,6,TANGLEWOOD LN,MCM PROMENADE CROSS,0,31.89500556,-102.342780560000,0,12,1,0,3,3,0,1,1,1,0,1,0,0000000,10,23,10,28,10,52,0,0,0,1,0
48,481302,1,1,0,0,0,1,1,201,3890,29,4,2016,6,7,36,0,8,98,98,7,FAIRMONT PKWY,,0,29.65167500,-95.039469440000,0,33,0,0,1,1,0,4,4,1,0,1,0,0000000,7,38,7,59,8,37,0,0,0,1,0
48,481303,1,1,0,0,0,6,6,27,0,5,5,2016,5,16,42,0,8,98,98,4,CR-SHAW RD,,0,30.95836111,-97.256711110000,0,38,0,0,1,1,0,5,1,1,0,1,0,0000000,16,49,17,3,17,46,0,0,0,1,0
48,481304,2,2,0,0,0,2,2,251,2690,5,5,2016,5,5,48,0,1,5,98,3,SR-171,,47,32.49190278,-97.581000000000,0,12,2,0,1,1,0,1,2,1,0,1,0,0000000,99,98,99,98,88,88,0,0,0,1,0
48,481305,1,1,0,1,1,1,1,183,0,7,5,2016,7,5,51,0,1,4,98,3,SR-31,,4,32.37728056,-94.978569440000,0,8,0,0,1,1,0,1,2,1,0,1,0,0000000,99,98,99,98,88,88,0,0,0,1,0
48,481306,1,1,0,1,1,1,1,99,0,11,5,2016,4,7,10,0,8,98,98,4,CR-CACTUS LN,CR-WEDGEWOOD LN,0,31.19640278,-97.925102780000,0,8,0,0,2,2,0,1,1,1,0,1,0,0000000,7,21,7,43,8,11,0,0,0,1,0
48,481307,3,3,0,0,0,5,5,507,0,11,5,2016,4,17,56,0,1,3,98,2,US-57,,108,28.94771944,-99.682850000000,0,12,1,0,1,1,1,1,1,1,0,1,0,0000000,17,56,18,16,99,99,3,0,0,1,0
48,481308,2,2,0,0,0,2,2,355,1550,14,5,2016,7,1,26,1,2,3,98,8,FM 43/WEBER RD,,100,27.71064444,-97.405544440000,0,12,7,0,1,1,0,1,3,1,0,1,0,0000000,99,98,99,98,88,88,0,0,0,1,0
48,481309,1,1,0,0,0,1,1,381,0,14,5,2016,7,13,55,0,1,5,98,8,FM 168,,11,34.90230000,-102.107480560000,0,1,0,0,1,1,0,4,1,1,0,1,0,0000000,99,98,99,98,88,88,0,0,0,1,0
48,481310,1,1,0,1,1,1,1,339,0,15,5,2016,1,1,28,1,2,1,1,1,I-69,,54,30.11655556,-95.232780560000,0,8,0,0,1,1,0,1,2,1,0,1,0,0000000,99,99,99,99,99,99,0,0,0,1,0
48,481311,2,2,0,0,0,2,2,97,0,20,5,2016,6,15,36,1,1,3,98,2,US-82,,311,33.64404444,-97.285244440000,0,12,1,0,8,1,0,1,1,1,0,1,0,0000000,99,98,99,98,88,88,0,0,0,1,0
48,481312,2,2,0,0,0,3,3,65,0,21,5,2016,7,12,0,0,1,4,98,3,SR-207,,166,35.45715000,-101.382077780000,0,5,0,0,1,1,1,1,1,1,0,1,0,0000000,11,44,11,52,12,57,0,0,0,1,0
48,481313,1,1,0,1,1,1,1,201,3280,21,5,2016,7,20,45,0,8,98,98,6,BISSONNET ST,,0,29.67410833,-95.569927780000,0,15,0,0,1,1,0,1,3,10,0,10,0,0000000,20,47,20,49,21,7,0,0,0,1,0
48,481314,1,1,0,1,1,1,1,201,3280,22,5,2016,1,2,30,0,8,98,98,6,HOMESTEAD RD,,0,29.85854722,-95.300597220000,0,8,0,0,1,1,0,1,6,5,0,5,0,0000000,2,38,2,43,3,11,0,0,0,1,0
48,481315,1,1,0,0,0,2,2,247,3080,22,5,2016,1,7,25,0,1,4,98,3,SR-16,,14,27.33552222,-98.676361110000,0,32,0,0,1,1,0,4,1,10,0,10,0,0000000,99,99,99,99,99,99,0,0,0,1,1
48,481316,1,1,0,0,0,10,10,479,0,22,5,2016,1,17,50,1,1,1,1,7,I-35,,257,28.01573611,-99.362766670000,0,1,0,0,1,1,0,1,1,1,0,1,0,0000000,18,41,19,13,20,12,20,0,0,1,0
48,481317,1,1,0,0,0,2,2,55,0,23,5,2016,2,6,22,0,1,6,98,8,FM 1984,,26,29.88737500,-97.836694440000,0,30,0,0,1,1,0,4,1,10,0,10,0,0000000,99,98,99,98,88,88,0,0,0,1,0
48,481318,2,2,0,0,0,2,2,113,2590,23,5,2016,2,22,58,1,2,1,1,1,I-30,,295,32.85567778,-96.556394440000,0,12,1,1,5,1,0,1,3,1,0,1,0,0000000,22,59,23,2,23,32,0,0,0,1,0
48,481319,2,2,0,0,0,2,2,39,0,25,5,2016,4,15,40,1,2,3,98,3,SR-6,CR-146,97,29.44717778,-95.297208330000,0,12,6,0,2,2,0,1,1,1,0,1,0,0000000,15,43,15,50,16,43,0,0,0,1,0
48,481320,1,1,0,0,0,1,1,71,0,25,5,2016,4,21,0,0,1,5,98,3,SR-61,,80,29.88611111,-94.613602780000,0,1,0,0,1,1,0,4,2,10,0,10,0,0000000,99,98,99,98,88,88,0,0,0,1,0
48,481321,1,1,0,0,0,2,2,215,1970,26,5,2016,5,21,29,0,2,5,98,8,FM 493,,285,26.22712222,-98.037088890000,0,1,0,0,1,1,0,4,2,1,0,1,0,0000000,99,99,99,99,99,99,0,0,0,1,1