STATE,ST_CASE,VE_TOTAL,VE_FORMS,PVH_INVL,PEDS,PERNOTMVIT,PERMVIT,PERSONS,COUNTY,CITY,DAY,MONTH,YEAR,DAY_WEEK,HOUR,MINUTE,NHS,RUR_URB,FUNC_SYS,RD_OWNER,ROUTE,TWAY_ID,TWAY_ID2,MILEPT,LATITUDE,LONGITUD,SP_JUR,HARM_EV,MAN_COLL,RELJCT1,RELJCT2,TYP_INT,WRK_ZONE,REL_ROAD,LGT_COND,WEATHER1,WEATHER2,WEATHER,SCH_BUS,RAIL,NOT_HOUR,NOT_MIN,ARR_HOUR,ARR_MIN,HOSP_HR,HOSP_MN,CF1,CF2,CF3,FATALS,DRUNK_DR
48,481322,1,1,0,0,0,5,5,497,0,26,5,2016,5,9,35,1,1,3,98,2,US-81,,43,33.39374444,-97.728380560000,0,42,0,0,1,1,0,4,1,2,0,2,0,0000000,9,36,9,49,10,37,0,0,0,1,0
48,481323,2,2,0,0,0,6,6,143,0,27,5,2016,6,14,3,1,1,3,98,2,US-67,FM 219,3,32.09625000,-98.338833330000,0,12,6,0,2,2,0,1,1,1,0,1,0,0000000,14,13,14,43,15,31,0,0,0,1,0
48,481324,1,1,0,0,0,1,1,201,0,27,5,2016,6,3,25,0,8,98,98,4,CR-BELLAIRE BLVD,,0,29.70110278,-95.653250000000,0,33,0,0,1,1,0,3,3,10,0,10,0,0000000,99,98,99,98,88,88,0,0,0,1,1
48,481325,2,2,0,0,0,4,4,321,0,27,5,2016,6,7,27,0,1,4,98,3,SR-35,FM 1728,45,29.06299167,-95.840241670000,0,12,6,0,2,3,0,1,1,10,0,10,0,0000000,99,99,99,99,99,99,0,0,0,1,0
48,481326,1,1,0,0,0,1,1,471,0,27,5,2016,6,2,25,1,1,3,98,2,US-190,,159,30.73714167,-95.343052780000,0,42,0,0,1,1,0,4,2,2,0,2,0,0000000,2,29,2,49,3,43,0,0,0,1,0
48,481327,1,1,0,0,0,1,1,15,0,28,5,2016,7,20,45,1,1,3,98,3,SR-36,,159,29.89751944,-96.219383330000,0,11,0,0,1,1,0,1,2,10,0,10,0,0000000,99,99,99,99,99,99,0,0,0,1,0
48,481328,3,3,0,0,0,3,3,29,6090,28,5,2016,7,0,30,1,2,1,1,1,I-35,,343,29.53438889,-98.388038890000,0,12,7,1,18,1,0,1,3,10,0,10,0,0000000,99,99,99,99,88,88,0,0,0,1,1
48,481330,2,2,0,0,0,2,2,401,0,28,5,2016,7,2,45,1,1,3,98,2,US-259,,67,32.35541944,-94.855180560000,0,12,2,0,1,1,0,1,2,1,0,1,0,0000000,99,99,99,99,99,99,0,0,0,1,0
48,481331,2,2,0,1,1,9,9,177,0,29,5,2016,1,22,54,1,1,3,98,2,US-87,,61,29.27386111,-97.690533330000,0,8,0,0,1,1,0,1,2,1,0,1,0,0000000,99,98,99,98,88,88,0,0,0,1,0
48,481332,1,1,0,0,0,1,1,201,0,29,5,2016,1,6,44,0,8,98,98,4,CR-INDEPENDENCE PKWY,,0,29.76995000,-95.069100000000,0,1,0,0,1,1,0,1,9,10,0,10,0,0000000,99,98,99,98,88,88,0,0,0,1,1
48,481333,2,2,0,0,0,2,2,215,0,29,5,2016,1,12,39,1,2,3,98,3,SR-107,,227,26.29408889,-98.116927780000,0,12,6,0,1,1,0,1,1,1,0,1,0,0000000,99,98,99,98,88,88,0,0,0,1,0
48,481334,1,1,0,1,1,1,1,245,490,29,5,2016,1,2,16,0,8,98,98,6,FRANKLIN ST,,0,30.06481389,-94.113125000000,0,8,0,0,1,1,0,1,2,99,0,99,0,0000000,99,98,99,98,88,88,0,0,0,1,0
48,481335,1,1,0,1,1,8,8,257,2430,29,5,2016,1,22,30,1,2,2,98,2,US-80,,22,32.76659167,-96.485819440000,0,8,0,0,1,1,0,1,2,10,0,10,0,0000000,99,98,99,98,88,88,0,0,0,1,0
48,481336,2,2,0,0,0,2,2,265,0,29,5,2016,1,12,45,0,1,5,98,8,FM 1340,,172,30.06360833,-99.390916670000,0,1,0,0,1,1,0,1,1,1,0,1,0,0000000,12,55,13,10,14,12,0,0,0,1,0
48,481337,2,2,0,0,0,8,8,297,0,29,5,2016,1,12,53,1,1,3,98,2,US-59,FM 624,291,28.10466389,-98.324527780000,0,12,6,0,2,2,0,1,1,10,0,10,0,0000000,99,99,99,99,99,99,0,0,0,1,0
48,481338,1,1,0,0,0,2,2,423,0,29,5,2016,1,2,20,0,2,5,98,8,FM 2493,,93,32.22246667,-95.351097220000,0,42,0,0,1,1,0,4,2,1,0,1,0,0000000,2,15,2,22,2,56,0,0,0,1,1
48,481339,2,2,0,0,0,6,6,59,0,30,5,2016,2,13,35,0,1,5,98,8,FM 18,FM 603,10,32.41085278,-99.561897220000,0,12,6,0,2,2,0,1,1,1,0,1,0,0000000,13,35,13,38,14,17,0,0,0,1,0
48,481340,1,1,0,0,0,1,1,201,3280,30,5,2016,2,18,52,1,2,2,98,3,SR-225 LA PORTE FWY,,55,29.70677222,-95.250716670000,0,25,0,0,1,1,0,4,1,1,0,1,0,0000000,18,57,19,12,19,22,0,0,0,1,0
48,481341,1,1,0,0,0,1,1,255,0,30,5,2016,2,10,27,0,8,98,98,4,CR-182,,0,28.73548889,-97.954050000000,0,1,0,0,1,1,1,1,1,10,0,10,0,0000000,99,98,99,98,88,88,0,0,0,1,0
48,481342,3,3,0,0,0,3,3,135,0,31,5,2016,3,12,13,1,2,3,98,2,US-385,SL338,141,31.96028056,-102.409997220000,0,12,6,0,2,2,0,1,1,1,0,1,0,0000000,12,21,12,27,12,47,0,0,0,1,0
48,481343,2,2,0,0,0,3,3,201,3280,31,5,2016,3,23,45,0,8,98,98,6,POST OAK LN,LONGMONT,0,29.75572222,-95.463177780000,0,12,6,0,2,3,0,1,3,10,0,10,0,0000000,23,47,0,6,0,30,0,0,0,1,1
48,481344,2,2,0,0,0,2,2,251,3593,31,5,2016,3,15,20,1,2,3,98,2,US-67 KATHERINE P RAINS,,9,32.38570556,-97.343894440000,0,12,6,0,1,1,1,2,1,10,0,10,0,0000000,15,18,15,27,15,53,0,0,0,1,0
48,481346,4,2,2,0,1,2,3,245,490,1,6,2016,4,0,48,1,2,2,98,2,US-69 EASTEX FWY,,34,30.10475000,-94.136844440000,0,12,1,0,1,1,1,1,3,10,0,10,0,0000000,99,98,99,98,88,88,14,19,0,1,1
48,481348,2,2,0,0,0,2,2,183,4080,2,6,2016,5,13,6,1,2,3,98,2,US-80 MARSHALL AVE,,83,32.51118611,-94.823366670000,0,12,1,0,8,1,0,1,1,2,0,2,0,0000000,13,12,13,20,13,40,0,0,0,1,0
48,481349,1,1,0,1,1,1,1,201,3280,2,6,2016,5,4,40,1,2,3,98,8,BU90U BEAUMONT HWY,,263,29.81833889,-95.243527780000,0,8,0,0,1,1,0,1,2,2,0,2,0,0000000,99,98,99,98,88,88,0,0,0,1,0
48,481350,1,1,0,0,0,1,1,491,330,2,6,2016,5,1,26,0,8,98,98,6,LAKELINE MALL DR,,0,30.47324444,-97.804077780000,0,59,0,0,1,1,0,4,2,1,0,1,0,0000000,1,27,1,33,1,59,0,0,0,1,1
48,481351,1,1,0,1,1,2,2,201,0,3,6,2016,6,13,58,0,8,98,98,4,CR-MONTGOMERY RD,,0,29.88712500,-95.453088890000,0,8,0,0,8,1,0,1,1,10,0,10,0,0000000,99,98,99,98,88,88,0,0,0,1,0
48,481352,1,1,0,1,1,1,1,439,260,4,6,2016,7,23,53,0,8,98,98,6,PARK ROW DR,,0,32.72090556,-97.082702780000,0,8,0,0,1,1,0,1,3,1,0,1,0,0000000,99,98,99,98,88,88,0,0,0,1,0
48,481353,1,1,0,0,0,1,1,85,5390,5,6,2016,1,20,13,0,8,98,98,6,MIDWAY RD,PELICAN BAY DR,0,33.03413611,-96.838705560000,0,33,0,0,3,3,0,3,1,1,0,1,0,0000000,99,98,99,98,88,88,0,0,0,1,1
48,481354,2,2,0,0,0,2,2,113,1730,5,6,2016,1,9,15,1,2,3,98,8,SL12 LEDBETTER DR,HAMPTON RD,70,32.69131389,-96.856991670000,0,12,6,0,2,2,0,1,1,1,0,1,0,0000000,99,99,99,99,99,99,0,0,0,1,0
48,481355,1,1,0,0,0,1,1,147,0,6,6,2016,2,2,0,0,1,6,98,8,FM2456,,22,33.41303889,-95.898497220000,0,11,0,0,1,1,0,1,2,1,0,1,0,0000000,99,98,99,98,88,88,0,0,0,1,0
48,481356,1,1,0,1,1,1,1,29,6090,22,4,2016,6,10,11,0,8,98,98,6,GEN MCMULLEN,COMMERCE ST,0,29.43093056,-98.553966670000,0,9,0,0,3,2,0,1,1,1,0,1,0,0000000,99,99,99,99,99,99,0,0,0,1,0
48,481357,2,2,0,0,0,3,3,29,6090,22,4,2016,6,12,59,1,2,2,98,7,US-90,SL1604,64,29.38372500,-98.701205560000,0,12,2,1,2,2,0,1,1,1,0,1,0,0000000,99,99,99,99,99,99,0,0,0,1,0
48,481358,1,1,0,0,0,1,1,113,2590,20,5,2016,6,1,13,1,2,1,1,1,I-635 LBJ FWY,,124,32.86465556,-96.662708330000,0,52,0,1,19,1,0,10,2,10,0,10,0,0000000,99,98,99,98,88,88,0,0,0,1,1
48,481359,2,2,0,0,0,4,4,353,0,25,5,2016,4,14,50,0,1,4,98,3,SR-70,,127,32.31380556,-100.343527780000,0,12,2,0,1,1,0,1,1,1,0,1,0,0000000,99,99,99,99,99,99,0,0,0,1,0
48,481360,1,1,0,0,0,2,2,239,0,28,5,2016,7,1,38,1,1,3,98,2,US-59,,159,28.93958611,-96.723186110000,0,1,0,0,1,1,0,4,2,10,0,10,0,0000000,99,99,99,99,99,99,0,0,0,1,1
48,481361,4,4,0,0,0,6,6,201,3320,29,5,2016,1,22,24,1,2,1,1,1,I-69,,22,30.01573611,-95.262819440000,0,12,1,0,1,1,0,1,3,1,0,1,0,0000000,22,35,22,48,23,22,14,0,0,1,1
48,481362,1,1,0,0,0,2,2,395,0,29,5,2016,1,21,13,0,8,98,98,4,CR-BOONE PRAIRIE RD,,0,31.14175000,-96.489969440000,0,18,0,0,1,1,0,1,2,1,0,1,0,0000000,99,99,99,99,99,99,0,0,0,1,0
48,481363,1,1,0,0,0,2,2,29,6090,30,5,2016,2,6,0,0,8,98,98,6,COMMERCE ST,,0,29.41978611,-98.439550000000,0,25,0,0,1,1,1,4,3,10,0,10,0,0000000,99,99,99,99,99,99,0,0,0,1,0
48,481364,1,1,0,1,1,1,1,99,0,2,6,2016,5,16,40,0,1,5,98,8,FM 1829,,40,31.37151944,-97.628711110000,0,8,0,0,1,1,0,4,1,10,0,10,0,0000000,16,43,16,54,17,47,0,0,0,1,0
48,481365,1,1,0,0,0,1,1,113,2590,3,6,2016,6,21,47,1,2,1,1,7,I-30,SR-190/GEORGE BUSH HWY,294,32.85661944,-96.554166670000,0,25,0,1,3,3,0,4,3,1,0,1,0,0000000,21,47,21,51,22,17,0,0,0,1,1
48,481366,1,1,0,1,1,4,4,121,1840,4,6,2016,7,1,41,1,2,3,98,8,SL 288,,23,33.19815556,-97.091316670000,0,8,0,0,1,1,0,1,3,10,0,10,0,0000000,99,98,99,98,88,88,0,0,0,1,0
48,481367,2,2,0,0,0,3,3,339,0,4,6,2016,7,20,20,1,1,3,98,3,SR-105,,100,30.38328889,-95.654800000000,0,12,6,0,8,1,0,1,2,10,0,10,0,0000000,99,99,99,99,99,99,0,0,0,2,1
48,481368,1,1,0,0,0,2,2,201,3280,5,6,2016,1,0,43,0,8,98,98,6,AIRLINE DR,,0,29.87203333,-95.384897220000,0,33,0,0,1,1,0,3,3,10,0,10,0,0000000,0,43,0,54,1,19,0,0,0,1,1
48,481369,1,1,0,0,0,4,4,331,0,5,6,2016,1,21,46,1,1,3,98,2,US-79,,30,30.80351944,-96.695788890000,0,59,0,0,1,1,0,4,2,1,0,1,0,0000000,99,99,99,99,99,99,0,0,0,1,0
48,481370,2,2,0,0,0,2,2,439,5745,8,6,2016,4,8,12,1,2,3,98,3,SR-183/BAKER BLVD,,12,32.80907222,-97.229122220000,0,12,1,0,1,1,0,1,1,1,0,1,0,0000000,99,98,99,98,88,88,20,0,0,1,0
48,481371,1,1,0,0,0,3,3,139,4570,8,5,2016,1,0,11,0,8,98,98,4,CR-JUDY RD,,0,32.52228889,-96.912391670000,0,32,0,0,1,1,0,4,3,1,0,1,0,0000000,1,3,1,21,1,37,0,0,0,1,0
48,481372,3,2,1,0,0,5,5,113,2590,21,5,2016,7,15,28,0,8,98,98,6,BROADWAY BLVD,,0,32.84888889,-96.597222220000,0,12,7,0,1,1,0,1,1,1,0,1,0,0000000,15,25,15,45,16,0,14,0,0,1,0
48,481373,2,2,0,0,0,4,4,423,0,28,5,2016,7,1,30,1,1,1,1,1,I-20,,12,32.49630278,-95.572277780000,0,12,1,0,1,1,0,1,2,1,0,1,0,0000000,99,98,99,98,88,88,0,0,0,2,0
48,481374,1,1,0,1,1,1,1,29,6090,6,6,2016,2,0,18,0,8,98,98,6,RITTIMAN RD,,0,29.48406389,-98.401441670000,0,8,0,0,1,1,0,1,3,1,0,1,0,0000000,99,98,99,98,88,88,0,0,0,1,0
48,481376,1,1,0,1,1,3,3,113,2590,7,6,2016,3,22,20,1,2,1,1,1,I-30,,268,32.83955833,-96.596533330000,0,8,0,1,18,1,0,1,3,1,0,1,0,0000000,22,20,22,29,88,88,0,0,0,1,0
48,481378,1,1,0,1,1,1,1,85,5730,8,6,2016,4,6,15,1,2,2,98,2,US-75/CENTRAL EXPY,,139,32.99462222,-96.709427780000,0,8,0,0,1,1,0,1,4,1,0,1,0,0000000,99,98,99,98,88,88,0,0,0,1,0
48,481379,2,2,0,0,0,2,2,183,4080,8,6,2016,4,20,46,1,2,3,98,8,SL 281,,23,32.53305556,-94.771072220000,0,33,0,0,1,1,0,3,3,1,0,1,0,0000000,99,99,99,99,99,99,0,0,0,1,1
48,481380,1,1,0,0,0,52,52,479,0,14,5,2016,7,11,21,1,1,3,98,2,US-83,,46,28.13921944,-99.595919440000,0,1,0,0,1,1,0,4,1,2,0,2,0,0000000,11,58,12,38,13,38,0,0,0,9,0
48,481382,1,1,0,2,2,1,1,141,2190,20,5,2016,6,19,53,1,2,3,98,3,SR-20/ALAMEDA,,312,31.70024167,-106.340061110000,0,8,0,0,1,1,0,1,1,1,0,1,0,0000000,19,54,19,55,20,23,0,0,0,1,0
48,481384,2,2,0,0,0,3,3,435,0,26,5,2016,5,14,58,1,1,1,1,1,I-10,,400,30.45133056,-100.174888890000,0,12,1,0,1,1,0,1,1,1,0,1,0,0000000,15,8,15,54,16,30,0,0,0,1,0
48,481385,3,3,0,0,0,4,4,21,460,27,5,2016,6,11,50,1,2,3,98,3,SR-71,TAHITIAN DR/LOOP 150,162,30.10229444,-97.284313890000,0,12,6,0,2,3,1,1,1,2,0,2,0,0000000,99,98,99,98,88,88,0,0,0,1,0
48,481386,2,2,0,0,0,3,3,453,330,29,5,2016,1,9,39,0,2,4,98,8,FM 1325/BURNET RD,BRAKER LN,52,30.39106389,-97.721852780000,0,12,6,0,2,2,0,1,1,10,0,10,0,0000000,9,13,9,22,9,36,0,0,0,1,0
48,481387,2,2,0,0,0,3,3,189,0,30,5,2016,2,22,53,1,1,1,1,1,I-27,,95,33.96021944,-101.853500000000,0,12,6,0,1,1,0,1,2,2,0,2,0,0000000,22,58,23,8,23,57,0,0,0,1,1
48,481388,2,2,0,0,0,3,3,361,0,30,5,2016,2,23,29,0,1,5,98,8,FM 1442,CR-CAJUN WAY/JAPANESE WAY,86,30.09333889,-93.905119440000,0,12,6,0,2,2,0,1,2,1,0,1,0,0000000,99,99,99,99,99,99,0,0,0,1,0
48,481390,1,1,0,1,1,1,1,201,3280,2,6,2016,5,3,30,1,2,1,1,1,I-610/NORTH LP,,121,29.80096944,-95.277805560000,0,8,0,1,17,1,0,1,3,10,0,10,0,0000000,99,98,99,98,88,88,0,0,0,1,0
48,481391,2,2,0,0,0,3,3,231,0,3,6,2016,6,9,19,0,1,4,98,2,US-69,CR-1180,19,33.27028611,-96.186141670000,0,12,6,0,2,3,0,1,1,10,0,10,0,0000000,9,15,9,31,9,52,0,0,0,2,0
48,481392,2,2,0,0,0,5,5,459,0,3,6,2016,6,23,2,0,1,5,98,3,SR-154,,57,32.74645000,-95.056547220000,0,12,2,0,1,1,0,1,2,10,0,10,0,0000000,23,2,23,11,0,10,0,0,0,2,1
48,481393,2,2,0,1,1,2,2,453,0,4,6,2016,7,4,29,1,2,1,1,1,I-35,,10,30.44930556,-97.666922220000,0,8,0,0,1,1,0,1,3,10,0,10,0,0000000,99,98,99,98,88,88,0,0,0,1,0
48,481394,2,2,0,0,0,5,5,223,0,5,6,2016,1,6,37,1,1,3,98,3,SR-19,,55,33.27580000,-95.584500000000,1,59,0,0,1,1,0,4,1,1,0,1,0,0000000,6,39,6,49,7,33,0,0,0,1,0
48,481395,1,1,0,0,0,3,3,225,0,5,6,2016,1,15,30,0,1,4,98,3,SR-7,,59,31.29280000,-95.573305560000,0,59,0,0,1,1,0,4,1,1,0,1,0,0000000,99,99,99,99,99,99,0,0,0,1,0
48,481396,1,1,0,0,0,1,1,49,0,6,6,2016,2,7,3,0,8,98,98,4,CR-213,,0,31.50776389,-99.083347220000,0,1,0,0,1,1,0,4,1,1,0,1,0,0000000,10,0,10,14,14,55,0,0,0,1,0
48,481397,2,2,0,0,0,4,4,343,0,6,6,2016,2,14,6,0,1,4,98,2,US-259,CR-4200,155,33.09425833,-94.707244440000,0,12,6,0,2,3,0,1,1,1,0,1,0,0000000,99,99,99,99,99,99,0,0,0,1,0
48,481398,1,1,0,0,0,2,2,1,1223,7,6,2016,3,1,20,0,1,4,98,2,US-287,,46,31.95819722,-95.982800000000,0,42,0,0,1,1,0,4,2,10,0,10,0,0000000,99,99,99,99,99,99,0,0,0,1,0
48,481399,2,2,0,0,0,4,4,201,0,7,6,2016,3,8,32,1,2,2,98,3,SR-249 MOUNT HOUSTON RD,,213,29.89779722,-95.442197220000,0,12,6,0,1,1,0,1,1,1,0,1,0,0000000,8,32,8,37,9,0,0,0,0,1,0
48,481400,2,2,0,0,0,5,5,251,0,7,6,2016,3,20,19,0,2,5,98,8,FM1902,CR-920,5,32.54594722,-97.425225000000,0,12,6,0,2,2,0,1,1,1,0,1,0,0000000,20,20,20,31,21,32,0,0,0,1,0
48,481401,4,4,0,0,0,4,4,471,0,8,6,2016,4,19,20,0,1,4,98,3,SR-30,,119,30.69626944,-95.642416670000,0,12,8,0,1,1,0,1,1,1,0,1,0,0000000,19,40,20,2,20,53,0,0,0,1,0
48,481402,2,2,0,0,0,2,2,15,0,9,6,2016,5,13,52,1,1,1,1,1,I-10,,141,29.77278889,-96.070094440000,0,12,6,0,1,1,0,1,1,10,0,10,0,0000000,99,98,99,98,88,88,0,0,0,1,0
48,481403,2,2,0,0,0,2,2,423,7070,9,6,2016,5,7,50,1,2,3,98,8,SL323,,194,32.38488056,-95.322380560000,0,12,99,0,1,1,0,1,1,1,0,1,0,0000000,99,98,99,98,88,88,0,0,0,1,0
48,481404,2,2,0,0,0,3,3,39,2490,10,6,2016,6,9,0,1,2,3,98,3,SR-288 BRAZOSPORT BLVD,,97,28.96810833,-95.371111110000,0,12,2,0,1,1,0,1,1,1,0,1,0,0000000,99,99,99,99,99,99,0,0,0,1,0
48,481405,2,2,0,0,0,2,2,41,970,10,6,2016,6,21,36,1,2,2,98,7,SR-6 EARL RUDDER HWY,,44,30.69236389,-96.353863890000,0,12,2,0,1,1,1,1,2,1,0,1,0,0000000,21,37,21,44,22,6,19,0,0,1,1
48,481407,2,2,0,0,0,4,4,339,6884,10,6,2016,6,18,30,0,8,98,98,4,CR-WOODLANDS PKWY,CR-FOREST GATE DR,0,30.18157222,-95.543608330000,0,12,6,0,2,2,0,1,1,1,0,1,0,0000000,99,99,99,99,99,99,0,0,0,1,0
48,481408,3,3,0,0,0,5,5,347,0,10,6,2016,6,18,5,1,1,3,98,2,US-59,FM2864,132,31.70852222,-94.633605560000,0,12,6,0,2,3,0,1,1,1,0,1,0,0000000,18,0,18,7,18,30,0,0,0,1,0
48,481409,2,2,0,0,0,3,3,441,30,10,6,2016,6,8,22,0,8,98,98,6,CLINTON ST,AMBLER AVE,0,32.47443889,-99.742780560000,0,12,6,0,2,2,0,1,1,1,0,1,0,0000000,99,99,99,99,99,99,0,0,0,1,0
48,481410,1,1,0,1,1,4,4,29,6090,11,6,2016,7,22,39,1,2,2,98,7,SL1604,GOLD CANYON RD,288,29.60577222,-98.457666670000,0,8,0,1,18,1,0,1,3,1,0,1,0,0000000,99,99,99,99,99,99,0,0,0,1,0
48,481411,1,1,0,1,1,1,1,201,3280,11,6,2016,7,0,10,0,8,98,98,6,SAN JACINTO ST,HADLEY ST,0,29.74623333,-95.370869440000,0,8,0,0,2,2,0,1,3,1,0,1,0,0000000,99,98,99,98,88,88,0,0,0,1,0
48,481412,1,1,0,0,0,1,1,329,4560,11,6,2016,7,22,26,1,2,1,1,7,I-20,,120,31.96353056,-102.111177780000,0,1,0,0,1,1,0,10,2,1,0,1,0,0000000,99,98,99,98,88,88,0,0,0,1,1
48,481413,2,2,0,0,0,2,2,93,1480,12,6,2016,1,19,25,0,1,5,98,3,SR-16 AUSTIN ST,WRIGHTS AVE,160,31.90553333,-98.603591670000,0,12,6,0,2,3,0,1,1,1,0,1,0,0000000,99,98,99,98,88,88,0,0,0,1,0
48,481414,1,1,0,0,0,4,4,221,6960,12,6,2016,1,20,0,0,1,5,98,8,FM56 TOLAR HWY,,56,32.39328611,-97.922938890000,0,38,0,0,1,1,0,5,1,1,0,1,0,0000000,20,9,20,24,21,11,0,0,0,1,1
48,481415,1,1,0,0,0,1,1,439,2450,13,6,2016,2,0,56,1,2,1,1,1,I-820,,323,32.71999167,-97.225086110000,0,24,0,0,1,1,0,4,3,1,0,1,0,0000000,99,98,99,98,88,88,0,0,0,1,1
48,481416,1,1,0,0,0,1,1,459,0,13,6,2016,2,11,35,0,1,4,98,2,US-259,,162,32.68369444,-94.750108330000,0,42,0,0,1,1,0,4,1,2,0,2,0,0000000,99,98,99,98,88,88,0,0,0,1,1
48,481417,1,1,0,2,2,1,1,215,50,15,4,2016,6,21,22,1,2,1,1,7,I-2,,310,26.19253611,-98.129083330000,0,8,0,0,1,1,0,1,3,1,0,1,0,0000000,21,37,21,43,22,10,15,0,0,1,0
48,481418,1,1,0,0,0,5,5,453,4290,8,5,2016,1,13,55,1,1,3,98,2,US-290,,152,30.35151944,-97.464111110000,0,1,0,0,1,1,0,3,1,2,0,2,0,0000000,13,54,14,8,14,31,0,0,0,2,0
48,481419,2,2,0,0,0,2,2,455,7020,10,5,2016,3,21,14,0,1,4,98,3,SR-19 PROSPECT DR,ROBB ST,91,30.95076944,-95.375441670000,0,12,2,0,3,4,0,1,2,1,0,1,0,0000000,99,99,99,99,99,99,0,0,0,1,1
48,481420,3,3,0,0,0,3,3,29,6090,20,5,2016,6,13,17,1,2,1,1,1,I-410,,114,29.46459722,-98.620291670000,0,12,1,0,1,1,0,1,1,1,0,1,0,0000000,99,99,99,99,99,99,23,0,0,1,0
48,481421,1,1,0,0,0,1,1,113,3880,22,5,2016,1,8,0,1,2,1,1,1,I-20,,151,32.64205000,-96.802633330000,0,1,0,1,19,1,0,10,1,10,0,10,0,0000000,8,1,8,6,8,24,0,0,0,1,0
48,481422,1,1,0,1,1,1,1,453,330,22,5,2016,1,17,5,0,8,98,98,6,CAMERON RD,BRIARCLIFF BLVD,0,30.31723889,-97.699669440000,0,8,0,0,2,2,0,1,1,1,0,1,0,0000000,17,7,17,13,17,22,0,0,0,1,0
48,481423,1,1,0,1,1,1,1,89,1470,26,5,2016,5,10,30,0,1,6,98,8,FM 806 CARDINAL LN,,5,29.69821389,-96.562869440000,0,8,0,0,1,1,0,1,1,10,0,10,0,0000000,10,28,10,31,10,52,0,0,0,1,0
48,481424,1,1,0,1,1,2,2,303,4140,1,6,2016,4,22,12,1,2,3,98,2,US-84 AVENUE Q,41ST ST,31,33.55679444,-101.855411110000,0,8,0,0,3,2,0,1,3,10,0,10,0,0000000,99,98,99,98,88,88,0,0,0,1,0
48,481425,2,2,0,0,0,3,3,39,4306,5,6,2016,1,1,50,1,2,2,98,3,SR-288,,59,29.51463611,-95.387391670000,0,12,2,0,1,1,0,1,3,1,0,1,0,0000000,1,58,2,9,2,47,0,0,0,2,0
48,481427,1,1,0,0,0,1,1,439,2450,6,6,2016,2,23,24,0,8,98,98,6,30TH ST,,0,32.79928889,-97.357777780000,0,44,0,0,1,1,0,1,2,1,0,1,0,0000000,23,24,23,32,0,14,0,0,0,1,0
48,481428,1,1,0,1,1,1,1,139,7270,7,6,2016,3,21,45,0,2,4,98,2,US-77,,300,32.35078611,-96.854211110000,0,8,0,0,1,1,0,1,2,1,0,1,0,0000000,99,98,99,98,88,88,0,0,0,1,0
48,481429,3,3,0,0,0,5,5,321,0,7,6,2016,3,14,21,0,1,5,98,3,SR-60,FM 521,236,28.81444444,-95.932761110000,0,12,1,0,2,3,0,1,1,2,0,2,0,0000000,99,99,99,99,99,99,0,0,0,1,0
48,481430,1,1,0,0,0,1,1,41,0,8,6,2016,4,21,0,0,8,98,98,6,WILCOX LN,,0,30.74944167,-96.355302780000,0,11,0,0,1,1,0,1,2,1,0,1,0,0000000,99,98,99,98,88,88,0,0,0,1,0
48,481431,2,2,0,0,0,3,3,491,6780,10,6,2016,6,19,12,1,2,3,98,3,SR-95/MAIN STREET,,156,30.59391111,-97.413650000000,0,12,6,0,8,1,0,1,1,1,0,1,0,0000000,19,11,19,19,20,13,0,0,0,1,0
48,481432,2,2,0,0,0,2,2,491,0,11,6,2016,7,3,25,1,2,4,98,3,SR-195,,199,30.72721111,-97.674819440000,0,12,2,0,1,1,0,1,2,1,0,1,0,0000000,99,98,99,98,88,88,0,0,0,2,1
48,481433,1,1,0,0,0,1,1,1,0,13,6,2016,2,6,0,0,1,5,98,8,SP-324,,5,31.83168889,-95.831680560000,0,1,0,0,1,1,0,5,4,2,0,2,0,0000000,99,98,99,98,88,88,5,0,0,1,0
48,481434,2,2,0,0,0,3,3,309,7210,13,6,2016,2,12,6,0,8,98,98,6,NEW RD,,0,31.52224167,-97.169000000000,0,12,6,0,8,1,0,1,1,1,0,1,0,0000000,12,9,12,12,12,25,0,0,0,1,0
48,481435,1,1,0,1,1,1,1,29,6090,15,6,2016,4,17,51,0,8,98,98,6,HACKBERRY ST,SHERMAN,0,29.43389444,-98.473283330000,0,9,0,0,2,2,0,1,1,1,0,1,0,0000000,99,99,99,99,99,99,0,0,0,1,0
48,481436,1,1,0,0,0,1,1,29,0,16,6,2016,5,2,36,1,1,3,98,2,US-281,,38,29.68036944,-98.453761110000,0,42,0,0,1,1,0,4,3,1,0,1,0,0000000,99,98,99,98,88,88,0,0,0,1,0
48,481437,1,1,0,0,0,3,3,265,0,10,6,2016,6,13,51,1,1,1,1,1,I-10,,314,29.99333056,-98.932169440000,0,1,0,0,1,1,0,4,1,10,0,10,0,0000000,14,22,14,44,15,16,0,0,0,1,0
48,481438,2,2,0,0,0,2,2,257,1590,11,2,2016,5,23,32,1,1,3,98,2,US-175,,152,32.62631944,-96.446027780000,0,12,2,0,1,1,0,1,2,1,0,1,0,0000000,99,98,99,98,88,88,0,0,0,2,2