STATE,ST_CASE,VE_TOTAL,VE_FORMS,PVH_INVL,PEDS,PERNOTMVIT,PERMVIT,PERSONS,COUNTY,CITY,DAY,MONTH,YEAR,DAY_WEEK,HOUR,MINUTE,NHS,RUR_URB,FUNC_SYS,RD_OWNER,ROUTE,TWAY_ID,TWAY_ID2,MILEPT,LATITUDE,LONGITUD,SP_JUR,HARM_EV,MAN_COLL,RELJCT1,RELJCT2,TYP_INT,WRK_ZONE,REL_ROAD,LGT_COND,WEATHER1,WEATHER2,WEATHER,SCH_BUS,RAIL,NOT_HOUR,NOT_MIN,ARR_HOUR,ARR_MIN,HOSP_HR,HOSP_MN,CF1,CF2,CF3,FATALS,DRUNK_DR
48,481439,2,1,1,1,1,2,2,479,3899,19,2,2016,6,17,46,0,8,98,98,6,BURKE DR,,0,27.57850000,-99.462986110000,0,14,0,0,1,1,0,7,1,1,0,1,0,0000000,17,46,17,57,18,8,15,0,0,1,0
48,481440,1,1,0,1,1,3,3,479,3899,16,5,2016,2,22,50,1,2,3,98,8,FM 1472/MINES RD,,166,27.58623611,-99.510177780000,0,8,0,0,1,1,0,1,3,1,0,1,0,0000000,99,99,99,99,99,99,0,0,0,1,0
48,481441,1,1,0,0,0,1,1,187,0,30,5,2016,2,21,7,0,1,4,98,8,FM 78,,121,29.58718056,-98.079888890000,0,24,0,0,1,1,0,4,2,1,0,1,0,0000000,99,98,99,98,88,88,0,0,0,1,1
48,481442,1,1,0,1,1,1,1,201,3280,2,6,2016,5,21,32,0,8,98,98,6,LEE RD,,0,29.94276389,-95.303577780000,0,8,0,0,1,1,0,1,2,10,0,10,0,0000000,99,98,99,98,88,88,0,0,0,1,0
48,481443,2,2,0,0,0,3,3,85,0,5,6,2016,1,21,11,0,1,4,98,3,SR-78,,218,33.10093889,-96.411380560000,0,12,2,0,1,1,1,1,2,1,0,1,0,0000000,99,99,99,99,99,99,0,0,0,2,2
48,481444,2,2,0,0,0,2,2,423,7070,7,6,2016,3,4,50,1,1,3,98,3,SR-31,,46,32.33079722,-95.394116670000,0,12,6,0,7,1,0,1,2,1,0,1,0,0000000,4,54,5,3,5,58,0,0,0,1,0
48,481445,1,1,0,0,0,1,1,41,1440,10,6,2016,6,19,51,1,2,2,98,3,SR-9/EARL RUDDER FWY,,128,30.59239167,-96.290422220000,0,23,0,1,5,1,0,10,1,1,0,1,0,0000000,19,51,19,56,20,4,0,0,0,1,1
48,481446,1,1,0,0,0,2,2,121,9997,11,6,2016,7,21,32,0,1,4,98,8,FM 455,,64,33.35768889,-97.282050000000,0,42,0,0,1,1,0,4,2,10,0,10,0,0000000,21,37,22,0,22,33,0,0,0,1,0
48,481447,2,2,0,0,0,5,5,225,0,13,6,2016,2,5,55,0,1,4,98,2,US-287,,211,31.56178056,-95.490619440000,0,12,6,0,1,1,0,1,4,2,0,2,0,0000000,6,5,6,9,99,99,0,0,0,1,0
48,481448,1,1,0,0,0,1,1,339,1510,14,6,2016,3,16,17,0,8,98,98,6,AVENUE M EXTENSION,,0,30.30838056,-95.419052780000,0,42,0,0,1,1,0,4,1,1,0,1,0,0000000,99,98,99,98,88,88,0,0,0,1,0
48,481449,3,3,0,0,0,3,3,221,0,15,6,2016,4,18,55,0,1,5,98,8,FM 51,,67,32.49370000,-97.796100000000,0,12,7,0,1,1,1,1,1,1,0,1,0,0000000,13,25,13,38,14,15,0,0,0,1,0
48,481450,1,1,0,0,0,1,1,215,5330,16,6,2016,5,23,49,0,8,98,98,6,VETERANS BLVD,,0,26.12083333,-98.179772220000,0,43,0,0,1,1,0,4,2,1,0,1,0,0000000,99,98,99,98,88,88,0,0,0,1,0
48,481451,2,2,0,0,0,2,2,441,30,16,6,2016,5,12,28,1,2,2,98,7,US-83 DANVILLE DR,SOUTHWEST DR,28,32.41303056,-99.774244440000,0,46,0,1,3,2,0,8,1,1,0,1,0,0000000,99,99,99,99,99,99,14,0,0,1,0
48,481452,1,1,0,0,0,1,1,479,3899,13,3,2016,1,18,4,1,2,1,1,7,I-35 SANTA MARIA,,52,27.56966111,-99.503541670000,0,21,0,1,19,1,0,10,1,1,0,1,0,0000000,99,98,99,98,88,88,0,0,0,1,0
48,481453,2,2,0,0,0,2,2,113,7520,16,4,2016,7,3,16,1,2,1,1,1,I-45,,37,32.59792222,-96.682625000000,0,25,0,0,1,1,0,3,2,10,0,10,0,0000000,99,98,99,98,88,88,0,0,0,1,1
48,481454,1,1,0,0,0,2,2,479,3899,19,4,2016,3,2,14,0,8,98,98,6,DEL MAR BLVD,,0,27.57779167,-99.463319440000,0,38,0,0,1,1,0,4,3,4,0,4,0,0000000,2,50,2,55,3,23,0,0,0,1,1
48,481455,1,1,0,0,0,1,1,479,3899,28,4,2016,5,3,17,0,2,3,98,8,SL-20 CUATRO VIENTOS BLVD,LOMAS DEL SUR BLVD,123,27.46209444,-99.452013890000,0,46,0,0,3,3,0,8,2,1,0,1,0,0000000,99,98,99,98,88,88,0,0,0,1,1
48,481456,1,1,0,0,0,2,2,141,2190,30,4,2016,7,1,1,0,8,98,98,6,SAN MARCIAL,DOUGLASS,0,31.78660000,-106.458366670000,0,43,0,0,1,1,0,5,3,1,0,1,0,0000000,1,6,1,12,1,24,0,0,0,1,1
48,481457,1,1,0,0,0,2,2,201,0,3,5,2016,3,20,55,0,8,98,98,4,CR-TREASCHWIG RD,,0,30.03522222,-95.364972220000,0,38,0,0,1,1,0,5,2,10,0,10,0,0000000,99,99,99,99,99,99,0,0,0,1,0
48,481458,6,6,0,0,0,12,12,113,1730,21,5,2016,7,16,55,1,2,1,1,1,I-635 LBJ FWY,,92,32.92569167,-96.813641670000,0,12,6,1,18,1,0,1,1,10,0,10,0,0000000,99,99,99,99,88,88,14,0,0,1,1
48,481459,12,12,0,0,0,18,18,141,2190,23,5,2016,2,18,11,1,2,1,1,1,I-10,,140,31.81458333,-106.549200000000,0,12,6,1,18,1,0,1,1,1,0,1,0,0000000,18,13,18,20,18,49,0,0,0,2,0
48,481460,2,2,0,0,0,4,4,143,6590,26,5,2016,5,10,12,0,2,4,98,2,US-281 EAST RD,US-377,223,32.21603611,-98.187541670000,0,12,6,0,2,2,0,1,1,10,0,10,0,0000000,10,13,10,17,10,40,0,0,0,1,0
48,481461,1,1,0,1,1,1,1,113,1730,3,6,2016,6,16,53,0,8,98,98,6,LEMMON AVE,,0,32.82663889,-96.822755560000,0,8,0,0,1,1,0,1,1,10,0,10,0,0000000,99,99,99,99,99,99,0,0,0,1,0
48,481462,1,1,0,1,1,1,1,201,0,4,6,2016,7,2,0,1,2,5,98,8,FM 2100,ULRICH RD,86,29.90232222,-95.063575000000,0,9,0,0,3,3,0,1,3,10,0,10,0,0000000,99,99,99,99,99,99,0,0,0,1,0
48,481463,1,1,0,1,1,1,1,375,150,5,6,2016,1,4,40,1,2,1,1,7,I-40,ALICE ST,149,35.19117222,-101.899797220000,0,8,0,0,2,3,0,1,2,1,0,1,0,0000000,99,99,99,99,99,99,0,0,0,1,0
48,481464,2,2,0,0,0,6,6,49,0,6,6,2016,2,20,11,1,1,3,98,2,US-84,,235,31.72061389,-98.894108330000,0,12,2,0,1,1,0,2,5,1,0,1,0,0000000,99,99,99,99,99,99,0,0,0,2,0
48,481465,1,1,0,0,0,1,1,423,0,7,6,2016,3,23,14,0,8,98,98,4,CR-4114,,0,32.55774444,-95.408080560000,0,42,0,0,1,1,0,4,2,1,0,1,0,0000000,99,98,99,98,88,88,0,0,0,1,1
48,481466,2,2,0,0,0,2,2,367,0,8,6,2016,4,16,41,0,8,98,98,4,CR-CATTLEBARON DR,,0,32.77963333,-97.554641670000,0,5,0,0,1,1,0,1,1,1,0,1,0,0000000,99,98,99,98,88,88,14,0,0,1,0
48,481467,2,2,0,0,0,2,2,423,0,8,6,2016,4,12,58,1,1,1,1,7,I-20,US-271,275,32.44120833,-95.132558330000,0,12,6,1,2,2,0,1,1,1,0,1,0,0000000,12,58,13,7,13,57,0,0,0,1,0
48,481468,2,2,0,0,0,2,2,489,0,8,6,2016,4,5,0,1,1,1,1,1,I-69E,,224,26.44103056,-97.784569440000,0,57,0,1,19,1,0,3,3,1,0,1,0,0000000,99,99,99,99,99,99,0,0,0,1,0
48,481469,3,3,0,0,0,4,4,217,0,9,6,2016,5,13,30,0,1,5,98,3,SR-171,,64,31.95615000,-96.987572220000,0,12,2,0,1,1,0,1,1,1,0,1,0,0000000,13,37,13,52,14,34,0,0,0,2,0
48,481470,1,1,0,0,0,2,2,245,490,9,6,2016,5,0,34,0,8,98,98,6,10TH ST,HAZEL AVE,0,30.08881944,-94.127258330000,0,42,0,0,3,2,0,4,3,1,0,1,0,0000000,99,98,99,98,88,88,0,0,0,2,0
48,481471,2,2,0,0,0,4,4,339,0,9,6,2016,5,11,33,0,1,5,98,8,FM 2854,,59,30.31717778,-95.639966670000,0,12,6,0,1,1,0,1,1,10,0,10,0,0000000,99,99,99,99,99,99,0,0,0,1,0
48,481472,1,1,0,1,1,1,1,113,1730,10,6,2016,6,23,45,1,2,3,98,3,SR-352 ROBERT B. CULLUM BLVD,HAMILTON AVE,25,32.77023056,-96.756797220000,0,8,0,0,3,3,0,1,3,1,0,1,0,0000000,99,98,99,98,88,88,0,0,0,1,0
48,481473,1,1,0,1,1,1,1,469,7190,10,6,2016,6,23,7,1,2,3,98,8,BU-77 NAVARRO ST,TRINITY ST,207,28.81126389,-96.999838890000,0,8,0,0,2,2,0,1,2,1,0,1,0,0000000,99,99,99,99,99,99,0,0,0,1,0
48,481474,2,2,0,0,0,2,2,215,2110,11,6,2016,7,21,39,1,2,1,1,1,I-69 C,,298,26.32372500,-98.146963890000,0,12,2,1,18,1,0,1,3,10,0,10,0,0000000,99,99,99,99,99,99,0,0,0,1,1
48,481475,2,2,0,0,0,5,5,293,0,11,6,2016,7,13,41,0,1,4,98,2,US-84,CR-300,16,31.64388056,-96.858916670000,0,12,6,0,2,3,0,1,1,1,0,1,0,0000000,13,41,14,15,14,47,0,0,0,1,0
48,481476,2,2,0,0,0,2,2,313,0,11,6,2016,7,22,45,0,1,5,98,8,FM 39,,108,30.87164722,-96.097986110000,0,12,2,0,1,1,0,1,2,1,0,1,0,0000000,99,98,99,98,88,88,0,0,0,1,0
48,481477,2,2,0,0,0,5,5,85,1730,12,6,2016,1,21,5,0,8,98,98,6,TRINITY MILLS RD,,0,32.98827500,-96.836216670000,0,12,6,0,8,1,0,1,2,10,0,10,0,0000000,99,99,99,99,99,99,0,0,0,1,0
48,481478,1,1,0,1,1,1,1,201,0,12,6,2016,1,23,55,1,2,3,98,3,SR-6,,12,29.91409722,-95.621405560000,0,8,0,1,18,1,0,1,2,1,0,1,0,0000000,0,2,0,6,0,32,0,0,0,1,0
48,481479,2,2,0,0,0,3,3,387,0,12,6,2016,1,14,26,1,1,3,98,2,US-82,,122,33.61413056,-95.119850000000,0,12,6,0,1,1,0,1,1,2,0,2,0,0000000,99,99,99,99,99,99,0,0,0,2,0
48,481480,1,1,0,0,0,1,1,29,6090,13,6,2016,2,11,55,1,2,1,1,7,I-410 LOOP,,94,29.43604444,-98.643366670000,0,52,0,1,19,1,0,4,1,1,0,1,0,0000000,99,99,99,99,99,99,0,0,0,1,0
48,481481,2,2,0,0,0,2,2,61,940,13,6,2016,2,15,55,0,8,98,98,6,TULIPAN AVE,EAST AVE,0,25.89959444,-97.457769440000,0,1,0,0,2,2,0,1,1,1,0,1,0,0000000,15,57,16,4,16,18,0,0,0,1,0
48,481482,2,1,1,0,1,2,3,113,1539,13,6,2016,2,13,43,0,8,98,98,6,SAM RAYBURN TLWY,,0,32.98617222,-96.986938890000,0,25,0,0,1,1,0,3,1,1,0,1,0,0000000,13,50,13,59,14,49,23,0,0,1,0
48,481483,2,2,0,0,0,3,3,25,0,15,6,2016,4,12,58,0,1,5,98,8,FM673,CR-136,23,28.62349167,-98.002494440000,0,12,6,1,2,2,0,1,1,1,0,1,0,0000000,99,99,99,99,99,99,0,0,0,1,0
48,481484,2,2,0,0,0,2,2,91,0,15,6,2016,4,14,52,0,8,98,98,4,CR-ACCESS RD,,0,29.86953611,-98.196005560000,0,1,0,0,1,1,0,1,1,1,0,1,0,0000000,15,7,15,14,15,54,14,0,0,1,0
48,481485,1,1,0,0,0,1,1,167,6860,15,6,2016,4,2,2,1,2,3,98,8,SL197,,65,29.40817500,-94.941488890000,0,59,0,0,1,1,0,4,2,1,0,1,0,0000000,99,98,99,98,88,88,0,0,0,1,1
48,481486,2,2,0,0,0,2,2,201,3280,15,6,2016,4,20,18,0,2,4,98,8,FM525 ALDINE BENDER RD,LILLJA RD,13,29.93189722,-95.390983330000,0,12,6,0,2,3,0,1,1,1,0,1,0,0000000,99,99,99,99,99,99,0,0,0,1,0
48,481487,1,1,0,1,1,1,1,201,3280,15,6,2016,4,22,55,0,8,98,98,6,GREENS RD,,0,29.95356389,-95.378497220000,0,8,0,0,1,1,0,1,2,1,0,1,0,0000000,99,98,99,98,88,88,0,0,0,1,0
48,481488,1,1,0,1,1,1,1,213,2938,15,6,2016,4,22,53,0,2,5,98,3,SR-198,,23,32.31130556,-96.112238890000,0,8,0,0,1,1,0,1,2,1,0,1,0,0000000,99,98,99,98,88,88,0,0,0,1,0
48,481489,2,2,0,0,0,2,2,217,0,15,6,2016,4,6,2,0,1,5,98,8,FM1713,,37,31.97780000,-97.348605560000,0,12,2,0,8,1,0,1,1,1,0,1,0,0000000,99,98,99,98,88,88,0,0,0,1,0
48,481490,2,2,0,0,0,2,2,395,3070,15,6,2016,4,22,11,1,1,3,98,2,US-79/190,,208,30.88622500,-96.598091670000,0,12,6,0,1,1,0,1,2,1,0,1,0,0000000,99,99,99,99,99,99,0,0,0,1,0
48,481491,2,2,0,0,0,2,2,121,9997,16,6,2016,5,15,11,0,1,4,98,2,US-377,,99,33.28152778,-96.986286110000,0,12,6,0,8,1,0,1,1,1,0,1,0,0000000,15,13,15,20,16,3,0,0,0,1,0
48,481492,2,2,0,0,0,3,3,201,3280,16,6,2016,5,0,6,1,2,1,1,1,I-610,,70,29.68027778,-95.394888890000,0,12,1,0,1,1,0,1,3,1,0,1,0,0000000,0,13,0,29,0,41,0,0,0,2,1
48,481493,1,1,0,0,0,1,1,215,4197,16,6,2016,5,2,17,0,8,98,98,6,MAIN ST,ZINNNIA AVE,0,26.25078611,-98.226466670000,0,30,0,0,3,3,0,4,3,1,0,1,0,0000000,2,16,2,21,2,48,0,0,0,1,1
48,481494,2,2,0,0,0,2,2,291,0,16,6,2016,5,6,27,0,1,4,98,2,US-90,FM1413,27,29.98814167,-94.965688890000,0,12,6,0,2,2,0,1,1,1,0,1,0,0000000,6,38,6,55,7,20,0,0,0,1,0
48,481495,1,1,0,1,1,1,1,423,0,16,6,2016,5,3,20,1,1,1,1,1,I-20,,301,32.43914167,-95.091211110000,0,8,0,0,1,1,0,1,2,10,0,10,0,0000000,99,98,99,98,88,88,0,0,0,1,0
48,481497,1,1,0,0,0,1,1,439,2450,17,6,2016,6,5,52,0,8,98,98,6,LONG AVE,,0,32.80496111,-97.362600000000,0,44,0,0,1,1,0,1,1,1,0,1,0,0000000,99,98,99,98,88,88,0,0,0,1,0
48,481498,3,3,0,0,0,8,8,37,6850,18,6,2016,7,14,26,1,2,1,1,1,I-30,,371,33.45458611,-94.133847220000,0,12,1,0,1,1,0,1,1,1,0,1,0,0000000,14,28,14,33,14,53,19,0,0,2,0
48,481499,1,1,0,0,0,2,2,201,3280,18,6,2016,7,2,46,1,2,1,1,7,I-20,,118,29.78446389,-95.626869440000,0,25,0,0,1,1,0,10,3,1,0,1,0,0000000,2,46,2,50,3,7,0,0,0,1,1
48,481501,2,2,0,0,0,2,2,41,970,20,6,2016,2,18,20,1,2,3,98,3,SR-47,,63,30.59412778,-96.391427780000,0,12,1,1,18,1,0,1,1,10,0,10,0,0000000,18,22,18,29,18,48,0,0,0,1,0
48,481502,2,2,0,0,0,4,4,423,7070,21,6,2016,3,20,10,0,2,5,98,8,FM756 PALUXY DR,,37,32.25463611,-95.277805560000,0,12,2,0,1,1,0,1,5,1,0,1,0,0000000,20,13,20,19,20,53,0,0,0,1,1
48,481503,1,1,0,1,1,1,1,439,2450,21,6,2016,3,3,47,1,2,1,1,7,I-35W SOUTH FWY,,47,32.60791111,-97.320527780000,0,8,0,0,1,1,0,10,2,1,0,1,0,0000000,99,98,99,98,88,88,0,0,0,1,0
48,481504,1,1,0,0,0,1,1,201,9997,6,5,2016,6,2,53,1,2,2,98,3,SR-288,,112,29.59627500,-95.386227780000,0,30,0,0,1,1,0,4,3,1,0,1,0,0000000,99,98,99,98,88,88,0,0,0,1,0
48,481505,3,1,2,0,0,3,3,201,0,6,6,2016,2,23,21,0,8,98,98,4,CR-HOLLYVALE DR,,0,29.91483889,-95.386394440000,0,44,0,0,1,1,4,4,2,1,0,1,0,0000000,23,23,23,37,0,5,0,0,0,1,1
48,481506,3,2,1,0,0,4,4,201,0,8,6,2016,4,23,49,1,2,1,1,1,I-45,SR-99,476,30.09270278,-95.435766670000,0,46,0,1,3,2,1,4,3,1,0,1,0,0000000,23,50,0,1,0,20,0,0,0,1,1
48,481507,1,1,0,1,1,1,1,29,6090,12,6,2016,1,7,25,0,8,98,98,6,NEW SULPHUR SPRINGS,,0,29.36716944,-98.378613890000,0,8,0,0,1,1,0,2,6,10,0,10,0,0000000,99,98,99,98,88,88,0,0,0,1,0
48,481508,1,1,0,0,0,1,1,343,0,12,6,2016,1,12,25,0,1,4,98,2,US-259,,139,33.11553889,-94.697975000000,0,1,0,1,19,1,0,4,1,10,0,10,0,0000000,99,99,99,99,99,99,0,0,0,1,0
48,481509,5,5,0,1,1,7,7,141,2190,16,6,2016,5,22,12,1,2,1,1,1,I-10,,194,31.75880000,-106.498500000000,0,8,0,0,1,1,0,1,3,1,0,1,0,0000000,99,98,99,98,88,88,0,0,0,1,0
48,481510,2,1,1,1,1,1,1,113,1730,19,6,2016,1,3,25,1,2,2,98,2,US-75 CENTRAL EXPY,,131,32.81495833,-96.789566670000,0,14,0,0,1,1,0,2,3,10,0,10,0,0000000,99,98,99,98,88,88,23,0,0,1,1
48,481511,1,1,0,0,0,2,2,121,3960,19,6,2016,1,20,48,1,2,1,1,1,I-35 E/STEMMONS FWY,,42,33.01178056,-96.978233330000,0,25,0,0,1,1,1,3,2,1,0,1,0,0000000,22,6,22,16,88,88,0,0,0,1,1
48,481512,1,1,0,0,0,1,1,201,480,19,6,2016,1,17,28,1,2,2,98,8,BS146,,62,29.71564722,-94.977230560000,0,59,0,1,19,1,1,8,1,1,0,1,0,0000000,99,99,99,99,88,88,0,0,0,1,0
48,481513,1,1,0,0,0,1,1,203,0,19,6,2016,1,4,15,0,1,5,98,8,FM1997,,77,32.61393056,-94.391930560000,0,1,0,0,1,1,0,4,2,1,0,1,0,0000000,99,98,99,98,88,88,0,0,0,1,1
48,481514,1,1,0,1,1,1,1,439,2450,19,6,2016,1,1,41,1,2,1,1,1,I-20,,102,32.66863611,-97.312963890000,0,8,0,0,1,1,0,1,3,1,0,1,0,0000000,1,39,2,27,88,88,19,0,0,1,0
48,481515,1,1,0,0,0,1,1,187,6290,21,6,2016,3,5,52,1,2,3,98,2,US-90/KINGSBURY ST,,23,29.58015000,-97.979211110000,0,53,0,0,1,1,0,4,2,1,0,1,0,0000000,99,99,99,99,99,99,0,0,0,1,0
48,481516,1,1,0,0,0,2,2,439,2450,21,6,2016,3,18,50,1,2,1,1,1,I-35/SOUTH FWY,,68,32.74470278,-97.319438890000,0,33,0,1,19,1,0,4,1,1,0,1,0,0000000,18,50,18,57,19,10,0,0,0,1,0
48,481517,2,2,0,0,0,2,2,423,7070,22,6,2016,4,6,0,1,1,3,98,8,SL 323,,0,32.39170833,-95.267891670000,0,12,2,0,8,1,0,1,1,1,0,1,0,0000000,99,98,99,98,88,88,0,0,0,1,0
48,481518,2,2,0,0,0,2,2,113,1730,9,3,2016,4,1,26,1,2,1,1,1,I-35/STEMMONS FWY,,175,32.79988611,-96.821008330000,0,12,2,0,1,1,0,1,3,2,0,2,0,0000000,99,99,99,99,99,99,0,0,0,1,0
48,481519,2,2,0,0,0,4,4,147,7010,22,1,2016,6,17,30,1,1,3,98,3,SR-121,,142,33.44431944,-96.312650000000,0,12,6,0,8,1,0,1,1,1,0,1,0,0000000,17,32,17,44,18,40,0,0,0,2,0
48,481520,2,2,0,0,0,3,3,141,2190,16,2,2016,3,8,28,1,2,3,98,3,SR-20/ALAMEDA AVE,DURHILL RD,274,31.74447500,-106.380869440000,0,12,6,0,2,3,0,1,1,1,0,1,0,0000000,8,38,8,44,9,15,0,0,0,1,0
48,481521,1,1,0,0,0,1,1,201,3280,5,3,2016,7,10,0,1,2,1,1,1,I-45 NORTH FWY,,289,29.82922222,-95.381466670000,0,1,0,0,1,1,0,1,1,1,0,1,0,0000000,10,10,10,20,11,4,0,0,0,1,0
48,481522,1,1,0,0,0,1,1,29,6090,1,4,2016,6,1,1,0,8,98,98,6,BERYL DR,,0,29.49737778,-98.535447220000,0,33,0,0,1,1,0,4,3,1,0,1,0,0000000,99,98,99,98,88,88,0,0,0,1,1
48,481524,1,1,0,0,0,3,3,155,0,22,5,2016,1,4,25,0,1,6,98,3,SR-6,,88,33.86499167,-99.773613890000,0,1,0,0,1,1,0,4,2,1,0,1,0,0000000,4,40,4,51,5,46,0,0,0,1,0
48,481525,4,4,0,0,0,6,6,209,3760,22,5,2016,1,0,49,1,2,1,1,7,I-35,,192,30.03247222,-97.846841670000,0,1,0,0,1,1,0,10,3,1,0,1,0,0000000,0,56,1,2,1,42,0,0,0,1,1
48,481526,1,1,0,1,1,1,1,215,0,30,5,2016,2,21,41,1,2,3,98,3,SR-107,,233,26.29256389,-98.106797220000,0,8,0,0,1,1,0,1,3,1,0,1,0,0000000,99,98,99,98,88,88,0,0,0,1,0
48,481527,2,2,0,0,0,3,3,213,6983,3,6,2016,6,14,18,0,1,5,98,3,SR-274 TOOL DR,ASHBY LN,98,32.23937500,-96.144797220000,0,12,2,0,1,1,0,1,1,10,0,10,0,0000000,14,17,14,30,15,25,0,0,0,1,0
48,481528,1,1,0,1,1,1,1,439,260,7,6,2016,3,19,14,0,8,98,98,6,MCQUEARY ST,,0,32.74030556,-97.135658330000,0,8,0,0,1,1,0,1,1,1,0,1,0,0000000,99,99,99,99,99,99,0,0,0,1,0
48,481529,1,1,0,1,1,1,1,453,330,7,6,2016,3,22,14,0,8,98,98,6,SPICEWOOD SPRINGS RD,RUSTIC ROCK DR,0,30.43009444,-97.781197220000,0,8,0,0,3,3,0,1,3,1,0,1,0,0000000,22,14,22,21,22,57,0,0,0,1,0
48,481531,2,2,0,0,0,5,5,299,0,8,6,2016,4,5,10,0,1,4,98,3,SR-29,SR-71,149,30.76935000,-98.720719440000,0,12,6,0,2,3,0,1,3,1,0,1,0,0000000,5,24,5,54,6,45,0,0,0,2,0
48,481532,2,2,0,0,0,3,3,303,4140,8,6,2016,4,17,1,1,2,2,98,8,SL 289,,123,33.53157222,-101.908775000000,0,54,11,0,1,1,0,1,1,1,0,1,0,0000000,17,2,17,5,17,20,14,0,0,1,0
48,481533,2,2,0,0,0,3,3,323,0,8,6,2016,4,15,10,1,1,3,98,2,US-277,SR-131,173,28.86360833,-100.546358330000,0,12,6,0,2,3,0,1,1,1,0,1,0,0000000,99,99,99,99,99,99,0,0,0,1,0
48,481534,2,2,0,0,0,3,3,361,0,8,6,2016,4,8,25,0,1,4,98,3,SR-62,NORTHRIDGE DRIVE,32,30.23203056,-93.888169440000,0,12,1,0,3,3,0,1,1,1,0,1,0,0000000,99,98,99,98,88,88,0,0,0,1,0
48,481535,2,2,0,0,0,2,2,473,0,8,6,2016,4,17,11,0,1,5,98,8,FM 529/FREEMAN RD,FM 2855/MORRISON RD,42,29.87428889,-95.890588890000,0,12,2,0,3,2,0,1,1,1,0,1,0,0000000,17,27,17,48,18,15,0,0,0,1,0
48,481536,2,2,0,0,0,3,3,325,0,10,6,2016,6,14,15,0,1,4,98,3,SR-173,,143,29.44126944,-99.116919440000,0,12,6,0,1,1,0,1,1,1,0,1,0,0000000,14,21,14,32,16,19,0,0,0,1,0
48,481537,1,1,0,0,0,1,1,351,0,11,6,2016,7,7,52,0,1,5,98,8,FM 1004,,17,30.61268889,-93.838750000000,0,53,0,0,1,1,0,4,1,10,0,10,0,0000000,99,99,99,99,99,99,0,0,0,1,0
48,481538,1,1,0,0,0,1,1,353,6720,11,6,2016,7,0,7,1,1,1,1,1,I-20,,125,32.45348889,-100.464338890000,0,52,0,1,19,1,0,3,3,1,0,1,0,0000000,99,98,99,98,88,88,0,0,0,1,1
48,481539,2,2,0,1,1,2,2,27,6810,12,6,2016,1,2,9,1,2,1,1,7,I-35/GENERAL BRUCE DR,,263,31.09306944,-97.379711110000,0,8,0,0,1,1,1,1,2,1,0,1,0,0000000,99,98,99,98,88,88,3,0,0,1,0
48,481540,3,3,0,0,0,7,7,427,2246,12,6,2016,1,17,58,1,1,3,98,2,US-83,,203,26.41040000,-98.960211110000,0,12,2,0,1,1,0,1,1,1,0,1,0,0000000,18,7,18,32,19,14,0,0,0,2,1
48,481541,3,2,1,1,1,1,1,113,3880,13,6,2016,2,23,46,1,2,3,98,3,SR-342,,192,32.63756111,-96.777011110000,0,12,1,0,1,1,0,1,2,1,0,1,0,0000000,23,51,23,57,0,32,14,15,23,1,0
48,481542,2,2,0,0,0,2,2,39,0,14,6,2016,3,12,30,1,2,3,98,3,SR-6,CR-146,97,29.44718611,-95.297172220000,0,12,1,0,2,2,0,1,1,1,0,1,0,0000000,12,33,12,39,13,20,0,0,0,1,0
48,481543,4,4,0,0,0,6,6,65,0,15,6,2016,4,20,45,1,1,1,1,1,I-40,,136,35.21930000,-101.388800000000,0,12,1,0,1,1,0,1,1,7,0,7,0,0000000,20,45,21,5,22,15,19,23,0,1,0
48,481544,3,3,0,0,0,4,4,245,490,17,6,2016,6,9,7,1,2,2,98,2,US-69/96/287 CARDINAL DR,,44,30.03471667,-94.101050000000,0,12,6,0,1,1,1,1,1,1,0,1,0,0000000,99,99,99,99,99,99,26,0,0,1,0
48,481545,3,3,0,0,0,6,6,291,0,17,6,2016,6,7,22,1,1,3,98,3,SR-105,,182,30.24715000,-94.733700000000,0,12,8,0,1,1,0,1,1,1,0,1,0,0000000,8,19,8,38,9,14,0,0,0,2,0
48,481546,8,1,7,0,0,4,4,141,2190,18,6,2016,7,2,9,1,2,3,98,8,FM659,,83,31.72522222,-106.302227780000,0,59,0,0,1,1,0,4,3,1,0,1,0,0000000,2,19,2,19,2,44,0,0,0,1,1
48,481547,1,1,0,1,1,1,1,201,3280,18,6,2016,7,2,20,1,2,1,1,1,I-45 RAMP NORTH FWY,,403,29.98772222,-95.423386110000,0,8,0,1,20,1,0,1,2,1,0,1,0,0000000,2,24,2,28,3,3,0,0,0,1,0
48,481548,2,2,0,0,0,2,2,41,970,19,6,2016,1,11,17,1,2,3,98,8,FM2818,,84,30.63624444,-96.378852780000,0,12,2,0,1,1,0,1,1,10,0,10,0,0000000,11,19,11,23,11,52,0,0,0,1,0