STATE,ST_CASE,VE_TOTAL,VE_FORMS,PVH_INVL,PEDS,PERNOTMVIT,PERMVIT,PERSONS,COUNTY,CITY,DAY,MONTH,YEAR,DAY_WEEK,HOUR,MINUTE,NHS,RUR_URB,FUNC_SYS,RD_OWNER,ROUTE,TWAY_ID,TWAY_ID2,MILEPT,LATITUDE,LONGITUD,SP_JUR,HARM_EV,MAN_COLL,RELJCT1,RELJCT2,TYP_INT,WRK_ZONE,REL_ROAD,LGT_COND,WEATHER1,WEATHER2,WEATHER,SCH_BUS,RAIL,NOT_HOUR,NOT_MIN,ARR_HOUR,ARR_MIN,HOSP_HR,HOSP_MN,CF1,CF2,CF3,FATALS,DRUNK_DR
48,481767,1,1,0,0,0,1,1,419,0,11,7,2016,2,20,15,0,1,4,98,3,SR-147,,11,31.70996389,-94.063850000000,0,42,0,0,1,1,0,4,5,1,0,1,0,0000000,99,98,99,98,88,88,0,0,0,1,1
48,481768,3,3,0,0,0,4,4,215,5330,15,7,2016,6,12,57,0,2,4,98,8,FM3461 NOLANA LP,VETERANS RD,29,26.23103056,-98.161036110000,0,12,6,0,2,2,0,1,1,1,0,1,0,0000000,12,52,12,56,13,27,0,0,0,1,0
48,481769,2,2,0,0,0,4,4,407,0,15,7,2016,6,17,14,1,1,3,98,2,US-59,CR-REGENCY DR,107,30.43468889,-95.035697220000,0,12,6,0,2,2,1,1,1,1,0,1,0,0000000,18,12,18,32,19,18,99,99,99,1,0
48,481770,1,1,0,0,0,1,1,485,7490,16,7,2016,7,23,37,1,2,3,98,8,SL11,,65,33.92670556,-98.536102780000,0,33,0,0,1,1,0,4,2,1,0,1,0,0000000,99,99,99,99,99,99,0,0,0,1,0
48,481771,1,1,0,0,0,1,1,407,0,17,7,2016,1,0,23,0,1,5,98,8,FM1127,,35,30.54930556,-94.920005560000,0,1,0,0,1,1,0,4,2,1,0,1,0,0000000,99,98,99,98,88,88,0,0,0,1,1
48,481772,1,1,0,0,0,4,4,161,2280,18,7,2016,2,9,45,1,1,1,1,1,I-45,,163,31.70338611,-96.173002780000,0,1,0,0,1,1,0,1,1,1,0,1,0,0000000,99,99,99,99,99,99,0,0,0,1,0
48,481773,1,1,0,0,0,1,1,113,1730,23,6,2016,5,2,0,0,8,98,98,6,INWOOD RD,,0,32.88761111,-96.821083330000,0,39,0,0,1,1,0,5,3,1,0,1,0,0000000,99,98,99,98,88,88,0,0,0,1,1
48,481774,1,1,0,1,1,1,1,113,1730,25,6,2016,7,1,30,1,2,1,1,1,I-635 LBJ FWY,,12,32.88120000,-96.692466670000,0,8,0,0,1,1,0,1,3,1,0,1,0,0000000,99,98,99,98,88,88,0,0,0,1,0
48,481775,2,2,0,0,0,3,3,113,4530,12,7,2016,3,2,36,1,2,1,1,1,I-635,,75,32.80447778,-96.626730560000,0,12,2,0,1,1,0,1,3,10,0,10,0,0000000,2,39,2,45,3,8,20,0,0,2,1
48,481776,1,1,0,0,0,1,1,141,2190,14,2,2016,1,13,27,1,2,1,1,7,I-10,,340,31.70965000,-106.293597220000,0,26,0,0,1,1,0,10,1,1,0,1,0,0000000,13,28,13,36,13,58,0,0,0,1,0
48,481777,1,1,0,1,1,3,3,21,0,8,7,2016,6,15,9,1,1,3,98,3,SR-71,,226,30.05186389,-97.196547220000,0,9,0,0,1,1,0,1,1,1,0,1,0,0000000,99,99,99,99,99,99,0,0,0,1,0
48,481778,2,2,0,0,0,2,2,471,5812,8,7,2016,6,13,10,0,1,5,98,8,FM980,,12,30.84001944,-95.393855560000,0,12,6,0,8,1,0,1,1,1,0,1,0,0000000,99,98,99,98,88,88,0,0,0,1,0
48,481779,1,1,0,0,0,2,2,471,0,10,7,2016,1,7,33,0,1,5,98,3,SR-75,,115,30.75240278,-95.644700000000,0,38,0,0,1,1,0,5,1,1,0,1,0,0000000,7,39,8,9,9,5,0,0,0,1,0
48,481780,1,1,0,0,0,1,1,121,0,14,7,2016,5,23,30,0,1,5,98,8,FM2931,,77,33.24807778,-96.956825000000,0,52,0,0,1,1,0,4,2,1,0,1,0,0000000,23,42,23,49,0,20,0,0,0,1,0
48,481781,1,1,0,0,0,1,1,303,4140,15,7,2016,6,22,50,0,1,5,98,8,FM 1294/DREW ST,,206,33.69395556,-101.821191670000,0,43,0,0,1,1,0,4,2,10,0,10,0,0000000,99,98,99,98,88,88,0,0,0,1,0
48,481782,1,1,0,0,0,1,1,141,2190,17,7,2016,1,5,20,0,8,98,98,6,HONDO PASS DR,,0,31.86981944,-106.429958330000,0,30,0,0,1,1,0,4,3,1,0,1,0,0000000,99,98,99,98,88,88,0,0,0,1,1
48,481783,1,1,0,0,0,1,1,209,0,17,7,2016,1,22,4,0,8,98,98,4,CR-163/NUTTY BROWN RD,,0,30.17698889,-97.964650000000,0,32,0,0,1,1,0,4,2,1,0,1,0,0000000,99,98,99,98,88,88,0,0,0,1,0
48,481784,1,1,0,0,0,1,1,475,0,6,6,2016,2,21,40,1,1,1,1,1,I-20,,107,31.49655833,-103.248605560000,0,1,0,0,1,1,0,3,2,1,0,1,0,0000000,99,98,99,98,88,88,0,0,0,1,0
48,481785,1,1,0,0,0,1,1,119,0,16,6,2016,5,7,0,0,1,5,98,8,FM 1533,,12,33.42633611,-95.744622220000,0,1,0,0,1,1,0,4,1,1,0,1,0,0000000,99,98,99,98,88,88,0,0,0,1,1
48,481786,1,1,0,0,0,1,1,139,0,27,6,2016,2,7,0,0,1,5,98,8,FM 85,,140,32.31830000,-96.527400000000,0,1,0,0,1,1,0,4,1,1,0,1,0,0000000,99,98,99,98,88,88,0,0,0,1,0
48,481787,1,1,0,1,1,1,1,201,0,12,7,2016,3,0,50,0,8,98,98,4,CR-WEST RD,,0,29.91463333,-95.434555560000,0,8,0,0,1,1,0,1,2,1,0,1,0,0000000,99,98,99,98,88,88,0,0,0,1,0
48,481788,2,2,0,0,0,2,2,141,2190,14,7,2016,5,22,59,1,2,2,98,7,SL 375/JOE BATTLE BLVD,,85,31.75402222,-106.268050000000,0,12,1,0,1,1,0,1,3,1,0,1,0,0000000,99,98,99,98,88,88,0,0,0,1,1
48,481789,2,2,0,0,0,2,2,349,0,15,7,2016,6,14,30,0,1,4,98,2,US-287,,1,31.98285000,-96.117419440000,0,12,6,0,1,1,0,1,1,1,0,1,0,0000000,14,30,14,54,15,28,23,0,0,1,0
48,481790,2,2,0,0,0,3,3,39,0,18,7,2016,2,12,53,0,2,5,98,8,FM 523,,12,29.18903889,-95.387650000000,0,12,2,0,1,1,0,1,1,2,0,2,0,0000000,13,21,13,24,13,31,0,0,0,2,0
48,481791,1,1,0,0,0,1,1,117,0,18,7,2016,2,1,3,0,8,98,98,4,CR-TIERRA BLANCA RD,,0,34.82431111,-102.458511110000,0,38,0,0,1,1,0,4,2,1,0,1,0,0000000,99,98,99,98,88,88,0,0,0,1,1
48,481792,1,1,0,0,0,1,1,147,0,18,7,2016,2,15,28,0,1,5,98,8,FM 64,,37,33.43421111,-95.896388890000,0,42,0,0,1,1,0,4,1,1,0,1,0,0000000,99,98,99,98,88,88,0,0,0,1,0
48,481793,2,2,0,0,0,6,6,61,940,19,7,2016,3,12,14,1,2,3,98,7,SR-550/FRONTAGE RD,FM 1847,38,26.01307500,-97.481558330000,0,12,6,1,2,2,0,1,1,1,0,1,0,0000000,12,17,12,24,12,46,0,0,0,1,0
48,481794,1,1,0,1,1,1,1,141,2190,21,7,2016,5,13,2,1,2,2,98,7,SL 375/AMERICAS AVE,,131,31.68881667,-106.296222220000,0,8,0,0,1,1,0,1,1,1,0,1,0,0000000,99,99,99,99,99,99,0,0,0,1,0
48,481795,2,2,0,0,0,3,3,167,3220,17,7,2016,1,19,6,0,2,4,98,8,FM 2004,,84,29.32152500,-95.060702780000,0,12,1,0,8,1,0,1,1,1,0,1,0,0000000,99,98,99,98,88,88,0,0,0,1,1
48,481796,1,1,0,1,1,1,1,355,5850,23,4,2016,7,22,5,1,2,3,98,3,SR-44/ J AVE,,99,27.79963611,-97.682238890000,0,8,0,0,1,1,0,1,3,1,0,1,0,0000000,22,17,22,22,22,49,0,0,0,1,0
48,481797,2,2,0,0,0,3,3,485,7490,2,5,2016,2,22,46,1,2,2,98,7,US-82/KELL BLVD,TAFT BLVD,299,33.88912500,-98.518811110000,0,12,6,0,2,2,0,1,3,1,0,1,0,0000000,22,49,22,54,23,15,0,0,0,1,1
48,481798,2,2,0,0,0,3,3,257,0,5,7,2016,3,2,19,0,1,4,98,3,SR-243,,160,32.57504167,-96.195575000000,0,12,6,0,1,1,0,1,2,2,0,2,0,0000000,99,99,99,99,99,99,0,0,0,1,0
48,481799,1,1,0,0,0,5,5,141,0,21,6,2016,3,2,6,0,8,98,98,4,CR-FLAGER ST,,0,31.82896389,-106.199013890000,0,43,0,0,1,1,0,5,2,1,0,1,0,0000000,2,30,2,36,3,12,0,0,0,1,0
48,481800,1,1,0,0,0,6,6,355,1550,4,7,2016,2,22,56,1,2,1,1,1,I-37,,54,27.80518611,-97.485700000000,0,1,0,0,1,1,0,4,3,1,0,1,0,0000000,99,99,99,99,99,99,0,0,0,1,0
48,481801,1,1,0,0,0,1,1,55,0,10,7,2016,1,5,20,0,8,98,98,4,CR-191 LONG HOLLOW RD,,0,30.05954167,-97.639469440000,0,42,0,0,1,1,0,4,2,1,0,1,0,0000000,99,98,99,98,88,88,0,0,0,1,1
48,481802,2,2,0,0,0,2,2,175,0,12,7,2016,3,11,44,1,1,3,98,2,US-59,OLD US-59,25,28.70290000,-97.204377780000,0,12,6,0,2,3,0,1,1,1,0,1,0,0000000,99,98,99,98,88,88,0,0,0,1,0
48,481804,2,2,0,0,0,2,2,401,0,14,7,2016,5,21,48,0,1,5,98,3,SR-315,,18,31.94302500,-94.672075000000,0,12,2,0,1,1,0,1,2,1,0,1,0,0000000,99,99,99,99,99,99,0,0,0,1,0
48,481805,1,1,0,0,0,2,2,39,0,15,7,2016,6,19,33,0,2,5,98,8,FM523,,179,29.07300556,-95.360386110000,0,1,0,0,1,1,0,4,1,1,0,1,0,0000000,19,48,20,12,20,47,0,0,0,1,1
48,481807,1,1,0,1,1,1,1,201,0,15,7,2016,6,22,45,1,2,3,98,3,SR-6,,64,29.84620278,-95.645772220000,0,8,0,0,1,1,0,1,2,1,0,1,0,0000000,99,99,99,99,99,99,0,0,0,1,0
48,481808,1,1,0,0,0,1,1,367,0,15,7,2016,6,1,40,0,8,98,98,4,CR-OLD AGNES RD,,0,32.86655278,-97.780813890000,0,42,0,0,1,1,0,4,2,1,0,1,0,0000000,99,99,99,99,99,99,0,0,0,1,0
48,481809,3,3,0,0,0,9,9,303,0,16,7,2016,7,13,43,0,2,3,98,8,FM179,CR-6520 EVANS ST,74,33.60310278,-102.009197220000,0,12,1,0,3,3,0,1,1,1,0,1,0,0000000,13,41,13,43,14,9,0,0,0,2,1
48,481810,1,1,0,1,1,1,1,375,0,17,7,2016,1,21,47,1,1,1,1,7,I-40,,65,35.19113889,-102.071141670000,0,9,0,0,1,1,0,1,2,1,0,1,0,0000000,99,98,99,98,88,88,0,0,0,1,1
48,481811,1,1,0,1,1,2,2,423,0,17,7,2016,1,3,45,1,1,1,1,1,I-20,,308,32.44135278,-95.061880560000,0,8,0,0,1,1,0,2,2,1,0,1,0,0000000,99,98,99,98,88,88,19,0,0,1,0
48,481812,1,1,0,0,0,5,5,25,0,18,7,2016,2,22,39,0,1,5,98,3,SR-202,,108,28.38536944,-97.571911110000,0,42,0,0,1,1,1,4,2,1,0,1,0,0000000,99,99,99,99,99,99,1,3,0,1,0
48,481813,3,1,2,1,1,1,1,167,2570,18,7,2016,2,7,32,0,8,98,98,6,N 1/2 AVE,,0,29.28619444,-94.822863890000,0,14,0,0,1,1,0,7,1,1,0,1,0,0000000,7,34,7,42,8,0,0,0,0,1,0
48,481814,1,1,0,1,1,1,1,201,0,18,7,2016,2,4,30,1,2,2,98,3,SR-249/TOMBALL PKWY,,172,29.92393056,-95.499188890000,0,8,0,0,1,1,0,1,2,1,0,1,0,0000000,99,98,99,98,88,88,0,0,0,1,0
48,481815,1,1,0,0,0,1,1,203,0,18,7,2016,2,22,24,1,2,1,1,7,I-20,,5,32.45493056,-94.694011110000,0,1,0,0,1,1,0,10,2,1,0,1,0,0000000,99,98,99,98,88,88,0,0,0,1,1
48,481816,2,2,0,0,0,4,4,289,0,20,7,2016,4,15,28,0,1,6,98,8,FM 1146,,66,31.26906944,-96.259488890000,0,12,2,0,1,1,0,1,1,1,0,1,0,0000000,99,99,99,99,99,99,0,0,0,2,0
48,481817,1,1,0,0,0,1,1,439,260,20,7,2016,4,2,23,1,2,2,98,3,SR-360,,160,32.69471389,-97.062855560000,0,59,0,0,1,1,0,4,2,1,0,1,0,0000000,99,98,99,98,88,88,0,0,0,1,0
48,481818,2,2,0,0,0,4,4,113,1730,21,7,2016,5,15,40,1,2,3,98,8,SL 12/GREAT TRINITY FOREST WAY,,213,32.71298333,-96.702480560000,0,12,2,0,1,1,0,1,1,1,0,1,0,0000000,99,99,99,99,99,99,0,0,0,2,1
48,481819,1,1,0,1,1,1,1,201,3280,21,7,2016,5,20,42,0,8,98,98,6,COOK RD,,0,29.69997778,-95.596097220000,0,8,0,0,1,1,0,1,3,10,0,10,0,0000000,20,43,20,44,21,14,0,0,0,1,0
48,481820,3,3,0,1,1,7,7,113,1730,22,7,2016,6,21,56,0,8,98,98,6,BONNIEVIEW RD,HIGHLAND HILLS DR,0,32.67071389,-96.761633330000,0,12,6,0,2,2,0,1,3,1,0,1,0,0000000,99,99,99,99,99,99,0,0,0,1,0
48,481821,2,2,0,0,0,2,2,167,6860,24,7,2016,1,2,12,1,2,2,98,3,SR-146,,48,29.48606111,-94.987766670000,0,12,1,0,1,1,0,1,2,1,0,1,0,0000000,99,98,99,98,88,88,0,0,0,1,1
48,481822,2,2,0,0,0,4,4,201,0,24,7,2016,1,17,55,0,8,98,98,4,CR-BARBERS HILL RD,CR-HANEY RD,0,29.84232222,-95.002813890000,0,12,6,0,2,3,0,1,1,10,0,10,0,0000000,18,10,18,25,18,50,0,0,0,2,1
48,481823,2,2,0,0,0,2,2,375,150,24,7,2016,1,2,46,1,2,1,1,1,I-40,,249,35.19270278,-101.726411110000,0,12,6,0,1,1,0,1,3,1,0,1,0,0000000,2,47,2,50,3,24,0,0,0,1,0
48,481824,2,2,0,1,1,2,2,439,2450,24,7,2016,1,4,37,1,2,1,1,1,I-30 WEST FWY,,120,32.72370556,-97.515950000000,0,12,6,0,1,1,0,1,3,1,0,1,0,0000000,4,38,4,45,5,18,19,0,0,1,0
48,481825,1,1,0,1,1,1,1,439,6060,24,7,2016,1,20,50,1,2,3,98,8,BU-287 P SAGINAW BLVD,FRANKLIN AVE,90,32.85687222,-97.361597220000,0,8,0,0,3,3,0,1,1,1,0,1,0,0000000,99,98,99,98,88,88,0,0,0,1,0
48,481826,1,1,0,0,0,1,1,453,330,24,7,2016,1,2,25,1,2,2,98,8,SL 1 MOPAC ST,,156,30.25295556,-97.736441670000,0,59,0,0,1,1,0,3,3,1,0,1,0,0000000,99,98,99,98,88,88,0,0,0,1,1
48,481827,2,2,0,0,0,4,4,113,1730,25,7,2016,2,2,50,1,2,3,98,8,SL 354 HARRY HINES BLVD,SL 12 NORTHWEST HWY,198,32.85866944,-96.881008330000,0,12,6,1,2,2,0,1,3,1,0,1,0,0000000,99,99,99,99,88,88,0,0,0,1,1
48,481828,1,1,0,1,1,1,1,183,4080,25,7,2016,2,20,57,1,2,3,98,8,SL 281,,71,32.49834167,-94.788758330000,0,9,0,0,1,1,0,1,2,1,0,1,0,0000000,20,59,21,2,21,12,0,0,0,1,1
48,481829,2,2,0,0,0,2,2,251,1370,26,7,2016,3,8,28,1,2,3,98,3,SR-174 MAIN ST,,228,32.38709444,-97.390872220000,0,12,6,0,1,1,1,1,1,1,0,1,0,0000000,8,32,8,37,9,2,0,0,0,1,0
48,481830,3,3,0,0,0,7,7,479,3899,27,5,2016,6,2,17,0,2,3,98,8,BU-59Z SAUNDERS ST,SAN FRANCISCO AVE,442,27.53064722,-99.499888890000,0,12,2,0,2,2,0,1,3,1,0,1,0,0000000,2,21,2,28,2,45,0,0,0,1,2
48,481831,3,3,0,0,0,3,3,215,50,6,7,2016,4,14,26,1,1,1,1,1,I-2 / US-83,6TH ST,321,26.18976389,-98.112180560000,0,12,1,0,1,1,0,1,1,1,0,1,0,0000000,99,98,99,98,88,88,0,0,0,1,0
48,481832,1,1,0,1,1,4,4,113,1730,9,7,2016,7,0,36,1,2,3,98,2,US-175 SM WRIGHT HWY,,22,32.76294722,-96.772736110000,0,8,0,1,18,1,0,1,2,1,0,1,0,0000000,99,98,99,98,88,88,0,0,0,1,0
48,481833,1,1,0,0,0,2,2,347,0,15,7,2016,6,22,45,0,1,5,98,8,FM 95,PINE ST,21,31.47201667,-94.340700000000,0,11,0,0,1,1,0,1,2,1,0,1,0,0000000,99,99,99,99,99,99,0,0,0,1,1
48,481834,2,2,0,0,0,5,5,371,0,18,7,2016,2,9,25,0,1,5,98,3,SR-18,FM 1450,129,31.24980278,-102.891263890000,0,12,6,0,2,2,0,1,1,1,0,1,0,0000000,9,30,9,58,10,52,0,0,0,2,0
48,481835,1,1,0,0,0,1,1,187,0,22,7,2016,6,22,5,0,1,5,98,8,FM 1044,,44,29.60355833,-98.114547220000,0,59,0,0,1,1,0,4,2,1,0,1,0,0000000,99,98,99,98,88,88,20,0,0,1,1
48,481836,2,2,0,0,0,4,4,423,0,27,7,2016,4,13,55,1,1,1,1,1,I-20,,151,32.46736389,-95.340994440000,0,12,1,0,1,1,1,1,1,1,0,1,0,0000000,15,53,15,53,16,42,0,0,0,2,0
48,481837,1,1,0,0,0,1,1,397,5910,26,5,2016,5,14,3,1,2,1,1,1,I-30,,50,32.90155278,-96.457291670000,0,73,0,0,1,1,0,1,1,10,0,10,0,0000000,99,99,99,99,99,99,0,0,0,1,0
48,481838,1,1,0,1,1,1,1,439,260,1,7,2016,6,21,57,1,2,3,98,8,FM 157 COOPER ST,,175,32.70017222,-97.122252780000,0,8,0,0,1,1,0,1,3,1,0,1,0,0000000,99,99,99,99,99,99,0,0,0,1,0
48,481839,1,1,0,0,0,1,1,149,0,3,7,2016,1,18,54,0,8,98,98,4,CR-MAKINSON RD,CR-OLD LOCKHART RD,0,29.90173611,-97.054861110000,0,34,0,0,3,3,0,4,1,1,0,1,0,0000000,99,98,99,98,88,88,0,0,0,1,0
48,481840,1,1,0,1,1,1,1,453,330,3,7,2016,1,22,29,0,8,98,98,6,BURNET RD,,0,30.35890556,-97.730105560000,0,8,0,0,1,1,0,1,3,1,0,1,0,0000000,22,31,22,37,22,54,0,0,0,1,0
48,481841,2,2,0,0,0,2,2,53,0,8,7,2016,6,10,55,1,1,3,98,2,US-281,FM1855,281,30.64126389,-98.260230560000,0,12,6,0,2,3,0,1,1,1,0,1,0,0000000,99,98,99,98,88,88,0,0,0,1,0
48,481842,2,2,0,0,0,7,7,201,0,8,7,2016,6,23,20,1,2,2,98,3,SR-249 MOUNT HOUSTON RD,,219,29.89793333,-95.431802780000,0,12,6,0,8,1,0,1,3,1,0,1,0,0000000,23,32,23,36,0,11,0,0,0,1,0
48,481843,2,2,0,0,0,7,7,303,4140,8,7,2016,6,23,8,0,8,98,98,6,AVE P,38TH ST,0,33.55968889,-101.853066670000,0,12,6,0,2,2,0,1,2,10,0,10,0,0000000,23,9,23,13,23,29,0,0,0,1,1
48,481844,2,2,0,0,0,2,2,391,0,14,7,2016,5,18,25,0,1,5,98,8,FM136,CR-CHURCHILL RD,36,28.22495556,-97.304166670000,0,12,8,0,2,2,0,1,1,1,0,1,0,0000000,18,25,18,38,19,23,0,0,0,1,0
48,481845,1,1,0,0,0,1,1,215,0,16,7,2016,7,13,30,0,8,98,98,4,CR-MILE 10 N RD,,0,26.20040833,-97.936358330000,0,30,0,0,1,1,0,4,1,1,0,1,0,0000000,99,99,99,99,99,99,0,0,0,1,1
48,481846,3,3,0,0,0,5,5,21,0,21,7,2016,5,14,0,1,1,3,98,3,SR-21,CR-PINE VALLEY CT,73,30.16760833,-97.198466670000,0,12,1,0,3,3,0,1,1,1,0,1,0,0000000,99,99,99,99,99,99,0,0,0,1,0
48,481847,1,1,0,3,3,1,1,303,0,21,7,2016,5,21,29,0,8,98,98,4,CR-6520 EVANS ST,,0,33.60310833,-102.017802780000,0,8,0,0,1,1,0,1,2,1,0,1,0,0000000,21,30,21,56,22,13,0,0,0,2,0
48,481848,1,1,0,1,1,1,1,141,2190,23,7,2016,7,20,38,0,8,98,98,6,DIANA DR,,0,31.87377222,-106.423163890000,0,8,0,0,1,1,0,1,3,1,0,1,0,0000000,99,99,99,99,99,99,0,0,0,1,0
48,481849,2,2,0,0,0,3,3,201,0,23,7,2016,7,0,2,0,8,98,98,4,CR-KUYKENDAHL RD,,0,30.01607778,-95.470277780000,0,12,2,0,1,1,0,1,2,1,0,1,0,0000000,0,4,0,11,0,43,0,0,0,1,1
48,481850,2,1,1,0,1,1,2,141,0,25,7,2016,2,11,45,1,2,1,1,1,I-10,,389,31.65759722,-106.237986110000,0,14,0,0,1,1,0,10,1,1,0,1,0,0000000,99,98,99,98,88,88,0,0,0,1,0
48,481851,1,1,0,0,0,2,2,85,4230,8,7,2016,6,22,45,1,2,2,98,7,US-75 CENTRAL EXPWY,WHITE AVE,141,33.20975278,-96.637533330000,0,33,0,1,19,1,0,4,3,1,0,1,0,0000000,22,46,22,50,23,6,0,0,0,1,0
48,481852,1,1,0,0,0,1,1,255,0,14,7,2016,5,5,30,0,8,98,98,4,CR-208,,0,28.93281389,-97.992861110000,0,38,0,0,1,1,0,5,2,10,0,10,0,0000000,99,98,99,98,88,88,0,0,0,1,0
48,481853,1,1,0,1,1,2,2,201,0,15,7,2016,6,0,1,1,2,2,98,3,SR-249 TOMBALL PKWY,CR-SMILING WOOD LN,181,29.91590278,-95.487500000000,0,8,0,0,3,2,0,1,2,1,0,1,0,0000000,99,98,99,98,88,88,0,0,0,1,0
48,481854,2,2,0,0,0,2,2,215,0,21,7,2016,5,14,40,0,8,98,98,4,CR-MILE 14 RD,,0,26.41358333,-98.295502780000,0,12,1,0,1,1,0,1,1,1,0,1,0,0000000,99,98,99,98,88,88,0,0,0,1,0
48,481856,1,1,0,1,1,1,1,439,2990,21,7,2016,5,23,45,1,2,1,1,7,I-820,,196,32.84004444,-97.285816670000,0,9,0,0,1,1,0,1,3,1,0,1,0,0000000,23,43,23,51,0,31,0,0,0,1,0
48,481857,1,1,0,0,0,1,1,493,0,21,7,2016,5,4,25,1,1,3,98,2,US-181,,66,29.19638889,-98.205125000000,0,1,0,0,1,1,0,3,2,1,0,1,0,0000000,99,99,99,99,99,99,0,0,0,1,0
48,481859,2,2,0,0,0,2,2,497,0,24,7,2016,1,1,56,0,1,5,98,8,FM51,,246,33.17413056,-97.622163890000,0,12,2,0,1,1,0,1,2,1,0,1,0,0000000,99,98,99,98,88,88,0,0,0,2,1
48,481860,1,1,0,1,1,2,2,29,6090,28,7,2016,5,1,57,1,2,1,1,1,I-35,,206,29.40278611,-98.511788890000,0,8,0,0,1,1,0,1,2,10,0,10,0,0000000,99,98,99,98,88,88,0,0,0,1,0
48,481861,3,3,0,0,0,7,7,113,1730,4,3,2016,6,21,50,1,2,2,98,2,US-75 CENTRAL EXPY,,63,32.91703056,-96.767044440000,0,25,0,0,1,1,0,4,3,1,0,1,0,0000000,99,99,99,99,99,99,0,0,0,1,0
48,481862,2,2,0,0,0,2,2,85,4230,13,6,2016,2,23,45,1,2,3,98,3,SR-5 MCDONALD ST,,140,33.24363056,-96.609291670000,0,12,2,0,1,1,0,1,2,1,0,1,0,0000000,23,53,23,58,0,37,0,0,0,2,0
48,481863,3,1,2,1,1,1,1,317,0,16,6,2016,5,10,1,1,1,3,98,3,SR-349,,55,32.24210556,-102.146277780000,0,14,0,0,1,1,0,2,1,1,0,1,0,0000000,99,99,99,99,99,99,0,0,0,1,0
48,481864,2,2,0,0,0,3,3,113,1730,6,7,2016,4,13,25,0,8,98,98,6,HAMPTON RD,BARLOW AVE,0,32.71596111,-96.856938890000,0,12,6,0,2,3,0,1,1,1,0,1,0,0000000,99,99,99,99,99,99,0,0,0,1,0
48,481865,1,1,0,1,1,1,1,113,1730,9,7,2016,7,5,5,0,8,98,98,6,OVERTON RD,,0,32.70083056,-96.819744440000,0,8,0,0,1,1,0,1,2,1,0,1,0,0000000,99,99,99,99,99,99,0,0,0,1,0
48,481866,2,2,0,0,0,3,3,229,0,10,7,2016,1,21,45,1,1,1,1,1,I-10,,617,31.41707500,-105.987361110000,0,12,1,0,1,1,0,1,2,1,0,1,0,0000000,99,98,99,98,88,88,0,0,0,1,0
48,481867,2,2,0,0,0,2,2,299,0,14,7,2016,5,23,11,0,1,4,98,3,SR-71,,270,30.51654167,-98.354205560000,0,12,8,0,1,1,0,1,2,1,0,1,0,0000000,99,98,99,98,88,88,0,0,0,1,1
48,481868,1,1,0,1,1,1,1,489,0,15,7,2016,6,20,45,0,8,98,98,4,CR-BAY AVE,,0,26.50452500,-97.668600000000,0,9,0,0,1,1,0,1,5,1,0,1,0,0000000,99,98,99,98,88,88,0,0,0,1,0
48,481869,2,1,1,1,2,1,2,355,1550,16,7,2016,7,1,7,1,2,1,1,1,I-37,,90,27.82757778,-97.536138890000,0,14,0,0,1,1,0,2,3,1,0,1,0,0000000,99,98,99,98,88,88,0,0,0,1,0
48,481870,2,2,0,1,1,2,2,53,4310,19,7,2016,3,5,15,1,1,3,98,2,US-281,,308,30.60260556,-98.267819440000,0,8,0,0,1,1,0,1,2,1,0,1,0,0000000,99,98,99,98,88,88,0,0,0,1,0
48,481871,3,3,0,0,0,5,5,113,1730,20,7,2016,4,19,15,1,2,1,1,1,I-20 LBJ FWY,,47,32.67051944,-96.972388890000,0,12,1,0,1,1,0,1,1,1,0,1,0,0000000,99,99,99,99,99,99,0,0,0,1,2
48,481872,1,1,0,1,1,1,1,113,1730,20,7,2016,4,20,15,1,2,3,98,8,SL12 BUCKNER BLVD,,74,32.76743333,-96.682605560000,0,8,0,0,1,1,0,1,1,1,0,1,0,0000000,99,99,99,99,99,99,0,0,0,1,0
48,481873,1,1,0,1,1,1,1,355,1550,20,7,2016,4,6,10,1,2,2,98,3,SR-358 PADRE ISLAND DR,,130,27.68641389,-97.325841670000,0,9,0,0,1,1,0,1,4,1,0,1,0,0000000,99,99,99,99,99,99,0,0,0,1,0
48,481874,1,1,0,0,0,2,2,453,330,20,7,2016,4,17,10,1,2,2,98,3,SR-130,,451,30.19990556,-97.622466670000,0,1,0,0,1,1,0,3,1,1,0,1,0,0000000,17,10,17,21,17,55,0,0,0,1,0
48,481875,1,1,0,2,2,1,1,201,0,21,7,2016,5,20,40,0,8,98,98,4,CR-FALLBROOK DR,,0,29.92049167,-95.451602780000,0,8,0,0,1,1,0,1,3,10,0,10,0,0000000,20,45,20,50,21,18,0,0,0,1,0
48,481876,2,2,0,0,0,4,4,39,0,22,7,2016,6,16,44,0,1,4,98,3,SR-35,,417,29.14357778,-95.553202780000,0,12,6,0,1,1,0,1,1,1,0,1,0,0000000,17,19,17,43,18,7,0,0,0,1,0