STATE,ST_CASE,VE_TOTAL,VE_FORMS,PVH_INVL,PEDS,PERNOTMVIT,PERMVIT,PERSONS,COUNTY,CITY,DAY,MONTH,YEAR,DAY_WEEK,HOUR,MINUTE,NHS,RUR_URB,FUNC_SYS,RD_OWNER,ROUTE,TWAY_ID,TWAY_ID2,MILEPT,LATITUDE,LONGITUD,SP_JUR,HARM_EV,MAN_COLL,RELJCT1,RELJCT2,TYP_INT,WRK_ZONE,REL_ROAD,LGT_COND,WEATHER1,WEATHER2,WEATHER,SCH_BUS,RAIL,NOT_HOUR,NOT_MIN,ARR_HOUR,ARR_MIN,HOSP_HR,HOSP_MN,CF1,CF2,CF3,FATALS,DRUNK_DR
48,481877,1,1,0,0,0,1,1,157,0,22,7,2016,6,21,53,0,8,98,98,4,CR-BLASE RD,,0,29.48795000,-95.879125000000,0,59,0,0,1,1,0,4,2,1,0,1,0,0000000,99,99,99,99,99,99,0,0,0,1,0
48,481878,2,2,0,0,0,2,2,209,6170,22,7,2016,6,2,43,1,2,1,1,1,I-35,,98,29.90395833,-97.902847220000,0,12,1,0,1,1,0,1,2,1,0,1,0,0000000,2,43,2,53,3,26,0,0,0,1,0
48,481879,1,1,0,0,0,2,2,113,4530,23,7,2016,7,1,42,1,2,1,1,1,I-635,,90,32.82478333,-96.630288890000,0,43,0,1,5,1,1,8,3,1,0,1,0,0000000,1,54,2,10,2,29,0,0,0,1,1
48,481880,1,1,0,0,0,1,1,439,0,23,7,2016,7,5,18,0,2,5,98,8,FM1886 CONFEDERATE PARK RD,CR-CATTLEBARON RD,2,32.82549444,-97.543619440000,0,30,0,0,1,1,0,4,2,1,0,1,0,0000000,99,98,99,98,88,88,0,0,0,1,0
48,481881,1,1,0,0,0,2,2,29,0,24,7,2016,1,4,56,0,1,5,98,8,FM 2790,,54,29.21723889,-98.662527780000,0,53,0,0,1,1,0,4,2,1,0,1,0,0000000,4,56,5,6,5,47,20,0,0,1,0
48,481882,2,2,0,0,0,2,2,245,490,24,7,2016,1,15,32,1,2,3,98,8,SP 380/ML KING PKWY,CALDER AVE,90,30.08563056,-94.110908330000,0,12,2,0,2,2,0,1,1,10,0,10,0,0000000,99,99,99,99,99,99,0,0,0,1,0
48,481883,1,1,0,0,0,2,2,267,0,24,7,2016,1,13,34,1,1,1,1,1,I-10,,68,30.46251667,-99.728783330000,0,52,0,0,1,1,0,3,1,1,0,1,0,0000000,13,37,13,49,14,23,0,0,0,1,0
48,481884,2,2,0,0,0,2,2,439,364,24,7,2016,1,13,41,0,2,4,98,8,FM 730/BOYD RD,,37,32.32211111,-95.418550000000,0,12,6,0,8,1,0,1,1,1,0,1,0,0000000,13,44,14,4,14,29,0,0,0,1,0
48,481885,1,1,0,0,0,1,1,117,0,25,7,2016,2,16,3,1,1,3,98,2,US-60,,9,34.76741111,-102.458311110000,0,31,0,0,1,1,0,3,1,1,0,1,0,0000000,99,98,99,98,88,88,0,0,0,1,0
48,481886,2,2,0,0,0,2,2,423,0,25,7,2016,2,15,54,0,8,98,98,4,CR-SL 49/TEXAS TOLL,,0,32.32211111,-95.418550000000,0,12,6,0,1,1,0,1,1,10,0,10,0,0000000,15,55,16,1,16,34,0,0,0,1,0
48,481887,1,1,0,0,0,1,1,131,0,26,7,2016,3,10,18,0,1,5,98,3,SR-359,,193,27.51518056,-98.480538890000,0,23,0,0,1,1,0,4,1,10,0,10,0,0000000,99,98,99,98,88,88,0,0,0,1,0
48,481888,2,2,0,0,0,2,2,213,0,26,7,2016,3,1,3,1,1,3,98,2,US-175,,325,32.09421111,-95.635111110000,0,12,2,0,1,1,1,1,2,1,0,1,0,0000000,1,7,1,25,2,33,0,0,0,1,0
48,481889,1,1,0,0,0,1,1,467,0,26,7,2016,3,6,45,0,1,5,98,8,FM 16,,35,32.51248889,-95.742261110000,0,18,0,0,1,1,0,1,1,5,0,5,0,0000000,6,50,6,57,7,36,0,0,0,1,0
48,481890,2,2,0,0,0,2,2,487,0,27,7,2016,4,7,54,0,1,4,98,2,US-70,,114,34.13491111,-99.336511110000,0,12,2,0,1,1,0,1,1,1,0,1,0,0000000,99,99,99,99,99,99,0,0,0,1,0
48,481891,2,2,0,0,0,2,2,91,4870,28,7,2016,5,9,43,1,2,1,1,7,I-35,,151,29.72985278,-98.076533330000,0,12,1,0,8,1,0,1,1,10,0,10,0,0000000,99,98,99,98,88,88,0,0,0,1,0
48,481892,1,1,0,1,1,1,1,201,0,28,7,2016,5,22,35,1,2,1,1,7,I-10/EAST FWY,,406,29.77091944,-95.152350000000,0,8,0,1,19,1,0,2,2,1,0,1,0,0000000,99,98,99,98,88,88,0,0,0,1,0
48,481893,1,1,0,1,1,1,1,329,4560,28,7,2016,5,22,39,1,2,3,98,8,BI-20/FRONT ST,TYLER ST,175,32.00172778,-102.063030560000,0,8,0,0,3,3,0,1,2,1,0,1,0,0000000,22,39,22,44,22,55,0,0,0,1,0
48,481894,1,1,0,0,0,1,1,277,0,29,7,2016,6,23,5,0,1,5,98,8,FM 38,,71,33.70645000,-95.811288890000,0,30,0,0,1,1,0,4,2,1,0,1,0,0000000,99,98,99,98,88,88,0,0,0,1,0
48,481895,1,1,0,0,0,1,1,323,0,29,7,2016,6,2,57,0,1,5,98,8,FM 1021,,131,28.57941111,-100.353038890000,0,1,0,0,1,1,0,4,2,2,0,2,0,0000000,99,98,99,98,88,88,0,0,0,1,1
48,481896,2,2,0,0,0,6,6,423,0,29,7,2016,6,14,33,1,1,3,98,3,SR-155/FRANKSTON HWY,,146,32.28013056,-95.361461110000,0,12,6,0,8,1,0,1,1,1,0,1,0,0000000,14,40,14,47,15,11,0,0,0,1,0
48,481897,1,1,0,0,0,3,3,29,6090,30,7,2016,7,1,30,0,8,98,98,6,ZARZAMORA ST,,0,29.32661389,-98.532655560000,0,33,0,0,1,1,0,4,3,1,0,1,0,0000000,99,99,99,99,88,88,0,0,0,3,0
48,481898,1,1,0,1,1,2,2,29,6090,30,7,2016,7,5,51,1,2,3,98,8,SP 368/AUSTIN HWY,,127,29.49630833,-98.428250000000,0,8,0,0,1,1,0,1,2,1,0,1,0,0000000,99,99,99,99,99,99,0,0,0,1,0
48,481899,2,2,0,0,0,2,2,141,2190,30,7,2016,7,16,19,0,8,98,98,6,LOMALAND DR,BURNHAM RD,0,31.74109167,-106.332777780000,0,12,6,0,2,2,0,1,1,1,0,1,0,0000000,16,20,16,23,16,41,0,0,0,1,0
48,481900,1,1,0,0,0,2,2,181,6350,30,7,2016,7,15,12,0,8,98,98,6,FRISCO RD,,0,33.67684167,-96.586030560000,0,19,0,0,1,1,0,5,1,1,0,1,0,0000000,15,13,15,16,15,26,0,0,0,1,1
48,481901,3,3,0,0,0,5,5,439,2255,30,7,2016,7,14,54,1,2,2,98,7,SR-360,HARWOOD RD,51,32.85164167,-97.065186110000,0,12,6,1,2,2,0,1,1,1,0,1,0,0000000,14,55,14,57,15,28,0,0,0,2,0
48,481902,2,2,0,0,0,3,3,141,2190,31,7,2016,1,0,13,1,2,3,98,2,US-85 PAISANO,SPUR 1966,42,31.76264722,-106.508180560000,0,12,6,0,2,3,0,1,3,1,0,1,0,0000000,0,13,0,23,0,37,0,0,0,1,1
48,481903,3,3,0,0,0,3,3,27,3690,1,8,2016,2,9,15,1,2,3,98,3,SR-201 CLEAR CREEK RD,JANELLE DR,15,31.10161389,-97.804066670000,0,12,6,0,2,3,0,1,1,1,0,1,0,0000000,9,14,9,24,9,33,0,0,0,1,0
48,481904,1,1,0,0,0,1,1,139,7270,1,8,2016,2,13,32,0,2,4,98,8,BU-287R MAIN ST,,51,32.39366944,-96.858291670000,0,33,0,0,1,1,0,4,1,1,0,1,0,0000000,99,99,99,99,99,99,0,0,0,1,0
48,481905,2,2,0,0,0,2,2,163,0,1,8,2016,2,5,41,0,1,5,98,8,FM 117,,41,28.78765556,-99.321208330000,0,12,2,0,1,1,0,1,2,1,0,1,0,0000000,99,99,99,99,99,99,0,0,0,1,0
48,481906,1,1,0,0,0,1,1,439,9997,1,8,2016,2,23,43,1,2,3,98,8,FM 2499 INTERNATIONAL PKWY,,101,32.98402222,-97.040055560000,0,5,0,0,1,1,0,1,2,1,0,1,0,0000000,23,39,23,44,0,8,0,0,0,1,0
48,481907,2,2,0,0,0,2,2,329,4560,2,8,2016,3,7,47,1,2,3,98,8,BS 158B ANDREWS HWY,,114,32.00325278,-102.131219440000,0,12,6,0,1,1,0,1,1,1,0,1,0,0000000,99,98,99,98,88,88,0,0,0,1,0
48,481908,1,1,0,1,1,4,4,215,4650,23,7,2016,7,20,44,1,2,3,98,3,SR-107 CONWAY AVE,9TH ST,10,26.21444444,-98.325891670000,0,8,0,0,3,2,0,1,3,1,0,1,0,0000000,20,44,20,47,21,13,0,0,0,1,0
48,481909,2,2,0,0,0,3,3,29,6090,7,7,2016,5,11,0,1,2,3,98,6,LOOP 13 WW WHITE RD,LORD RD,0,29.41358889,-98.405533330000,0,12,2,0,2,2,0,1,1,1,0,1,0,0000000,99,99,99,99,99,99,0,0,0,1,0
48,481910,2,2,0,0,0,6,6,91,0,9,7,2016,7,14,14,1,1,3,98,8,FM 306,CR-PURGATORY RD,78,29.84661944,-98.118966670000,0,12,6,0,2,3,0,1,1,1,0,1,0,0000000,99,99,99,99,99,99,0,0,0,1,0
48,481911,2,2,0,0,0,3,3,99,0,9,7,2016,7,20,0,0,8,98,98,4,CR-WHISPERING OAKS DR,,0,31.17463333,-97.914666670000,0,12,2,0,1,1,0,1,1,1,0,1,0,0000000,20,11,20,17,20,49,0,0,0,1,1
48,481912,1,1,0,1,1,1,1,453,330,10,7,2016,1,23,40,0,8,98,98,6,BLUFF SPRINGS RD,CHATEAU VILLAGE WAY,0,30.17343889,-97.768794440000,0,9,0,0,3,3,0,1,2,1,0,1,0,0000000,23,40,23,46,0,3,0,0,0,1,0
48,481913,1,1,0,0,0,1,1,135,5030,21,7,2016,5,19,1,0,8,98,98,6,EASTRIDGE RD,,0,31.89738889,-102.307819440000,0,30,0,0,1,1,0,4,1,1,0,1,0,0000000,19,2,19,8,19,35,0,0,0,1,0
48,481914,1,1,0,0,0,1,1,143,0,21,7,2016,5,12,27,1,1,3,98,2,US-67,,141,32.19340833,-98.128019440000,0,52,0,0,1,1,0,4,1,1,0,1,0,0000000,99,98,99,98,88,88,0,0,0,1,0
48,481915,2,2,0,0,0,2,2,401,0,22,7,2016,6,8,45,1,1,3,98,2,US-59,,5,31.84850000,-94.473097220000,0,12,1,0,1,1,0,1,1,1,0,1,0,0000000,99,98,99,98,88,88,0,0,0,2,0
48,481916,1,1,0,0,0,1,1,425,0,23,7,2016,7,11,10,0,1,6,98,8,FM 51,,44,32.19985278,-97.900250000000,0,42,0,0,1,1,0,4,1,1,0,1,0,0000000,99,98,99,98,88,88,0,0,0,1,0
48,481917,2,2,0,0,0,3,3,91,0,25,7,2016,2,19,19,1,2,3,98,8,FM 3159,,126,29.81761111,-98.295727780000,0,12,2,0,1,1,0,1,1,10,0,10,0,0000000,19,19,19,32,20,32,0,0,0,2,0
48,481918,2,2,0,0,0,4,4,201,0,27,7,2016,4,19,40,1,2,3,98,7,SR-249 TOMBALL PKWY,,61,30.04800833,-95.613488890000,0,12,7,1,18,1,0,1,1,1,0,1,0,0000000,19,51,20,2,20,38,0,0,0,1,0
48,481919,1,1,0,0,0,1,1,265,3670,29,7,2016,6,1,8,0,2,4,98,3,SR-173 BANDERA HWY,,15,30.01851111,-99.126175000000,0,38,0,0,1,1,0,5,6,1,0,1,0,0000000,7,17,7,23,7,49,0,0,0,1,1
48,481920,1,1,0,0,0,2,2,113,1730,30,7,2016,7,13,1,0,8,98,98,6,HAMPTON RD,,0,32.71439167,-96.856936110000,0,33,0,0,1,1,0,4,1,1,0,1,0,0000000,99,99,99,99,99,99,0,0,0,1,0
48,481921,2,2,0,0,0,2,2,201,3280,1,8,2016,2,1,20,1,2,1,1,1,I-610 N LP E,,95,29.80932222,-95.317558330000,0,12,6,0,1,1,0,1,3,1,0,1,0,0000000,99,98,99,98,88,88,0,0,0,1,2
48,481922,1,1,0,0,0,1,1,201,3280,2,8,2016,3,1,25,0,8,98,98,6,BAY AREA BLVD,SEAWOLF DR,0,29.55050278,-95.126361110000,0,42,0,0,3,2,0,3,3,1,0,1,0,0000000,1,25,1,31,1,49,0,0,0,1,1
48,481923,2,2,0,0,0,2,2,39,5249,12,6,2016,1,3,4,1,2,3,98,8,FM518 BROADWAY ST,,78,29.55282222,-95.255919440000,0,12,6,0,1,1,0,1,3,10,0,10,0,0000000,3,19,3,25,3,53,0,0,0,1,1
48,481924,1,1,0,2,2,1,1,113,1730,13,6,2016,2,4,51,1,2,1,1,1,I-35E STEMMONS FWY,,220,32.82245000,-96.870547220000,0,8,0,0,1,1,0,1,3,10,0,10,0,0000000,99,98,99,98,88,88,0,0,0,2,0
48,481925,1,1,0,0,0,1,1,491,1242,26,6,2016,1,3,54,0,8,98,98,6,TX HILL COUNTRY TRL 183A TLWY,,0,30.49343333,-97.802138890000,0,35,0,0,1,1,0,4,2,1,0,1,0,0000000,99,98,99,98,88,88,0,0,0,1,1
48,481926,2,2,0,0,0,3,3,177,0,21,7,2016,5,16,28,0,1,5,98,8,FM108,,85,29.15100833,-97.151119440000,0,12,2,0,1,1,0,1,1,10,0,10,0,0000000,99,98,99,98,88,88,0,0,0,3,0
48,481927,1,1,0,0,0,3,3,361,5100,23,7,2016,7,15,20,1,2,1,1,1,I-10,,199,30.11848611,-93.789783330000,0,25,0,0,1,1,0,3,1,1,0,1,0,0000000,99,99,99,99,99,99,0,0,0,1,0
48,481928,1,1,0,1,1,3,3,201,3280,26,7,2016,3,6,0,1,2,2,98,2,US-59 SOUTHWEST FWY,,54,29.72929722,-95.435202780000,0,8,0,0,1,1,0,1,1,1,0,1,0,0000000,99,98,99,98,88,88,0,0,0,1,0
48,481929,2,2,0,0,0,2,2,303,0,26,7,2016,3,10,49,1,1,3,98,2,US-62,,244,33.66251111,-101.694325000000,0,12,1,0,1,1,0,1,1,1,0,1,0,0000000,10,43,10,43,11,20,0,0,0,1,0
48,481930,3,3,0,0,0,3,3,31,0,27,7,2016,4,18,4,1,1,3,98,2,US-281,,242,30.15033611,-98.394052780000,0,12,8,0,1,1,0,1,1,1,0,1,0,0000000,99,98,99,98,88,88,0,0,0,1,0
48,481931,1,1,0,1,1,1,1,419,0,28,7,2016,5,23,44,0,1,4,98,3,SR-7,,22,31.71556111,-94.273075000000,0,8,0,0,1,1,0,1,2,10,0,10,0,0000000,99,98,99,98,88,88,0,0,0,1,0
48,481932,2,2,0,0,0,2,2,255,0,29,7,2016,6,7,20,1,1,3,98,2,US-181,,212,28.76580000,-97.852136110000,0,12,2,0,1,1,0,1,1,1,0,1,0,0000000,99,99,99,99,99,99,0,0,0,1,0
48,481933,1,1,0,0,0,1,1,29,6090,30,7,2016,7,12,54,1,2,2,98,2,US-281 MCALLISTER FWY,,217,29.49320000,-98.483805560000,0,25,0,0,1,1,0,3,1,10,0,10,0,0000000,99,99,99,99,99,99,0,0,0,1,0
48,481934,2,2,0,0,0,7,7,201,0,31,7,2016,1,3,8,1,2,2,98,8,SL8 SAM HOUSTON TLWY,,189,29.89100000,-95.549422220000,0,12,1,0,1,1,0,1,3,10,0,10,0,0000000,3,22,3,38,4,5,0,0,0,1,1
48,481935,2,2,0,0,0,3,3,209,6170,2,8,2016,3,18,5,1,2,3,98,3,SR-21 AIRPORT HWY,,311,29.87870000,-97.901852780000,0,12,2,0,1,1,0,1,1,1,0,1,0,0000000,18,7,18,13,18,42,0,0,0,1,1
48,481936,1,1,0,0,0,4,4,89,0,17,7,2016,1,9,31,1,1,1,1,1,I-10,,250,29.71899444,-96.442333330000,0,1,0,0,1,1,0,10,1,10,0,10,0,0000000,9,55,10,28,11,5,0,0,0,1,0
48,481937,2,2,0,0,0,2,2,141,2190,19,7,2016,3,12,20,0,8,98,98,6,MONTWOOD DR,MERMAID DR,0,31.76941667,-106.311336110000,0,12,6,0,2,3,0,1,1,1,0,1,0,0000000,12,24,12,29,12,44,0,0,0,1,1
48,481938,2,1,1,2,2,1,1,355,1550,20,7,2016,4,0,56,0,8,98,98,6,GULF BEACH RD,,0,27.55044722,-97.236758330000,0,14,0,0,1,1,0,1,2,1,0,1,0,0000000,99,98,99,98,88,88,15,0,0,2,1
48,481939,2,2,0,0,0,2,2,59,0,21,7,2016,5,0,54,1,1,1,1,1,I-20,,10,32.43372778,-99.614216670000,0,12,2,0,1,1,0,1,2,1,0,1,0,0000000,0,58,1,10,2,10,0,0,0,1,1
48,481940,1,1,0,0,0,1,1,175,0,24,7,2016,1,23,11,1,1,3,98,2,US-59,,91,28.68171667,-97.310569440000,0,1,0,0,1,1,1,4,2,1,0,1,0,0000000,99,98,99,98,88,88,0,0,0,1,1
48,481941,1,1,0,0,0,3,3,143,0,25,7,2016,2,13,30,1,1,3,98,2,US-67,,38,32.05802778,-98.373866670000,0,1,0,0,1,1,0,3,1,1,0,1,0,0000000,13,45,99,99,99,99,0,0,0,1,0
48,481942,2,2,0,0,0,4,4,157,0,25,7,2016,2,18,0,1,1,3,98,3,SR-36,FM1489,31,29.60393333,-95.977897220000,0,12,6,0,2,2,0,1,1,2,0,2,0,0000000,18,8,18,23,19,8,0,0,0,1,0
48,481943,3,3,0,0,0,3,3,85,92,26,7,2016,3,19,31,0,8,98,98,6,BETHANY DR,,0,33.09038056,-96.673377780000,0,58,0,0,1,1,0,3,1,1,0,1,0,0000000,19,31,19,34,19,48,14,0,0,1,1
48,481944,1,1,0,0,0,2,2,287,0,26,7,2016,3,4,40,0,1,5,98,8,FM448,,39,30.13210278,-96.971302780000,0,1,0,0,1,1,1,4,2,1,0,1,0,0000000,4,46,5,1,99,99,0,0,0,1,0
48,481945,1,1,0,0,0,1,1,339,0,26,7,2016,3,13,16,0,1,4,98,8,FM1314 CONROE PORTER RD,,54,30.26101111,-95.401888890000,0,1,0,0,1,1,0,4,1,1,0,1,0,0000000,99,99,99,99,99,99,0,0,0,1,0
48,481946,2,2,0,0,0,2,2,463,0,27,7,2016,4,15,50,1,1,3,98,2,US-90,,29,29.24291944,-100.081500000000,0,12,2,0,1,1,0,1,1,10,0,10,0,0000000,99,98,99,98,88,88,0,0,0,1,0
48,481947,1,1,0,0,0,1,1,61,0,28,7,2016,5,11,5,0,1,5,98,8,FM1847 PAREDES LINE RD,,55,26.24320000,-97.461100000000,0,30,0,0,1,1,0,4,1,1,0,1,0,0000000,99,98,99,98,88,88,0,0,0,1,0
48,481948,3,3,0,0,0,7,7,469,0,28,7,2016,5,8,15,1,1,3,98,2,US-59,,88,28.85493611,-96.885138890000,0,12,2,0,1,1,0,1,1,10,0,10,0,0000000,99,99,99,99,99,99,0,0,0,1,0
48,481949,3,3,0,0,0,4,4,113,2800,29,7,2016,6,14,28,1,2,2,98,7,SR-161/190,SS303 WARRIOR TRL,250,32.69860833,-97.025152780000,0,12,11,1,2,2,0,1,1,1,0,1,0,0000000,14,30,14,36,15,4,0,0,0,1,0
48,481950,1,1,0,0,0,1,1,287,0,30,7,2016,7,18,28,1,1,3,98,3,SR-21,,137,30.32668889,-96.919775000000,0,38,0,0,1,1,0,5,1,1,0,1,0,0000000,99,98,99,98,88,88,0,0,0,1,0
48,481951,1,1,0,0,0,1,1,113,0,31,7,2016,1,12,0,0,8,98,98,4,CR-BECKETT RD,,0,32.64821389,-96.610080560000,0,42,0,0,1,1,0,4,1,1,0,1,0,0000000,99,99,99,99,88,88,0,0,0,1,0
48,481952,1,1,0,1,1,1,1,113,3420,31,7,2016,1,2,34,1,2,2,98,3,SR-12 LOOP WALTON WALKER BLVD,,198,32.84131944,-96.914875000000,0,8,0,1,20,1,1,1,2,1,0,1,0,0000000,99,98,99,98,88,88,0,0,0,1,0
48,481953,1,1,0,0,0,1,1,129,0,31,7,2016,1,3,50,1,1,3,98,2,US-287,,218,34.88784167,-100.749933330000,0,24,0,0,1,1,0,3,2,1,0,1,0,0000000,99,98,99,98,88,88,0,0,0,1,1
48,481954,1,1,0,1,1,1,1,201,3280,31,7,2016,1,3,54,1,2,1,1,1,I-45 NORTH FWY,,316,29.86282222,-95.403947220000,0,8,0,0,20,1,0,1,3,1,0,1,0,0000000,99,98,99,98,88,88,0,0,0,1,0
48,481955,2,2,0,0,0,3,3,363,4630,31,7,2016,1,16,29,0,2,3,98,2,US-180 HWY,FM 1821,376,32.81076944,-98.082877780000,0,12,98,0,2,2,0,1,1,1,0,1,0,0000000,99,99,99,99,99,99,0,0,0,1,0
48,481956,2,2,0,0,0,2,2,423,0,31,7,2016,1,11,52,0,1,4,98,3,SR-31,,144,32.35917222,-95.189202780000,0,12,6,0,8,1,0,1,1,1,0,1,0,0000000,99,98,99,98,88,88,0,0,0,1,0
48,481957,2,1,1,0,0,1,1,85,7620,1,8,2016,2,15,53,0,2,4,98,3,SR-78,,348,33.01060833,-96.541727780000,0,30,0,0,1,1,0,4,1,1,0,1,0,0000000,15,54,15,58,16,15,0,0,0,1,0
48,481958,1,1,0,1,1,1,1,203,4360,1,8,2016,2,23,25,1,2,4,98,3,SR-32 KARNACK HWY,,139,32.55719444,-94.319616670000,0,8,0,0,1,1,0,1,3,1,0,1,0,0000000,99,98,99,98,88,88,0,0,0,1,0
48,481959,2,2,0,0,0,2,2,315,0,1,8,2016,2,13,0,0,1,5,98,8,FM 729,,52,32.82980833,-94.616283330000,0,12,2,0,1,1,0,4,1,1,0,1,0,0000000,13,1,13,12,14,15,0,0,0,1,0
48,481960,2,1,1,1,1,1,1,381,0,1,8,2016,2,23,21,1,2,1,1,1,I-27,,28,35.03180278,-101.919055560000,0,14,0,0,1,1,0,2,2,1,0,1,0,0000000,99,98,99,98,99,98,0,0,0,1,1
48,481961,1,1,0,0,0,1,1,293,0,2,8,2016,3,14,30,0,1,4,98,2,US-84,,267,31.68575278,-96.434855560000,0,1,0,0,1,1,0,1,1,1,0,1,0,0000000,99,98,99,98,88,88,0,0,0,1,0
48,481962,2,2,0,0,0,5,5,325,0,2,8,2016,3,19,0,0,1,5,98,8,FM 471,,84,29.46681944,-98.879180560000,0,12,2,0,1,1,0,1,1,1,0,1,0,0000000,99,98,99,98,88,88,0,0,0,1,0
48,481963,1,1,0,0,0,1,1,339,0,2,8,2016,3,7,48,9,9,99,98,8,TL 99,,99999,30.13057778,-95.242702780000,0,26,0,0,1,1,0,3,2,1,0,1,0,0000000,99,98,99,98,88,88,0,0,0,1,1
48,481964,2,2,0,0,0,2,2,201,3280,3,8,2016,4,16,31,0,8,98,98,6,JEANETTA ST,,0,29.72516944,-95.525138890000,0,12,2,0,1,1,0,1,1,1,0,1,0,0000000,99,98,99,98,88,88,0,0,0,1,0
48,481965,1,1,0,0,0,4,4,209,0,3,8,2016,4,0,44,0,1,5,98,8,FM 150,,100,30.07853889,-98.004580560000,0,42,0,0,1,1,0,4,2,1,0,1,0,0000000,0,46,1,4,1,58,0,0,0,1,0
48,481966,1,1,0,0,0,1,1,361,0,3,8,2016,4,23,0,0,1,5,98,8,FM 2802,,100,30.23330278,-94.003308330000,0,11,0,0,1,1,0,1,2,1,0,1,0,0000000,99,98,99,98,88,88,0,0,0,1,0
48,481967,2,1,1,0,0,3,3,403,0,3,8,2016,4,9,2,1,1,3,98,3,SR-87,SR-21,57,31.43210556,-93.846277780000,0,1,0,0,3,2,0,5,1,1,0,1,0,0000000,9,5,9,11,10,2,0,0,0,1,0
48,481968,2,2,0,0,0,3,3,1,5170,5,8,2016,6,8,8,1,2,3,98,2,US-79 OAK ST,,33,31.74951944,-95.650494440000,0,12,2,0,1,1,0,1,1,1,0,1,0,0000000,99,99,99,99,99,99,0,0,0,1,0
48,481969,1,1,0,0,0,1,1,27,6810,5,8,2016,6,5,47,1,2,3,98,7,US-190 HK DODGEN LOOP,,38,31.08405278,-97.384808330000,0,25,0,0,1,1,0,4,3,1,0,1,0,0000000,5,48,5,56,6,43,0,0,0,1,0
48,481970,3,3,0,0,0,6,6,161,0,5,8,2016,6,0,30,1,1,1,1,1,I-45,,81,31.58638611,-96.150572220000,0,12,1,0,1,1,0,1,2,10,0,10,0,0000000,2,2,2,30,2,56,0,0,0,1,0
48,481971,2,2,0,0,0,2,2,303,0,5,8,2016,6,4,27,1,1,3,98,2,US-62,FM 1585,36,33.49044167,-102.042583330000,0,12,6,0,2,2,0,1,2,1,0,1,0,0000000,99,98,99,98,88,88,0,0,0,1,1
48,481973,1,1,0,0,0,2,2,217,0,6,8,2016,7,20,10,0,8,98,98,4,CR-2115,,0,31.90413889,-97.296716670000,0,35,0,0,1,1,0,4,1,1,0,1,0,0000000,99,99,99,99,88,88,0,0,0,1,0
48,481974,1,1,0,0,0,2,2,41,970,7,8,2016,1,0,12,1,2,3,98,8,FM 1179 VILLA MARIA RD,JONES RD,149,30.60921944,-96.407202780000,0,31,0,0,3,2,0,5,2,1,0,1,0,0000000,0,14,0,18,0,43,0,0,0,1,0
48,481975,2,2,0,0,0,2,2,201,3280,7,8,2016,1,5,40,1,2,2,98,7,SL-8 SAM HOUSTON PKWY,GENOA RED BLUFF RD,225,29.63071667,-95.170955560000,0,12,1,1,3,2,0,1,2,10,0,10,0,0000000,99,98,99,98,88,88,0,0,0,1,0
48,481976,1,1,0,1,1,1,1,407,6344,9,8,2016,3,2,39,1,1,3,98,7,US-59,,61,30.48753611,-94.994463890000,0,8,0,0,1,1,0,1,3,1,0,1,0,0000000,99,98,99,98,88,88,0,0,0,1,0
48,481977,2,2,0,0,0,2,2,367,0,15,7,2016,6,8,0,0,1,4,98,3,SR-171,,67,32.68568611,-97.756605560000,0,12,8,0,1,1,0,1,1,10,0,10,0,0000000,99,98,99,98,88,88,0,0,0,1,0
48,481978,1,1,0,1,1,1,1,141,2190,27,7,2016,4,19,14,0,8,98,98,6,PENDALE,,0,31.70701944,-106.331611110000,0,8,0,0,1,1,0,1,5,1,0,1,0,0000000,19,15,19,20,19,39,0,0,0,1,0
48,481979,3,3,0,0,0,7,7,199,0,29,7,2016,6,6,40,1,1,3,98,3,SR-105,CR-STONE WALL RD,96,30.15441944,-94.467058330000,0,12,1,0,3,3,0,1,1,1,0,1,0,0000000,99,99,99,99,99,99,0,0,0,1,0
48,481980,3,3,0,0,0,4,4,85,92,31,7,2016,1,1,29,1,2,2,98,2,US-85 / SR-75 CENTRAL EXPY,,64,33.09997778,-96.678355560000,0,12,2,1,18,1,1,1,2,1,0,1,0,0000000,1,30,1,43,1,59,0,0,0,1,0
48,481981,2,2,0,0,0,2,2,113,1730,31,7,2016,1,1,41,1,2,2,98,8,SL12 WALTON WALKER FWY,,130,32.74212222,-96.919269440000,0,12,7,0,1,1,0,1,3,1,0,1,0,0000000,99,98,99,98,88,88,0,0,0,1,1
48,481982,1,1,0,1,1,2,2,113,2590,31,7,2016,1,3,23,1,2,1,1,1,I-635 LBJ FWY,,124,32.86386944,-96.661238890000,0,8,0,0,1,1,0,1,3,1,0,1,0,0000000,99,98,99,98,88,88,0,0,0,1,0
48,481983,1,1,0,0,0,1,1,305,0,3,8,2016,4,15,20,0,1,5,98,8,FM2192,,3,33.38911111,-101.773691670000,0,1,0,0,1,1,0,1,1,1,0,1,0,0000000,99,98,99,98,88,88,0,0,0,1,0
48,481984,8,1,7,1,1,4,4,113,1730,5,8,2016,6,21,45,0,8,98,98,6,LAKE JUNE RD,HOLCOMB RD,0,32.73426667,-96.674252780000,0,8,0,0,3,2,0,1,3,1,0,1,0,0000000,99,99,99,99,99,99,14,0,0,1,0