STATE,ST_CASE,VE_TOTAL,VE_FORMS,PVH_INVL,PEDS,PERNOTMVIT,PERMVIT,PERSONS,COUNTY,CITY,DAY,MONTH,YEAR,DAY_WEEK,HOUR,MINUTE,NHS,RUR_URB,FUNC_SYS,RD_OWNER,ROUTE,TWAY_ID,TWAY_ID2,MILEPT,LATITUDE,LONGITUD,SP_JUR,HARM_EV,MAN_COLL,RELJCT1,RELJCT2,TYP_INT,WRK_ZONE,REL_ROAD,LGT_COND,WEATHER1,WEATHER2,WEATHER,SCH_BUS,RAIL,NOT_HOUR,NOT_MIN,ARR_HOUR,ARR_MIN,HOSP_HR,HOSP_MN,CF1,CF2,CF3,FATALS,DRUNK_DR
48,481985,2,2,0,0,0,4,4,5,0,6,8,2016,7,15,2,1,1,3,98,2,US-69,CR-CHIMNEY ROCK,217,31.38361667,-94.772383330000,0,12,6,0,2,3,0,1,1,1,0,1,0,0000000,99,99,99,99,99,99,0,0,0,1,0
48,481986,1,1,0,0,0,1,1,29,6090,6,8,2016,7,2,34,1,2,1,1,7,I-10,,59,29.56806944,-98.591986110000,0,33,0,0,8,1,0,4,3,1,0,1,0,0000000,99,99,99,99,99,99,0,0,0,1,1
48,481987,1,1,0,0,0,1,1,339,0,6,8,2016,7,0,3,0,8,98,98,4,CR-2432 WILLIS WAUKEGAN RD,,0,30.38379444,-95.401108330000,0,18,0,0,1,1,0,4,2,1,0,1,0,0000000,99,99,99,99,99,99,0,0,0,1,1
48,481988,1,1,0,0,0,2,2,485,7490,6,8,2016,7,1,25,0,8,98,98,6,HARDING ST,,0,33.91389722,-98.463150000000,0,33,0,0,1,1,0,4,3,1,0,1,0,0000000,99,99,99,99,99,99,0,0,0,2,1
48,481989,2,2,0,0,0,3,3,29,6090,7,8,2016,1,21,15,1,2,1,1,1,I-10,,15,29.39609167,-98.497922220000,0,12,1,0,1,1,0,1,3,1,0,1,0,0000000,99,98,99,98,88,88,0,0,0,1,1
48,481990,2,2,0,0,0,5,5,91,4870,7,8,2016,1,22,51,1,2,3,98,8,FM306,HUNTER RD,149,29.74415556,-98.097813890000,0,12,6,0,2,2,0,1,3,1,0,1,0,0000000,99,99,99,99,99,99,0,0,0,1,0
48,481991,1,1,0,1,1,1,1,113,3420,7,8,2016,1,5,58,0,8,98,98,6,SHADY GROVE RD,,0,32.80110833,-96.952000000000,0,9,0,0,1,1,0,1,3,1,0,1,0,0000000,5,59,6,5,6,20,0,0,0,1,0
48,481992,3,3,0,0,0,3,3,29,6090,8,8,2016,2,16,32,1,2,2,1,1,I-410 RAMP,,186,29.39640278,-98.479577780000,0,12,1,1,20,1,0,1,1,1,0,1,0,0000000,99,99,99,99,88,88,0,0,0,1,0
48,481993,1,1,0,1,1,1,1,29,6090,8,8,2016,2,22,34,1,2,3,98,8,FM 2696/BLANCO AVE,,166,29.54876389,-98.510469440000,0,8,0,0,1,1,0,11,3,1,0,1,0,0000000,99,99,99,99,99,99,0,0,0,1,0
48,481994,1,1,0,0,0,1,1,113,1730,8,8,2016,2,1,5,0,8,98,98,6,WESTMORELAND RD/MOCKINGBIRD,,0,32.79743056,-96.873655560000,0,25,0,0,1,1,0,3,3,1,0,1,0,0000000,99,99,99,99,88,88,0,0,0,1,1
48,481995,1,1,0,0,0,1,1,403,0,8,8,2016,2,7,25,0,1,5,98,8,FM 1/BRONSON RD,,162,31.37108056,-93.995880560000,0,1,0,0,1,1,0,4,1,1,0,1,0,0000000,99,98,99,98,88,88,0,0,0,1,0
48,481996,2,2,0,0,0,3,3,113,1730,9,8,2016,3,23,33,1,2,1,1,1,I-45/JULIUS SCHEPPS FWY,,189,32.76448333,-96.775738890000,0,12,1,0,1,1,1,1,3,1,0,1,0,0000000,99,99,99,99,99,99,3,23,0,1,1
48,481997,1,1,0,0,0,1,1,291,1770,9,8,2016,3,18,1,0,1,4,98,2,US-90,,235,30.00035556,-94.949408330000,0,58,0,0,1,1,0,5,1,1,0,1,0,0000000,99,98,99,98,88,88,0,0,0,1,1
48,481998,1,1,0,1,1,2,2,29,6090,10,8,2016,4,22,39,0,8,98,98,6,CULEBRA RD,,0,29.44930833,-98.568441670000,0,8,0,0,1,1,0,1,3,10,0,10,0,0000000,99,99,99,99,99,99,0,0,0,1,0
48,481999,1,1,0,0,0,5,5,479,3899,9,1,2016,7,10,30,1,1,3,98,2,US-83/ZAPATA HWY,,89,27.39293611,-99.476472220000,0,5,0,0,7,1,0,1,1,1,0,1,0,0000000,10,30,10,43,11,3,0,0,0,1,0
48,482000,1,1,0,1,1,2,2,479,3899,31,3,2016,5,9,33,0,8,98,98,6,SAN LORENZO DR,,0,27.58669167,-99.508038890000,0,8,0,0,1,1,0,1,1,1,0,1,0,0000000,9,33,9,39,9,55,0,0,0,1,0
48,482001,2,1,1,0,0,1,1,215,0,3,7,2016,1,0,20,0,1,6,98,8,FM 2812,,13,26.38298889,-98.126200000000,0,38,0,0,1,1,0,5,2,1,0,1,0,0000000,99,98,99,98,88,88,13,0,0,1,0
48,482002,1,1,0,0,0,2,2,479,3899,3,6,2016,6,8,11,0,8,98,98,6,SANTA MARIA AVE,,0,27.51520000,-99.510219440000,0,38,0,0,1,1,0,5,1,1,0,1,0,0000000,8,11,8,17,8,30,0,0,0,1,1
48,482003,2,2,0,0,0,3,3,39,0,15,7,2016,6,12,24,1,2,3,98,3,SR-6,CR-146/SCHROEDER LN,97,29.44716111,-95.297600000000,0,12,1,0,3,2,0,1,1,1,0,1,0,0000000,12,24,12,35,13,26,0,0,0,1,0
48,482004,1,1,0,1,1,1,1,167,0,17,7,2016,1,19,34,0,8,98,98,4,CR-10TH ST,,0,29.50688056,-94.988847220000,0,8,0,0,1,1,0,1,1,1,0,1,0,0000000,20,7,20,14,20,52,0,0,0,1,1
48,482005,3,3,0,0,0,7,7,39,0,19,7,2016,3,14,45,1,2,3,98,3,SR-36,,344,28.95033889,-95.389819440000,0,12,2,0,1,1,0,1,1,10,0,10,0,0000000,14,57,15,34,16,7,0,0,0,2,1
48,482006,2,2,0,0,0,2,2,135,0,24,7,2016,1,23,4,1,1,3,98,2,US-385,,89,31.72316944,-102.351688890000,0,12,2,0,1,1,0,1,2,1,0,1,0,0000000,99,98,99,98,88,88,0,0,0,1,1
48,482008,2,2,0,0,0,2,2,497,0,27,7,2016,4,15,22,1,1,3,98,2,US-81,,95,33.34018056,-97.677861110000,0,12,1,0,1,1,0,1,7,2,8,2,0,0000000,15,22,15,35,16,22,0,0,0,1,0
48,482009,1,1,0,0,0,1,1,27,6810,29,7,2016,6,19,21,0,2,4,98,8,FM 93,,125,31.04170833,-97.413994440000,0,59,0,0,1,1,0,4,1,1,0,1,0,0000000,19,21,19,31,20,22,0,0,0,1,1
48,482010,1,1,0,0,0,2,2,215,0,29,7,2016,6,2,36,0,8,98,98,4,CR-VICTORIA RD,,0,26.16066944,-98.031469440000,0,1,0,0,1,1,0,4,2,1,0,1,0,0000000,99,99,99,99,99,99,0,0,0,1,1
48,482011,2,2,0,0,0,4,4,113,2590,26,7,2016,3,23,25,1,2,1,1,1,I-30,,268,32.84114444,-96.593113890000,0,12,1,0,1,1,0,1,2,1,0,1,0,0000000,23,39,23,44,0,7,0,0,0,1,1
48,482012,2,2,0,0,0,2,2,201,0,31,7,2016,1,18,17,1,2,2,98,3,SR-249/MOUNT HOUSTON RD,,219,29.89796389,-95.432805560000,0,12,2,0,1,1,0,1,1,1,0,1,0,0000000,18,20,18,25,18,56,0,0,0,1,1
48,482013,2,2,0,0,0,2,2,423,0,1,8,2016,2,13,0,1,1,1,1,1,I-20,,243,32.44868889,-95.184169440000,0,12,1,0,1,1,1,1,1,1,0,1,0,0000000,13,21,13,32,13,57,0,0,0,1,0
48,482014,1,1,0,0,0,2,2,273,0,2,8,2016,3,18,0,1,1,3,98,2,US-77,,97,27.43978889,-97.855861110000,0,42,0,0,1,1,0,4,1,1,0,1,0,0000000,99,99,99,99,99,99,0,0,0,1,0
48,482015,1,1,0,0,0,1,1,473,0,2,8,2016,3,0,25,0,8,98,98,4,CR-COCHRAN RD,CR-BETKA RD,0,30.02155000,-95.989819440000,0,42,0,0,3,2,0,4,2,1,0,1,0,0000000,99,98,99,98,88,88,0,0,0,1,0
48,482016,1,1,0,0,0,1,1,61,0,3,8,2016,4,17,50,0,8,98,98,4,CR-FM 1575/OLD ALICE RD,CR-GAYNOR ST,0,26.06728056,-97.500188890000,0,1,0,0,3,3,0,4,1,1,0,1,0,0000000,99,98,99,98,88,88,0,0,0,1,1
48,482017,2,2,0,0,0,2,2,453,0,3,8,2016,4,5,31,1,1,3,98,3,SR-71,,50,30.18007778,-97.536197220000,0,12,6,0,7,1,0,1,2,1,0,1,0,0000000,5,32,5,42,5,51,0,0,0,1,0
48,482018,2,2,0,0,0,4,4,409,0,4,8,2016,5,16,52,0,1,5,98,8,FM 631,,81,27.93988333,-97.457141670000,0,12,1,0,1,1,0,1,1,1,0,1,0,0000000,99,99,99,99,99,99,0,0,0,1,0
48,482019,2,2,0,0,0,2,2,61,940,5,8,2016,6,2,37,1,2,1,1,1,I-69E,,264,26.04594444,-97.550580560000,0,12,2,0,1,1,0,1,3,10,0,10,0,0000000,11,31,11,31,11,57,0,0,0,1,0
48,482020,1,1,0,0,0,1,1,291,0,5,8,2016,6,21,8,0,8,98,98,4,CR-FM 1010/PLUM GROVE RD,,0,30.18590000,-95.095611110000,0,32,0,0,1,1,0,4,2,1,0,1,0,0000000,21,17,21,26,22,26,0,0,0,1,0
48,482021,1,1,0,0,0,1,1,389,0,5,8,2016,6,17,30,0,8,98,98,4,CR-409,,0,31.39125000,-103.602061110000,0,10,0,0,6,1,0,1,1,1,0,1,0,796228Y,99,99,99,99,99,99,0,0,0,1,0
48,482022,2,2,0,0,0,3,3,113,1730,6,8,2016,7,22,17,0,8,98,98,6,DAVIS ST/SR-180,CHALK HILL RD,0,32.74975000,-96.902325000000,0,12,1,0,3,3,0,1,3,1,0,1,0,0000000,99,99,99,99,99,99,0,0,0,1,1
48,482023,2,2,0,0,0,2,2,201,0,6,8,2016,7,3,10,1,2,3,98,2,US-90,CR-LINDSTROM RD,199,29.92291111,-95.041350000000,0,12,1,0,2,2,0,1,2,1,0,1,0,0000000,99,98,99,98,88,88,0,0,0,1,1
48,482024,1,1,0,1,1,1,1,225,0,6,8,2016,7,20,43,0,1,4,98,3,SR-7,,91,31.30568889,-95.503200000000,0,49,0,0,1,1,0,1,5,1,0,1,0,0000000,99,99,99,99,99,99,0,0,0,1,0
48,482025,1,1,0,0,0,1,1,401,0,6,8,2016,7,19,15,1,1,3,98,2,US-79,,48,32.02310000,-94.952580560000,0,1,0,0,1,1,0,4,1,1,0,1,0,0000000,99,99,99,99,99,99,0,0,0,1,1
48,482026,1,1,0,1,1,4,4,439,260,6,8,2016,7,21,20,1,2,2,98,3,SR-360,,113,32.76238333,-97.063238890000,0,8,0,0,1,1,0,1,3,1,0,1,0,0000000,99,99,99,99,99,99,0,0,0,1,0
48,482027,1,1,0,0,0,5,5,201,3280,7,8,2016,1,15,28,1,2,1,1,1,I-69/EASTEX FWY,,83,29.97907778,-95.277997220000,0,1,0,0,1,1,0,10,1,1,0,1,0,0000000,16,3,16,7,16,35,0,0,0,1,0
48,482028,1,1,0,1,1,2,2,321,0,7,8,2016,1,20,50,0,1,5,98,8,FM 457,,151,28.92855000,-95.714311110000,0,8,0,0,8,1,0,1,2,1,0,1,0,0000000,99,99,99,99,99,99,0,0,0,1,0
48,482029,2,2,0,0,0,5,5,201,0,8,8,2016,2,22,40,1,2,3,98,3,SR-99/GRAND PKWY,,1,29.77206944,-95.777350000000,0,12,6,0,1,1,0,1,3,1,0,1,0,0000000,99,99,99,99,99,99,0,0,0,1,0
48,482030,1,1,0,1,1,1,1,201,0,9,8,2016,3,10,40,0,2,3,98,8,FM 1960,CR-LAKE HOUSTON PKWY,312,30.01901944,-95.110347220000,0,9,0,0,3,2,0,1,1,1,0,1,0,0000000,10,41,10,44,11,38,0,0,0,1,0
48,482031,1,1,0,0,0,1,1,375,150,9,8,2016,3,0,40,0,8,98,98,6,LAWRENCE BLVD,,0,35.19539444,-101.898225000000,0,31,0,0,1,1,0,4,2,2,0,2,0,0000000,0,43,0,51,1,17,0,0,0,1,0
48,482032,2,2,0,0,0,4,4,409,3380,9,8,2016,3,18,16,0,2,4,98,3,SR-361,AVENUE A,61,27.87423611,-97.195161110000,0,12,6,0,2,2,0,1,1,1,0,1,0,0000000,18,19,18,27,19,19,0,0,0,1,0
48,482033,1,1,0,0,0,1,1,29,6090,10,8,2016,4,7,9,1,2,2,98,3,SR-151,,58,29.43203889,-98.635625000000,0,24,0,0,1,1,1,3,1,1,0,1,0,0000000,99,99,99,99,99,99,0,0,0,1,0
48,482034,1,1,0,0,0,2,2,231,0,10,8,2016,4,19,0,0,1,5,98,8,FM 1565,,144,32.86943056,-96.259819440000,0,53,0,0,1,1,0,4,1,1,0,1,0,0000000,99,99,99,99,99,99,0,0,0,1,0
48,482035,3,2,1,1,4,1,4,297,0,10,8,2016,4,5,0,1,1,3,98,2,US-59,,98,28.21161111,-98.232800000000,0,12,11,0,1,1,0,1,2,10,0,10,0,0000000,99,98,99,98,88,88,19,14,0,1,0
48,482036,1,1,0,1,1,2,2,113,1730,11,8,2016,5,22,13,1,2,1,1,1,I-635/LYNDON B JOHNSON FWY,,28,32.89693889,-96.713336110000,0,8,0,0,1,1,0,1,3,1,0,1,0,0000000,99,99,99,99,99,99,0,0,0,1,0
48,482037,2,2,0,0,0,3,3,407,0,11,8,2016,5,8,38,0,1,4,98,3,SR-150,,72,30.55415000,-95.263080560000,0,12,1,0,1,1,0,1,1,1,0,1,0,0000000,99,98,99,98,88,88,0,0,0,1,0
48,482038,1,1,0,1,1,1,1,423,0,11,8,2016,5,5,50,0,1,4,98,3,SR-110,,181,32.39021944,-95.365830560000,0,9,0,0,1,1,0,1,2,1,0,1,0,0000000,99,98,99,98,88,88,0,0,0,1,0
48,482039,1,1,0,0,0,1,1,439,2450,11,8,2016,5,1,6,0,8,98,98,6,ANGLE AVE,,0,32.80436944,-97.365158330000,0,17,0,0,1,1,0,4,2,1,0,1,0,0000000,99,99,99,99,88,88,0,0,0,1,1
48,482040,3,2,1,0,0,1,1,27,3690,12,8,2016,6,4,27,1,2,3,98,8,BU-190/VETERANS MEMORIAL BLVD,FM 2410/MARTIN LUTHER KING JR,58,31.09832500,-97.694202780000,0,14,0,0,3,2,0,5,3,10,0,10,0,0000000,99,98,99,98,88,88,0,0,0,1,1
48,482041,2,2,0,0,0,2,2,99,1540,12,8,2016,6,7,6,1,2,2,98,8,BU-190,,36,31.12004167,-97.891772220000,0,12,2,0,1,1,0,1,1,1,0,1,0,0000000,7,18,7,34,8,4,0,0,0,1,1
48,482042,1,1,0,0,0,1,1,113,3420,12,8,2016,6,5,58,1,2,1,1,1,I-635 LBJ FWY,VALLEY VIEW LN,30,32.91252222,-96.939716670000,0,33,0,1,3,2,0,4,3,1,0,1,0,0000000,5,59,6,6,6,27,0,0,0,1,1
48,482043,2,2,0,0,0,5,5,221,0,12,8,2016,6,15,28,0,1,5,98,8,FM 51,,44,32.40018056,-97.827275000000,0,12,2,0,1,1,0,1,1,2,0,2,0,0000000,15,31,15,39,16,2,0,0,0,1,0
48,482044,3,3,0,0,0,7,7,29,6090,13,8,2016,7,22,3,1,2,1,1,1,I-35,,286,29.31286389,-98.612675000000,0,12,1,0,1,1,0,1,2,10,0,10,0,0000000,99,99,99,99,99,99,0,0,0,1,0
48,482045,2,2,0,0,0,2,2,71,7244,13,8,2016,7,16,31,1,1,1,1,1,I-10,,126,29.83996667,-94.704500000000,0,12,98,0,1,1,0,1,1,1,0,1,0,0000000,99,98,99,98,88,88,0,0,0,1,0
48,482046,1,1,0,0,0,1,1,401,0,13,8,2016,7,5,25,1,1,3,98,2,US-79,,37,32.03773889,-94.937041670000,0,32,0,0,1,1,0,4,2,10,0,10,0,0000000,99,98,99,98,88,88,0,0,0,1,1
48,482047,1,1,0,1,1,1,1,453,330,13,8,2016,7,2,7,1,2,1,1,1,I-35,,165,30.24836944,-97.735350000000,0,8,0,1,18,1,0,1,3,1,0,1,0,0000000,2,8,2,13,2,32,0,0,0,1,0
48,482048,2,2,0,0,0,2,2,303,4140,14,8,2016,1,19,16,1,2,2,98,7,SL 289,,172,33.58708056,-101.938544440000,0,12,1,0,1,1,0,1,1,10,0,10,0,0000000,99,98,99,98,88,88,0,0,0,1,1
48,482049,2,2,0,0,0,2,2,5,0,15,8,2016,2,1,48,1,1,3,98,3,SR-103,,69,31.34451111,-94.608405560000,0,12,2,0,1,1,0,1,2,1,0,1,0,0000000,99,99,99,99,99,99,0,0,0,1,0
48,482050,1,1,0,1,1,1,1,29,6090,15,8,2016,2,5,31,1,2,2,98,3,SR-151,,28,29.43275278,-98.632630560000,0,8,0,1,20,1,0,1,3,10,0,10,0,0000000,99,98,99,98,88,88,0,0,0,1,0
48,482051,2,2,0,0,0,3,3,317,0,29,7,2016,6,16,33,1,1,3,98,3,SR-349,,64,32.44476944,-102.093272220000,0,12,1,0,1,1,0,1,1,1,0,1,0,0000000,99,98,99,98,88,88,0,0,0,1,0
48,482052,1,1,0,1,1,1,1,215,0,1,8,2016,2,3,7,1,1,3,98,2,US-281,,108,26.64768889,-98.110666670000,0,8,0,0,1,1,0,1,2,1,0,1,0,0000000,99,98,99,98,88,88,0,0,0,1,0
48,482053,2,2,0,0,0,4,4,355,0,2,8,2016,3,18,30,0,2,4,98,8,FM 665,,40,27.71064722,-97.878391670000,0,12,2,0,1,1,0,1,1,10,0,10,0,0000000,18,55,19,10,20,18,0,0,0,1,0
48,482054,2,2,0,0,0,7,7,497,1780,8,8,2016,2,17,50,0,2,4,98,8,BU-380 F,DEERPARK RD,5,33.23073333,-97.606919440000,0,12,6,0,2,2,0,1,1,1,0,1,0,0000000,17,54,17,58,18,18,0,0,0,1,0
48,482055,2,2,0,0,0,2,2,21,0,9,8,2016,3,6,55,1,1,3,98,2,US-290,FM 696,71,30.31072778,-97.305152780000,0,12,6,0,2,2,0,1,3,1,0,1,0,0000000,99,99,99,99,99,99,0,0,0,1,0
48,482056,3,3,0,0,0,6,6,5,0,10,8,2016,4,19,0,1,1,3,98,2,US-59,,20,31.42341667,-94.724522220000,0,12,2,0,1,1,0,2,1,1,0,1,0,0000000,99,99,99,99,99,99,0,0,0,2,0
48,482057,1,1,0,1,1,1,1,423,7070,11,8,2016,5,22,27,1,2,3,98,2,US-69 BROADWAY AVE,HERITAGE DR,54,32.26667778,-95.307238890000,0,8,0,0,3,2,0,1,2,10,0,10,0,0000000,99,98,99,98,88,88,0,0,0,1,0
48,482058,2,2,0,0,0,2,2,493,0,13,8,2016,7,22,5,0,1,5,98,3,SR-97,,16,29.04290278,-98.307925000000,0,11,0,0,1,1,0,1,2,10,0,10,0,0000000,99,98,99,98,88,88,0,0,0,1,0
48,482059,2,2,0,0,0,4,4,339,6884,14,8,2016,1,18,40,0,2,4,98,3,SR-242,CR-WINDVALE CIR,6,30.22149444,-95.507255560000,0,12,6,0,2,2,0,1,1,2,0,2,0,0000000,99,99,99,99,99,99,0,0,0,1,1
48,482060,1,1,0,0,0,2,2,423,0,14,8,2016,1,6,42,1,1,1,1,1,I-20,,44,32.48208056,-95.508883330000,0,52,0,0,1,1,0,4,2,10,0,10,0,0000000,99,98,99,98,88,88,0,0,0,2,0
48,482061,1,1,0,1,1,1,1,339,0,3,8,2016,4,19,50,0,8,98,98,4,CR-CALVARY RD,,0,30.46384444,-95.529466670000,0,9,0,0,1,1,0,1,5,1,0,1,0,0000000,99,99,99,99,99,99,0,0,0,1,0
48,482062,1,1,0,0,0,1,1,231,0,6,8,2016,7,11,5,0,1,4,98,3,SR-224,,168,33.23937500,-95.939219440000,0,53,0,1,5,1,0,4,1,1,0,1,0,0000000,99,99,99,99,99,99,0,0,0,1,0
48,482063,2,2,0,0,0,5,5,209,0,11,8,2016,5,15,33,1,1,3,98,2,US-290,HOLDER LN,47,30.19820000,-98.162036110000,0,12,6,0,2,3,0,1,1,1,0,1,0,0000000,15,40,16,7,16,37,0,0,0,2,0
48,482064,2,2,0,0,0,2,2,491,5990,12,8,2016,6,8,14,0,8,98,98,6,1000 UNIVERSITY BLVD,,0,30.56731111,-97.664494440000,0,12,6,0,1,1,0,1,1,10,0,10,0,0000000,8,17,8,24,8,46,0,0,0,1,0
48,482065,1,1,0,1,1,1,1,113,1730,13,8,2016,7,6,30,0,8,98,98,6,JIM MILLER RD,EVERGLADE RD,0,32.78540278,-96.700027780000,0,8,0,0,3,2,0,1,1,10,0,10,0,0000000,99,99,99,99,99,99,0,0,0,1,0
48,482066,1,1,0,0,0,1,1,121,0,15,8,2016,2,11,30,0,2,4,98,8,FM 156,,46,33.28075556,-97.226705560000,0,32,0,0,1,1,0,4,1,10,0,10,0,0000000,11,30,11,35,12,5,0,0,0,1,0
48,482067,2,2,0,0,0,3,3,491,5990,17,8,2016,4,13,2,0,8,98,98,6,GATTIS SCHOOL RD,,0,30.49597500,-97.667252780000,0,33,0,0,1,1,0,4,1,10,0,10,0,0000000,13,5,13,12,13,49,0,0,0,1,0
48,482068,4,4,0,0,0,12,12,113,2590,13,4,2016,4,23,4,1,1,1,1,1,I-635 LBJ FWY,LA PRADA DR,110,32.84678333,-96.637547220000,0,12,1,0,1,1,0,1,2,10,0,10,0,0000000,23,17,23,24,23,44,0,0,0,2,0
48,482069,1,1,0,1,1,1,1,29,6090,4,5,2016,4,19,10,0,8,98,98,6,CITY-BASE LANDING,,0,29.35018056,-98.435072220000,0,8,0,0,1,1,0,1,1,1,0,1,0,0000000,99,99,99,99,99,99,0,0,0,1,0
48,482070,1,1,0,1,1,1,1,29,6090,13,6,2016,2,0,19,0,8,98,98,6,IGRAM RD,QUIVER DR,0,29.46635000,-98.608172220000,0,9,0,0,3,3,0,1,3,10,0,10,0,0000000,99,99,99,99,99,99,0,0,0,1,0
48,482071,1,1,0,0,0,1,1,39,5249,3,7,2016,1,20,42,0,8,98,98,6,BAILEY AVE,,0,29.52994722,-95.358344440000,0,1,0,0,1,1,0,1,1,1,0,1,0,0000000,20,44,20,52,21,12,0,0,0,1,1
48,482072,1,1,0,0,0,2,2,201,3280,11,7,2016,2,0,35,1,2,1,1,1,I-10 KATY FWY,,221,29.77938056,-95.450566670000,0,25,0,1,19,1,0,10,3,1,0,1,0,0000000,0,38,0,49,1,15,0,0,0,1,1
48,482073,1,1,0,1,1,1,1,499,70,22,7,2016,6,14,24,0,1,5,98,3,SR-182 HOLLEY ST,,18,32.79303611,-95.625711110000,0,8,0,0,1,1,1,1,1,1,0,1,0,0000000,99,98,99,98,88,88,0,0,0,1,0
48,482074,1,1,0,1,1,3,3,201,3280,25,7,2016,2,2,40,0,8,98,98,6,SANDS POINT DR,,0,29.71445556,-95.539366670000,0,8,0,0,1,1,0,4,3,1,0,1,0,0000000,2,48,2,55,3,9,0,0,0,1,1
48,482075,1,1,0,1,1,4,4,461,5650,2,8,2016,3,21,6,0,1,4,98,2,US-67,,109,31.22156944,-101.941333330000,0,8,0,0,1,1,0,1,3,1,0,1,0,0000000,21,12,21,15,21,26,0,0,0,1,0
48,482076,2,2,0,1,1,2,2,355,1550,3,8,2016,4,21,40,0,8,98,98,6,FLOOUR BLUFF DR,,0,27.66156111,-97.305336110000,0,8,0,0,1,1,0,11,2,1,0,1,0,0000000,99,98,99,98,88,88,0,0,0,1,0
48,482078,1,1,0,0,0,1,1,505,0,5,8,2016,6,22,35,1,1,3,98,2,US-83,,77,27.17290278,-99.421500000000,0,32,0,0,1,1,0,4,2,1,0,1,0,0000000,99,98,99,98,88,88,0,0,0,1,1
48,482079,1,1,0,0,0,2,2,479,0,6,8,2016,7,6,30,1,1,3,2,2,US-83,,115,27.35697778,-99.456280560000,0,1,0,0,1,1,0,4,2,1,0,1,0,0000000,6,50,7,16,7,41,0,0,0,1,1
48,482080,1,1,0,1,1,1,1,141,2190,7,8,2016,1,6,37,1,2,3,98,3,SR-62 PAISANO DR,EL PASO ST,57,31.75505278,-106.488163890000,0,8,0,0,2,2,0,1,4,1,0,1,0,0000000,6,39,6,42,6,57,0,0,0,1,0
48,482081,1,1,0,0,0,8,8,131,0,7,8,2016,1,15,43,1,1,3,98,3,SR-44,,178,27.78360556,-98.330211110000,0,1,0,0,1,1,0,1,1,1,0,1,0,0000000,15,15,15,52,16,48,0,0,0,1,0
48,482082,2,2,0,0,0,2,2,251,3593,7,8,2016,1,9,20,1,2,3,98,2,US-67 KATHERINE P RAINS RD,FM2280 WALLEN RIDGE RD,8,32.38550556,-97.342547220000,0,12,2,0,2,3,1,1,1,1,0,1,0,0000000,9,28,9,49,10,27,0,0,0,1,0
48,482083,2,2,0,0,0,2,2,39,0,8,8,2016,2,14,51,0,2,5,98,8,FM523,,210,29.03637222,-95.332580560000,0,12,2,0,1,1,0,1,1,1,0,1,0,0000000,99,99,99,99,99,99,0,0,0,1,1
48,482084,3,2,1,0,1,3,4,139,0,8,8,2016,2,18,0,1,1,1,1,1,I-35E,,92,32.21436389,-96.890530560000,0,14,0,0,1,1,0,2,1,1,0,1,0,0000000,18,10,18,45,19,46,23,0,0,2,0
48,482085,2,2,0,0,0,2,2,185,0,8,8,2016,2,14,45,0,1,5,98,8,FM149,,76,30.54525556,-95.878358330000,0,12,6,0,1,1,0,1,1,1,0,1,0,0000000,99,99,99,99,99,99,0,0,0,1,0
48,482086,2,2,0,0,0,4,4,201,3280,9,8,2016,3,22,10,1,2,1,1,1,I-45 GULF FWY,,67,29.58567500,-95.183008330000,0,12,1,0,1,1,0,1,2,1,0,1,0,0000000,22,15,22,22,22,46,0,0,0,2,1
48,482087,3,3,0,0,0,4,4,453,330,9,8,2016,3,16,31,0,2,4,98,8,FM1327,,2,30.11256389,-97.801800000000,0,12,8,0,1,1,0,1,1,1,0,1,0,0000000,99,98,99,98,88,88,0,0,0,1,0
48,482088,2,2,0,0,0,2,2,375,0,10,8,2016,4,7,55,1,2,3,98,8,SL335 ST FRANCIS AVE,FM1912,180,35.26491111,-101.746772220000,0,12,6,0,2,3,0,1,1,1,0,1,0,0000000,99,98,99,98,88,88,0,0,0,1,0
48,482089,1,1,0,1,1,1,1,201,0,11,8,2016,5,21,2,0,8,98,98,4,CR-HOPPER RD,,0,29.87949722,-95.348372220000,0,8,0,0,1,1,0,1,2,1,0,1,0,0000000,99,98,99,98,88,88,0,0,0,1,0
48,482090,1,1,0,1,1,2,2,167,0,12,8,2016,6,23,0,0,1,4,98,3,SR-87,,73,29.51508056,-94.482044440000,0,8,0,0,1,1,0,1,2,10,0,10,0,0000000,99,98,99,98,88,88,0,0,0,1,0
48,482091,1,1,0,0,0,3,3,217,0,12,8,2016,6,14,18,1,1,1,1,1,I-35W,,292,32.24278056,-97.158636110000,0,1,0,0,1,1,0,4,1,1,0,1,0,0000000,14,30,14,46,15,14,0,0,0,1,0
48,482092,1,1,0,0,0,1,1,289,1280,12,8,2016,6,13,33,0,1,6,98,8,FM1119 CASS ST,,23,31.24447500,-95.964277780000,0,32,0,0,1,1,0,4,1,1,0,1,0,0000000,99,99,99,99,99,99,0,0,0,1,0