STATE,ST_CASE,VE_TOTAL,VE_FORMS,PVH_INVL,PEDS,PERNOTMVIT,PERMVIT,PERSONS,COUNTY,CITY,DAY,MONTH,YEAR,DAY_WEEK,HOUR,MINUTE,NHS,RUR_URB,FUNC_SYS,RD_OWNER,ROUTE,TWAY_ID,TWAY_ID2,MILEPT,LATITUDE,LONGITUD,SP_JUR,HARM_EV,MAN_COLL,RELJCT1,RELJCT2,TYP_INT,WRK_ZONE,REL_ROAD,LGT_COND,WEATHER1,WEATHER2,WEATHER,SCH_BUS,RAIL,NOT_HOUR,NOT_MIN,ARR_HOUR,ARR_MIN,HOSP_HR,HOSP_MN,CF1,CF2,CF3,FATALS,DRUNK_DR
48,482093,1,1,0,1,1,5,5,71,0,12,8,2016,6,22,0,1,1,1,1,1,I-10,,100,29.83523889,-94.548500000000,0,8,0,0,1,1,0,1,2,1,0,1,0,0000000,99,98,99,98,88,88,0,0,0,1,0
48,482094,2,2,0,0,0,2,2,85,2320,13,8,2016,7,6,0,1,1,3,98,2,US-380 AUDIE MURPHY PKWY,,300,33.15377778,-96.296500000000,0,12,2,0,1,1,0,1,2,10,0,10,0,0000000,99,99,99,99,99,99,0,0,0,1,1
48,482095,1,1,0,0,0,11,11,177,0,13,8,2016,7,9,8,1,1,1,1,1,I-10,,71,29.68416111,-97.265877780000,0,1,0,0,1,1,0,1,1,10,0,10,0,0000000,99,99,99,99,99,99,0,0,0,3,0
48,482096,2,2,0,0,0,3,3,201,0,13,8,2016,7,1,10,0,8,98,98,4,CR-MOUNT HOUSTON RD,,0,29.89162778,-95.266600000000,0,12,6,0,1,1,0,1,2,1,0,1,0,0000000,1,9,1,19,1,45,0,0,0,1,0
48,482097,1,1,0,1,1,2,2,215,4197,13,8,2016,7,6,15,1,2,3,98,3,SR-336 10TH ST,WISTERIA AVE,43,26.24745556,-98.222544440000,0,8,0,0,2,3,0,1,4,1,0,1,0,0000000,6,21,6,28,6,40,0,0,0,1,0
48,482098,3,3,0,1,1,4,4,231,2860,13,8,2016,7,16,20,1,2,3,98,3,SR-34,,25,33.09580278,-96.109813890000,0,8,0,0,1,1,0,1,1,1,0,1,0,0000000,99,98,99,98,88,88,0,0,0,1,1
48,482099,1,1,0,0,0,3,3,339,6884,13,8,2016,7,13,23,0,8,98,98,6,WOODLANDS PKWY,,0,30.16013056,-95.497669440000,0,35,0,0,1,1,0,3,1,1,0,1,0,0000000,99,99,99,99,99,99,0,0,0,1,0
48,482100,2,2,0,0,0,2,2,483,0,13,8,2016,7,22,20,1,1,1,1,1,I-40,,145,35.22663333,-100.016183330000,0,12,1,0,1,1,0,1,2,1,0,1,0,0000000,22,48,23,35,1,24,0,0,0,1,0
48,482101,1,1,0,0,0,1,1,485,0,13,8,2016,7,3,50,1,1,3,98,2,US-287,,40,34.03932778,-98.900097220000,0,1,0,0,1,1,0,3,2,1,0,1,0,0000000,99,98,99,98,88,88,0,0,0,1,0
48,482102,1,1,0,0,0,3,3,201,3280,14,8,2016,1,3,0,0,8,98,98,6,GESSNER DR,,0,29.73509444,-95.539191670000,0,33,0,0,1,1,0,3,3,2,0,2,0,0000000,99,98,99,98,88,88,0,0,0,1,1
48,482103,2,2,0,0,0,5,5,209,0,14,8,2016,1,15,24,1,2,1,1,7,I-35,,4,29.80641944,-98.009538890000,0,12,2,0,1,1,0,1,1,2,0,2,0,0000000,15,27,15,35,16,49,0,0,0,1,0
48,482104,1,1,0,0,0,2,2,397,5910,14,8,2016,1,10,56,1,1,1,1,7,I-30,,73,32.91354722,-96.441636110000,0,1,0,0,1,1,0,4,1,10,0,10,0,0000000,11,8,11,24,12,16,0,0,0,1,0
48,482105,2,2,0,0,0,3,3,497,0,14,8,2016,1,4,50,1,1,3,98,2,US-81,,95,33.12503056,-97.489038890000,0,12,2,0,1,1,0,1,2,1,0,1,0,0000000,99,99,99,99,99,99,0,0,0,2,2
48,482106,1,1,0,0,0,1,1,143,0,15,8,2016,2,14,29,0,1,6,98,8,FM 1188,,152,32.36898889,-98.074180560000,0,1,0,0,1,1,0,4,1,10,0,10,0,0000000,99,98,99,98,88,88,0,0,0,1,0
48,482107,2,2,0,0,0,2,2,181,0,15,8,2016,2,12,35,0,1,5,98,8,FM 121,,274,33.42323056,-96.635250000000,0,12,2,0,1,1,0,1,1,2,0,2,0,0000000,12,36,12,52,13,31,0,0,0,1,0
48,482108,1,1,0,1,1,1,1,201,3280,15,8,2016,2,10,25,0,8,98,98,6,BLALOCK RD,,0,29.78572222,-95.521250000000,0,8,0,0,1,1,0,1,1,10,0,10,0,0000000,10,30,10,37,11,4,0,0,0,1,0
48,482109,1,1,0,0,0,1,1,135,0,16,8,2016,3,2,15,0,8,98,98,4,CR-DUNN ST,CR-TRIPP AVE,0,31.82061944,-102.472050000000,0,38,0,0,3,3,0,5,2,1,0,1,0,0000000,99,98,99,98,88,88,0,0,0,1,1
48,482110,1,1,0,0,0,3,3,51,1070,17,8,2016,4,7,43,0,8,98,98,6,6TH ST,,0,30.52465000,-96.707038890000,0,5,0,0,8,1,0,1,1,10,0,10,0,0000000,99,98,99,98,88,88,0,0,0,1,0
48,482111,1,1,0,1,1,1,1,97,2550,17,8,2016,4,20,42,1,2,1,1,1,I-35,,160,33.64839444,-97.155886110000,0,8,0,0,1,1,0,1,3,1,0,1,0,0000000,99,98,99,98,88,88,0,0,0,1,0
48,482112,1,1,0,0,0,1,1,171,0,18,8,2016,5,18,10,0,1,4,98,2,US-87,,250,30.18676944,-98.874433330000,0,38,0,0,1,1,0,5,1,2,0,2,0,0000000,99,98,99,98,88,88,0,0,0,1,0
48,482113,1,1,0,0,0,4,4,219,0,18,8,2016,5,18,16,0,8,98,98,4,CR-ELLIS ST,,0,33.59915833,-102.201408330000,0,1,0,0,1,1,0,1,1,1,0,1,0,0000000,18,13,18,29,19,15,0,0,0,1,1
48,482114,1,1,0,0,0,1,1,363,0,18,8,2016,5,9,10,0,1,4,98,3,SR-16,,100,33.00358056,-98.425861110000,0,59,0,0,1,1,0,4,1,2,0,2,0,0000000,99,99,99,99,99,99,0,0,0,1,0
48,482115,2,2,0,1,1,2,2,439,2450,18,8,2016,5,6,29,1,2,1,1,1,I-30 WEST FWY,,206,32.73290000,-97.372850000000,0,12,1,1,18,1,0,1,6,1,0,1,0,0000000,99,98,99,98,88,88,23,0,0,1,0
48,482116,1,1,0,1,1,1,1,439,2450,18,8,2016,5,7,0,0,8,98,98,6,SEMINARY DR,,0,32.68484444,-97.291327780000,0,8,0,0,1,1,0,99,6,10,0,10,0,0000000,99,98,99,98,88,88,0,0,0,1,0
48,482117,2,2,0,0,0,2,2,491,2620,18,8,2016,5,15,26,1,2,1,1,7,I-35,FM 2338,122,30.65030833,-97.680150000000,0,12,6,1,2,2,0,1,1,10,0,10,0,0000000,99,99,99,99,88,88,0,0,0,1,0
48,482118,1,1,0,1,1,1,1,201,3280,19,8,2016,6,16,3,0,8,98,98,6,TELEPHONE RD,OAKCLIFF ST,0,29.71430278,-95.317844440000,0,8,0,0,3,2,0,1,1,2,0,2,0,0000000,99,99,99,99,99,99,0,0,0,1,0
48,482119,1,1,0,0,0,1,1,439,2450,19,8,2016,6,19,5,1,2,2,98,8,SS-97 INTERNATIONAL PKWY,,14,32.83885833,-97.044502780000,0,24,0,1,5,1,0,4,3,2,0,2,0,0000000,19,33,19,49,20,20,0,0,0,1,0
48,482120,1,1,0,1,1,1,1,201,0,20,8,2016,7,23,19,1,2,2,98,3,SR-249,,175,29.92097222,-95.495386110000,0,8,0,0,1,1,0,1,2,1,0,1,0,0000000,99,98,99,98,88,88,0,0,0,1,0
48,482121,1,1,0,0,0,2,2,333,0,20,8,2016,7,12,8,1,1,3,98,2,US-84,,41,31.53586944,-98.618280560000,0,42,0,0,1,1,0,4,1,2,0,2,0,0000000,12,27,12,36,13,31,0,0,0,1,0
48,482122,1,1,0,1,1,1,1,439,260,20,8,2016,7,4,56,1,2,3,98,8,FM 157 COOPER ST,STATION DR,174,32.70146667,-97.121075000000,0,8,0,0,2,3,0,1,3,2,0,2,0,0000000,99,98,99,98,88,88,0,0,0,1,0
48,482123,1,1,0,0,0,2,2,453,330,20,8,2016,7,3,57,1,2,1,1,1,I-35,,6,30.44405556,-97.667822220000,0,1,0,1,99,1,0,99,3,10,0,10,0,0000000,3,57,4,5,4,48,0,0,0,1,1
48,482124,2,2,0,0,0,2,2,201,0,21,8,2016,1,20,20,1,2,3,98,8,BU 90U BEAUMONT HWY,,299,29.84175278,-95.188772220000,0,12,2,0,1,1,0,1,2,1,0,1,0,0000000,99,99,99,99,88,88,0,0,0,1,0
48,482125,1,1,0,0,0,2,2,251,1370,21,8,2016,1,0,8,1,1,3,98,2,US-67,,137,32.32301667,-97.450463890000,0,1,0,0,1,1,0,1,2,10,0,10,0,0000000,0,13,0,20,1,4,0,0,0,1,0
48,482126,2,1,1,0,0,1,1,471,0,21,8,2016,1,9,12,1,1,1,1,1,I-45,,79,30.62366389,-95.507550000000,0,14,0,0,1,1,0,2,1,2,0,2,0,0000000,99,98,99,98,88,88,27,0,0,1,0
48,482127,2,2,0,0,0,2,2,37,0,22,8,2016,2,11,25,0,1,6,98,8,FM 2148,,7,33.47748333,-94.187147220000,0,1,0,0,8,1,0,1,1,1,0,1,0,0000000,11,27,11,39,12,4,0,0,0,1,0
48,482128,1,1,0,1,1,1,1,201,3280,22,8,2016,2,23,0,0,8,98,98,6,43RD ST,,0,29.82712500,-95.414569440000,0,9,0,0,8,1,0,1,3,10,0,10,0,0000000,23,0,23,1,23,12,0,0,0,1,0
48,482129,1,1,0,0,0,2,2,385,1120,14,7,2016,5,1,0,0,8,98,98,6,RAY MCDONALD RANCH RD,,0,29.69034444,-100.032311110000,0,38,0,0,1,1,0,5,2,1,0,1,0,0000000,99,99,99,99,99,99,0,0,0,1,1
48,482130,2,2,0,0,0,4,4,113,1730,5,8,2016,6,17,0,1,2,1,1,1,I-35 RL THORNTON FWY,,93,32.68103333,-96.822797220000,0,12,1,0,1,1,0,1,1,1,0,1,0,0000000,99,98,99,98,88,88,0,0,0,1,1
48,482131,1,1,0,1,1,1,1,113,1730,6,8,2016,7,22,20,1,2,3,98,7,SR-310 CENTRAL EXPY,LAMAR ST,101,32.73444444,-96.757555560000,0,8,0,0,1,1,0,1,2,1,0,1,0,0000000,99,98,99,98,88,88,0,0,0,1,0
48,482132,1,1,0,1,1,1,1,139,5685,7,8,2016,1,23,20,0,2,4,98,8,FM664,,132,32.53180000,-96.827500000000,0,9,0,0,1,1,0,1,2,1,0,1,0,0000000,99,99,99,99,99,99,0,0,0,1,0
48,482133,2,2,0,0,0,3,3,183,4080,12,8,2016,6,17,55,1,2,3,98,8,SL281,FM2206 PROUD PIRATE PL,71,32.49852778,-94.792069440000,0,12,1,0,3,3,0,1,1,1,0,1,0,0000000,17,56,18,0,18,22,0,0,0,1,0
48,482134,2,2,0,0,0,6,6,335,0,13,8,2016,7,15,9,1,1,1,1,1,I-20,,248,32.40061389,-100.798616670000,0,1,0,0,1,1,0,1,1,1,0,1,0,0000000,15,7,15,25,15,46,14,0,0,1,0
48,482135,1,1,0,1,1,4,4,201,3280,15,8,2016,2,7,20,0,8,98,98,6,TARNEF DR,DE MOSS DR,0,29.70712222,-95.500941670000,0,8,0,0,2,2,0,1,1,10,0,10,0,0000000,7,23,7,26,7,33,0,0,0,1,0
48,482136,3,3,0,0,0,5,5,201,3280,17,8,2016,4,20,31,0,2,4,98,8,FM2553 SCARSDAKE BLVD,PALMER TERRACE LN,59,29.60663611,-95.188450000000,0,12,1,0,2,3,0,1,2,10,0,10,0,0000000,20,32,20,39,21,14,0,0,0,1,0
48,482137,1,1,0,0,0,1,1,151,0,18,8,2016,5,10,0,0,1,4,98,3,SR-70,,45,32.93550000,-100.488530560000,0,34,0,0,1,1,0,4,1,2,0,2,0,0000000,99,98,99,98,88,88,0,0,0,1,0
48,482138,1,1,0,2,2,1,1,27,3027,19,8,2016,6,5,38,1,2,2,98,7,US-190 CENTRAL TX EXPY,,115,31.07955556,-97.647505560000,0,8,0,0,1,1,0,1,2,1,0,1,0,0000000,99,99,99,99,99,99,0,0,0,1,0
48,482139,1,1,0,1,1,1,1,441,30,20,8,2016,7,22,0,0,8,98,98,6,JUDGE ELY BLVD,NORTH 12TH,0,32.46176667,-99.706005560000,0,9,0,0,3,3,0,1,3,10,0,10,0,0000000,99,99,99,99,99,99,0,0,0,1,0
48,482140,2,2,0,0,0,2,2,439,260,21,8,2016,1,23,8,0,8,98,98,6,ABRAM ST,,0,32.73510833,-97.066802780000,0,1,0,0,8,1,0,1,3,1,0,1,0,0000000,99,98,99,98,88,88,0,0,0,1,1
48,482141,1,1,0,0,0,1,1,409,0,23,8,2016,3,14,30,0,1,3,98,3,SR-35,,106,27.92697778,-97.268225000000,0,52,0,1,19,1,0,4,1,1,0,1,0,0000000,99,98,99,98,88,88,0,0,0,1,0
48,482142,2,2,0,0,0,3,3,231,5590,11,8,2016,5,17,0,0,1,5,98,3,SR-276 QUINLAN PKWY,THOMAS SWANER DR,1,32.90345278,-96.125633330000,0,12,6,0,2,3,0,1,1,1,0,1,0,0000000,17,5,17,30,18,0,0,0,0,1,0
48,482143,1,1,0,0,0,1,1,439,260,18,8,2016,5,18,15,1,2,1,1,1,I-20 RONALD REAGAN MEM HWY,,82,32.67801944,-97.117616670000,0,1,0,0,1,1,0,10,1,10,0,10,0,0000000,99,98,99,98,88,88,0,0,0,1,1
48,482144,1,1,0,0,0,1,1,439,2450,18,8,2016,5,2,30,0,8,98,98,6,CHISHOLM TRAIL PKWY,,0,32.67393056,-97.407144440000,0,59,0,0,1,1,0,8,3,10,0,10,0,0000000,99,98,99,98,88,88,0,0,0,1,1
48,482145,1,1,0,0,0,2,2,367,0,20,8,2016,7,21,38,0,8,98,98,4,CR-POOLVILLE CUT OFF RD,,0,32.98465000,-97.824477780000,0,38,0,0,1,1,0,5,2,1,0,1,0,0000000,99,99,99,99,99,99,0,0,0,1,0
48,482146,2,2,0,0,0,2,2,367,0,22,8,2016,2,13,15,0,8,98,98,4,CR-WHITE SETTLEMENT RD,,0,32.78224444,-97.559794440000,0,12,6,0,1,1,0,1,1,2,0,2,0,0000000,99,99,99,99,99,99,0,0,0,1,0
48,482147,1,1,0,1,1,1,1,113,5730,23,8,2016,3,6,5,0,8,98,98,6,MAIN ST,,0,32.94832500,-96.726038890000,0,8,0,0,1,1,0,1,3,1,0,1,0,0000000,6,6,6,9,6,23,0,0,0,1,0
48,482148,1,1,0,0,0,1,1,201,0,5,8,2016,6,13,58,1,2,1,1,7,I-10 KATY FWY,,35,29.78490278,-95.759100000000,0,25,0,0,1,1,0,4,1,1,0,1,0,0000000,99,98,99,98,88,88,0,0,0,1,0
48,482149,2,2,0,0,0,2,2,273,0,8,8,2016,2,9,8,0,1,4,98,3,SR-285,,66,27.25802222,-97.881300000000,0,12,2,0,1,1,1,1,1,1,0,1,0,0000000,9,16,9,43,10,19,0,0,0,1,0
48,482150,2,2,0,0,0,4,4,145,0,10,8,2016,4,0,17,0,1,4,98,3,SR-7,,196,31.30803333,-96.755900000000,0,12,2,0,1,1,0,1,2,1,0,1,0,0000000,99,98,99,98,88,88,0,0,0,2,0
48,482151,1,1,0,0,0,2,2,381,0,10,8,2016,4,13,43,1,1,3,98,2,US-60,,107,34.98505000,-101.991788890000,0,1,0,0,1,1,0,3,1,1,0,1,0,0000000,99,98,99,98,88,88,0,0,0,2,0
48,482152,3,3,0,0,0,4,4,213,0,18,8,2016,5,13,15,1,1,3,98,3,SR-155,,30,32.10495000,-95.492211110000,0,12,2,0,1,1,0,1,1,10,0,10,0,0000000,13,24,13,36,14,36,14,0,0,1,0
48,482153,2,1,1,1,2,1,2,135,0,19,8,2016,6,12,14,0,1,4,98,3,SR-302,,72,31.93051944,-102.698438890000,0,8,0,0,1,1,1,5,1,1,0,1,0,0000000,99,98,99,98,88,88,3,0,0,1,0
48,482154,1,1,0,0,0,1,1,201,3280,20,8,2016,7,0,16,0,8,98,98,6,KINGWOOD DR,,0,30.04759167,-95.212086110000,0,33,0,0,1,1,0,4,3,1,0,1,0,0000000,0,17,0,23,88,88,0,0,0,1,0
48,482155,1,1,0,0,0,2,2,61,940,21,8,2016,1,4,24,1,2,3,98,3,SR-550,,63,25.98823611,-97.449669440000,0,1,0,0,1,1,0,3,2,10,0,10,0,0000000,4,35,4,40,5,17,0,0,0,1,0
48,482156,2,2,0,0,0,2,2,29,6090,26,8,2016,6,19,9,1,2,3,98,8,SS-421/CULEBRA RD,,25,29.44513611,-98.524341670000,0,12,6,0,8,1,0,1,1,1,0,1,0,0000000,99,99,99,99,88,88,0,0,0,1,0
48,482157,2,2,0,0,0,3,3,375,150,26,8,2016,6,1,27,1,2,1,1,1,I-40,,245,35.19284444,-101.696377780000,0,12,2,1,18,1,0,1,2,10,0,10,0,0000000,99,98,99,98,99,98,0,0,0,3,0
48,482158,1,1,0,2,2,1,1,215,0,10,8,2016,4,22,2,0,2,4,98,8,FM 1015/3 MILE RD,,48,26.22473889,-97.959650000000,0,53,0,0,1,1,0,4,3,1,0,1,0,0000000,22,8,22,17,22,50,0,0,0,1,0
48,482159,2,2,0,0,0,5,5,83,0,22,8,2016,2,12,44,1,1,3,98,2,US-84,,105,31.75836944,-99.349461110000,0,12,6,0,1,1,0,1,1,2,0,2,0,0000000,99,99,99,99,99,99,0,0,0,1,0
48,482160,1,1,0,1,1,1,1,375,150,27,8,2016,7,0,29,1,2,3,98,2,US-60/AMARILLO BLVD,,5,35.22200556,-101.822183330000,0,8,0,0,1,1,0,1,3,1,0,1,0,0000000,0,29,0,30,1,0,0,0,0,1,0
48,482161,1,1,0,1,1,1,1,355,5850,14,2,2016,1,19,36,0,2,4,98,8,BS 44/WESTERN,MOLINA,1,27.79866111,-97.681672220000,0,8,0,0,2,3,0,1,3,1,0,1,0,0000000,99,98,99,98,88,88,0,0,0,1,0
48,482162,1,1,0,0,0,1,1,113,1730,24,4,2016,1,15,45,0,8,98,98,6,RED BIRD LN,,0,32.67671111,-96.898061110000,0,38,0,0,1,1,0,5,1,1,0,1,0,0000000,99,99,99,99,99,99,0,0,0,1,0
48,482163,2,2,0,0,0,2,2,381,150,9,7,2016,7,20,20,0,8,98,98,6,WESTERN ST,HILLSIDE RD,0,35.14656389,-101.883833330000,0,12,6,0,2,2,0,1,1,1,0,1,0,0000000,20,21,20,25,20,43,0,0,0,1,0
48,482164,6,6,0,0,0,6,6,37,0,11,8,2016,5,17,30,1,1,1,1,1,I-30,,225,33.47210000,-94.381988890000,0,12,1,0,1,1,0,1,1,10,0,10,0,0000000,17,44,17,53,18,49,0,0,0,1,0
48,482165,1,1,0,0,0,1,1,113,3420,11,8,2016,5,6,52,0,8,98,98,6,STORY RD,,0,32.83352500,-96.976394440000,0,33,0,0,1,1,0,3,1,1,0,1,0,0000000,6,52,6,55,7,13,0,0,0,1,0
48,482166,2,2,0,0,0,2,2,157,0,12,8,2016,6,6,23,0,8,98,98,4,CR-BEECHNUT ST/CANAL RD,,0,29.68450000,-95.690594440000,0,12,2,0,1,1,0,1,2,1,0,1,0,0000000,99,99,99,99,99,99,0,0,0,1,1
48,482167,3,3,0,0,0,7,7,339,0,12,8,2016,6,19,32,0,1,5,98,8,FM 1485,,218,30.20740000,-95.272250000000,0,12,2,0,1,1,0,1,5,1,0,1,0,0000000,99,99,99,99,88,88,14,0,0,1,0
48,482168,1,1,0,0,0,2,2,215,6115,12,8,2016,6,2,40,0,8,98,98,6,83 1/2 ST,TEX-MEX RD,0,26.29106944,-98.073880560000,0,34,0,0,3,3,0,5,2,1,0,1,0,0000000,2,19,2,29,3,7,0,0,0,1,1
48,482169,1,1,0,0,0,1,1,113,1730,13,8,2016,7,10,48,1,2,3,98,3,SR-310/CENTRAL EXPY,,149,32.67234722,-96.726997220000,0,23,0,0,1,1,0,4,1,10,0,10,0,0000000,99,98,99,98,88,88,0,0,0,1,1
48,482170,1,1,0,1,1,1,1,291,0,13,8,2016,7,5,25,0,1,5,98,8,FM 1409,,216,29.89648889,-94.814400000000,0,8,0,0,1,1,0,4,2,1,0,1,0,0000000,99,98,99,98,88,88,23,0,0,1,0
48,482171,2,2,0,0,0,2,2,31,670,14,8,2016,1,18,37,1,1,3,98,2,US-281,,299,30.07645833,-98.412591670000,0,12,6,0,1,1,0,1,1,2,0,2,0,0000000,99,98,99,98,88,88,0,0,0,1,0
48,482172,1,1,0,0,0,1,1,491,7305,16,8,2016,3,22,57,0,1,5,98,8,FM 971,,44,30.67330556,-97.604502780000,0,30,0,0,1,1,0,4,2,10,0,10,0,0000000,23,24,23,43,0,19,0,0,0,1,1
48,482173,1,1,0,0,0,1,1,367,0,18,8,2016,5,22,16,1,1,1,1,1,I-20,,344,32.71208889,-97.559777780000,0,42,0,0,1,1,0,4,2,10,0,10,0,0000000,99,98,99,98,88,88,0,0,0,1,0
48,482174,2,2,0,0,0,2,2,61,0,19,8,2016,6,8,25,1,1,3,98,3,SR-100,,269,26.08613611,-97.177372220000,0,12,1,0,1,1,0,1,1,1,0,1,0,0000000,99,98,99,98,88,88,0,0,0,1,0
48,482175,1,1,0,0,0,5,5,469,0,20,8,2016,7,21,28,1,1,3,98,2,US-77,,50,28.71177778,-97.042547220000,0,35,0,0,1,1,0,3,2,10,0,10,0,0000000,99,98,99,98,88,88,0,0,0,5,0
48,482177,1,1,0,0,0,2,2,165,0,21,8,2016,1,20,30,0,1,5,98,8,FM 1067,,23,32.88149444,-102.261291670000,0,11,0,0,1,1,0,1,2,1,0,1,0,0000000,21,44,22,30,23,8,0,0,0,1,0
48,482178,1,1,0,1,1,1,1,355,1550,21,8,2016,1,0,39,0,8,98,98,6,AYERS ST,,0,27.75398611,-97.415966670000,0,8,0,0,1,1,0,1,2,10,0,10,0,0000000,99,99,99,99,88,88,0,0,0,1,0
48,482179,2,2,0,0,0,3,3,453,330,23,8,2016,3,13,7,0,8,98,98,6,ANDERSON LN,,0,30.36045833,-97.739719440000,0,12,6,0,8,1,0,1,1,1,0,1,0,0000000,13,7,13,10,13,42,0,0,0,1,0
48,482180,3,1,2,0,0,1,1,113,1730,26,8,2016,6,4,7,0,8,98,98,6,RIO VERDE WAY,,0,32.85060278,-96.665038890000,0,14,0,0,1,1,0,7,3,1,0,1,0,0000000,99,98,99,98,88,88,0,0,0,1,0
48,482181,1,1,0,1,1,1,1,29,6090,27,8,2016,7,4,20,0,8,98,98,6,CULEBRA RD,GENERAL MCMULLEN,0,29.44777500,-98.551916670000,0,8,0,0,3,2,0,1,3,1,0,1,0,0000000,99,99,99,99,99,99,0,0,0,1,0
48,482182,2,2,0,0,0,2,2,201,3280,27,8,2016,7,11,34,1,2,1,1,7,I-610 SOUTH LOOP,CRESTMONT ST,230,29.68848889,-95.331877780000,0,12,6,1,2,2,0,1,1,10,0,10,0,0000000,99,98,99,98,88,88,0,0,0,1,0
48,482183,1,1,0,0,0,1,1,97,0,28,8,2016,1,5,45,0,1,5,98,8,FM 902,,41,33.57982778,-97.054236110000,0,1,0,0,1,1,0,1,2,1,0,1,0,0000000,99,98,99,98,88,88,0,0,0,1,0
48,482184,2,2,0,0,0,2,2,113,1730,28,8,2016,1,5,6,0,8,98,98,6,FERGUSON RD,,0,32.81293333,-96.698575000000,0,46,0,0,1,1,0,3,3,1,0,1,0,0000000,99,99,99,99,99,99,21,0,0,1,1
48,482185,1,1,0,0,0,1,1,201,3280,28,8,2016,1,15,44,0,8,98,98,6,PARKER RD,,0,29.85940278,-95.376830560000,0,33,0,0,1,1,0,4,1,1,0,1,0,0000000,99,99,99,99,99,99,0,0,0,1,0
48,482186,1,1,0,0,0,1,1,29,6090,29,8,2016,2,2,34,1,2,1,1,1,I-410,,35,29.35341667,-98.629913890000,0,30,0,0,1,1,0,3,2,1,0,1,0,0000000,99,98,99,98,88,88,0,0,0,1,0
48,482187,1,1,0,0,0,1,1,439,2450,29,8,2016,2,0,55,0,8,98,98,6,BRISBEE ST,,0,32.67744444,-97.269975000000,0,24,0,0,1,1,0,4,3,1,0,1,0,0000000,99,98,99,98,88,88,20,0,0,1,0
48,482188,1,1,0,0,0,1,1,329,0,30,8,2016,3,6,5,0,1,4,98,8,FM 1788,,55,32.00311111,-102.262688890000,0,1,0,0,1,1,1,1,2,10,0,10,0,0000000,99,98,99,98,88,88,0,0,0,1,1
48,482189,2,2,0,0,0,3,3,39,5249,4,6,2016,7,4,0,1,2,2,98,3,SR-288,,22,29.56908333,-95.386500000000,0,12,2,0,1,1,0,1,3,2,0,2,0,0000000,4,4,4,14,4,42,0,0,0,1,1
48,482190,1,1,0,1,1,1,1,201,3280,11,8,2016,5,17,6,0,8,98,98,6,HAMMERLY,PECH ST,0,29.81095556,-95.496225000000,0,8,0,0,3,2,0,1,1,1,0,1,0,0000000,99,99,99,99,99,99,0,0,0,1,0
48,482191,1,1,0,0,0,1,1,479,3899,11,8,2016,5,19,52,1,2,1,1,1,I-35,,50,27.56480278,-99.503252780000,0,25,0,0,1,1,0,3,1,1,0,1,0,0000000,19,55,19,56,20,15,0,0,0,1,1
48,482192,5,5,0,0,0,11,11,471,0,15,8,2016,2,14,5,1,2,1,1,1,I-45,,88,30.63891667,-95.508838890000,0,12,1,0,1,1,0,1,1,2,0,2,0,0000000,14,24,14,30,14,58,0,0,0,2,0
48,482193,2,2,0,0,0,2,2,389,0,17,8,2016,4,12,6,0,1,5,98,8,RM652,,15,31.84013333,-103.892080560000,0,12,2,0,1,1,0,2,1,1,0,1,0,0000000,99,99,99,99,99,99,0,0,0,1,0
48,482194,1,1,0,0,0,2,2,61,940,21,8,2016,1,2,14,1,2,1,1,1,I-69E/US-77,,341,25.89610000,-97.477847220000,0,25,0,0,1,1,0,4,3,10,0,10,0,0000000,2,16,2,22,2,41,0,0,0,1,0
48,482195,1,1,0,0,0,3,3,229,0,21,8,2016,1,3,43,1,1,1,1,1,I-10,,171,31.23547222,-105.785288890000,0,1,0,0,1,1,0,3,3,1,0,1,0,0000000,3,53,4,8,5,45,0,0,0,1,0
48,482196,2,2,0,1,1,4,4,323,0,22,8,2016,2,1,55,1,1,3,1,2,US-277,,107,28.92780000,-100.617111110000,0,1,0,0,1,1,0,4,2,10,0,10,0,0000000,2,5,2,30,3,13,14,15,0,1,0
48,482197,1,1,0,0,0,1,1,97,2550,24,8,2016,4,17,4,0,2,4,98,8,FM372 GRAND AVE,,109,33.65932500,-97.142550000000,0,52,0,0,1,1,0,4,1,1,0,1,0,0000000,99,98,99,98,88,88,0,0,0,1,1
48,482198,2,2,0,0,0,2,2,85,4230,25,8,2016,5,0,0,0,8,98,98,6,SAM RAYBURN TLWY,,0,33.14110833,-96.689147220000,0,43,0,0,5,1,1,4,3,1,0,1,0,0000000,99,98,99,98,88,88,0,0,0,1,0
48,482199,2,2,0,0,0,3,3,371,0,25,8,2016,5,12,25,0,1,5,98,8,FM1776,,68,31.29350833,-103.047322220000,0,12,2,0,1,1,0,1,1,1,0,1,0,0000000,12,12,12,56,13,39,0,0,0,2,0
48,482200,2,2,0,0,0,2,2,29,0,26,8,2016,6,10,33,0,1,4,98,8,FM1518,,134,29.39341944,-98.237366670000,0,12,2,0,1,1,0,1,1,10,0,10,0,0000000,99,98,99,98,88,88,0,0,0,1,0