STATE,ST_CASE,VE_TOTAL,VE_FORMS,PVH_INVL,PEDS,PERNOTMVIT,PERMVIT,PERSONS,COUNTY,CITY,DAY,MONTH,YEAR,DAY_WEEK,HOUR,MINUTE,NHS,RUR_URB,FUNC_SYS,RD_OWNER,ROUTE,TWAY_ID,TWAY_ID2,MILEPT,LATITUDE,LONGITUD,SP_JUR,HARM_EV,MAN_COLL,RELJCT1,RELJCT2,TYP_INT,WRK_ZONE,REL_ROAD,LGT_COND,WEATHER1,WEATHER2,WEATHER,SCH_BUS,RAIL,NOT_HOUR,NOT_MIN,ARR_HOUR,ARR_MIN,HOSP_HR,HOSP_MN,CF1,CF2,CF3,FATALS,DRUNK_DR
48,482201,1,1,0,0,0,1,1,29,0,26,8,2016,6,10,22,0,1,5,98,8,FM 1863,,4,29.72961944,-98.351569440000,0,42,0,0,1,1,0,4,1,1,0,1,0,0000000,99,98,99,98,88,88,0,0,0,1,0
48,482202,1,1,0,1,1,1,1,29,6090,26,8,2016,6,21,2,1,2,3,98,8,SL 345/FREDERICKSBURG RD,,244,29.51049444,-98.566838890000,0,8,0,0,1,1,0,1,3,1,0,1,0,0000000,99,99,99,99,99,99,0,0,0,1,0
48,482203,2,2,0,0,0,4,4,135,0,26,8,2016,6,9,12,0,2,3,98,3,SR-302,FM 1936,183,31.88446944,-102.456991670000,0,12,6,0,2,2,0,1,1,10,0,10,0,0000000,9,20,9,26,9,51,0,0,0,1,0
48,482204,2,2,0,0,0,2,2,201,5230,26,8,2016,6,23,30,0,8,98,98,6,PASADENA BLVD,,0,29.68570556,-95.198811110000,0,1,0,0,1,1,0,1,2,10,0,10,0,0000000,23,41,23,57,0,18,0,0,0,1,0
48,482205,1,1,0,0,0,2,2,375,0,26,8,2016,6,20,23,0,1,5,98,8,RM 2384,,42,35.22441944,-102.063788890000,0,1,0,0,1,1,0,1,2,1,0,1,0,0000000,20,30,20,42,21,12,0,0,0,1,1
48,482206,1,1,0,0,0,1,1,423,0,26,8,2016,6,7,57,1,1,3,98,3,SR-155/FRANKSTON HWY,,211,32.20563889,-95.422880560000,0,30,0,0,1,1,0,4,1,10,0,10,0,0000000,99,98,99,98,88,88,0,0,0,1,0
48,482207,2,2,0,0,0,5,5,201,0,27,8,2016,7,7,50,1,2,1,1,1,I-45,,380,29.95430000,-95.417569440000,0,12,9,0,1,1,0,1,1,10,0,10,0,0000000,7,45,7,52,8,21,19,0,0,1,0
48,482208,2,2,0,0,0,6,6,313,0,27,8,2016,7,20,17,0,1,5,98,8,FM 39,,10,31.01300000,-96.112000000000,0,12,2,0,1,1,0,1,1,1,0,1,0,0000000,20,33,21,20,22,2,0,0,0,3,0
48,482209,1,1,0,1,1,1,1,459,0,27,8,2016,7,1,25,1,1,3,98,3,SR-300,,120,32.69821111,-94.919469440000,0,8,0,0,1,1,0,1,2,10,0,10,0,0000000,99,98,99,98,88,88,0,0,0,1,0
48,482210,2,2,0,0,0,3,3,29,6090,28,8,2016,1,15,20,0,8,98,98,6,WURZBACH PKWY,WURZBACH RAMP,0,29.55618056,-98.489058330000,0,12,6,0,20,1,0,1,1,1,0,1,0,0000000,99,99,99,99,99,99,0,0,0,1,0
48,482211,1,1,0,0,0,2,2,91,0,28,8,2016,1,13,45,0,2,5,98,8,FM 2252/OLD NACOGDOCHES RD,,23,29.63428889,-98.267780560000,0,24,0,0,1,1,0,4,1,1,0,1,0,0000000,99,98,99,98,88,88,0,0,0,2,1
48,482212,1,1,0,0,0,3,3,141,0,28,8,2016,1,20,15,0,8,98,98,4,CR-ASCENCION DR,,0,31.67942500,-106.147397220000,0,34,0,0,1,1,0,4,2,2,0,2,0,0000000,20,18,20,33,21,25,0,0,0,1,1
48,482213,2,2,0,0,0,2,2,37,6850,29,8,2016,2,6,36,1,2,3,98,2,US-67/MARTIN LUTHER KING JR,SR-93/SUMMERHILL RD,11,33.42409722,-94.060991670000,0,12,2,0,2,2,0,1,4,1,0,1,0,0000000,99,98,99,98,88,88,0,0,0,1,0
48,482214,1,1,0,1,1,3,3,21,0,30,8,2016,3,1,37,1,1,3,98,3,SR-71,,205,30.06943056,-97.223438890000,0,8,0,0,1,1,0,1,2,1,0,1,0,0000000,99,98,99,98,88,88,0,0,0,1,0
48,482215,2,2,0,0,0,3,3,91,0,30,8,2016,3,19,43,1,1,3,98,8,FM 306,,88,29.83245000,-98.116938890000,0,12,11,0,8,1,0,1,1,10,0,10,0,0000000,99,99,99,99,99,99,0,0,0,1,0
48,482216,2,2,0,0,0,2,2,181,1830,30,8,2016,3,17,5,1,2,2,98,2,US-75,,70,33.76575833,-96.585186110000,0,12,1,0,1,1,0,1,1,1,0,1,0,0000000,99,98,99,98,88,88,0,0,0,1,0
48,482217,1,1,0,1,1,1,1,25,0,31,8,2016,4,7,3,1,1,3,98,2,US-181,,0,28.55921944,-97.794400000000,0,8,0,0,1,1,0,1,2,10,0,10,0,0000000,99,98,99,98,88,88,0,0,0,1,0
48,482218,1,1,0,1,1,1,1,201,0,31,8,2016,4,5,5,1,2,1,1,1,I-45/NORTH FWY,,426,30.02140000,-95.428688890000,0,8,0,0,1,1,0,1,3,1,0,1,0,0000000,99,98,99,98,88,88,0,0,0,1,0
48,482219,1,1,0,0,0,1,1,471,0,31,8,2016,4,21,25,0,8,98,98,4,CR-MATHIS DAIRY RD,,0,30.69273889,-95.419780560000,0,38,0,0,1,1,0,5,2,1,0,1,0,0000000,99,99,99,99,99,99,0,0,0,1,0
48,482220,1,1,0,0,0,1,1,257,6830,1,9,2016,5,17,8,1,1,1,1,1,I-20,,84,32.69262778,-96.241622220000,0,32,0,0,1,1,0,3,1,2,0,2,0,0000000,17,11,17,19,18,0,0,0,0,1,0
48,482221,2,2,0,0,0,2,2,375,150,1,9,2016,5,14,38,1,2,1,1,7,I-40,WASHINGTON ST,179,35.19410833,-101.848588890000,0,12,1,1,3,2,0,1,1,10,0,10,0,0000000,99,98,99,98,88,88,0,0,0,1,0
48,482222,1,1,0,0,0,1,1,439,2450,1,9,2016,5,1,0,1,2,1,1,7,I-30 WEST FWY,SS341,163,32.73772222,-97.445369440000,0,21,0,1,19,1,0,4,3,1,0,1,0,0000000,1,4,1,11,1,44,0,0,0,1,0
48,482223,1,1,0,1,1,1,1,71,9997,2,9,2016,6,4,10,1,2,3,98,3,SR-146,,47,29.81851389,-94.900008330000,0,8,0,0,1,1,0,1,2,1,0,1,0,0000000,4,16,4,33,4,55,0,0,0,1,0
48,482224,2,2,0,0,0,2,2,89,0,2,9,2016,6,16,45,1,1,4,98,3,SR-71,,62,29.77049167,-96.629788890000,0,12,1,0,1,1,0,1,1,10,0,10,0,0000000,99,98,99,98,88,88,0,0,0,1,0
48,482225,2,2,0,2,2,1,1,201,3280,2,9,2016,6,5,50,0,8,98,98,6,WESTPARK TLWY,,0,29.71840833,-95.557083330000,0,25,0,0,1,1,0,4,2,10,0,10,0,0000000,5,50,6,1,6,24,0,0,0,1,0
48,482226,1,1,0,0,0,2,2,439,2450,2,9,2016,6,2,42,0,8,98,98,6,TRINITY BLVD,,0,32.81670000,-97.095800000000,0,30,0,0,1,1,0,3,3,1,0,1,0,0000000,2,47,3,3,4,2,0,0,0,1,1
48,482227,1,1,0,1,1,1,1,439,6060,2,9,2016,6,22,34,0,2,4,98,8,FM156 BLUE MOUND RD,,289,32.86668889,-97.342377780000,0,8,0,0,1,1,0,1,2,10,0,10,0,0000000,22,31,22,38,23,18,0,0,0,1,0
48,482228,1,1,0,0,0,2,2,113,3420,3,9,2016,7,5,3,1,2,2,98,7,SR-114/183 JOHN CARPENTER FWY,,91,32.83374444,-96.895066670000,0,43,0,0,1,1,1,10,3,1,0,1,0,0000000,99,98,99,98,88,88,0,0,0,1,1
48,482229,2,2,0,0,0,3,3,201,480,3,9,2016,7,2,23,1,2,2,98,8,SS330 DECKER DR,GARTH,54,29.74044722,-94.981197220000,0,12,6,0,2,3,0,1,3,1,0,1,0,0000000,2,27,2,31,2,58,0,0,0,1,1
48,482230,1,1,0,1,1,1,1,201,3280,3,9,2016,7,4,47,0,8,98,98,6,HOLMES RD,,0,29.67112222,-95.394616670000,0,8,0,0,1,1,0,1,2,1,0,1,0,0000000,99,98,99,98,88,88,0,0,0,1,0
48,482231,1,1,0,0,0,1,1,241,0,3,9,2016,7,20,56,1,1,3,98,2,US-96,,54,30.58372778,-93.919727780000,0,72,0,0,1,1,0,4,2,1,0,1,0,0000000,99,99,99,99,99,99,0,0,0,1,0
48,482232,1,1,0,0,0,1,1,423,0,3,9,2016,7,16,42,0,1,5,98,8,FM344,,69,32.14731111,-95.377888890000,0,5,0,0,1,1,0,4,1,1,0,1,0,0000000,16,43,17,3,17,36,0,0,0,1,0
48,482233,2,2,0,0,0,2,2,465,1820,3,9,2016,7,16,13,1,1,3,98,2,US-90 VETERANS BLVD,AGARITA DR,707,29.41189167,-100.904652780000,0,12,6,0,2,3,0,1,1,1,0,1,0,0000000,99,99,99,99,99,99,0,0,0,1,0
48,482234,1,1,0,0,0,3,3,61,0,4,9,2016,1,9,43,0,1,5,98,8,FM1420,,25,26.27351111,-97.587730560000,0,1,0,0,1,1,0,4,1,10,0,10,0,0000000,99,99,99,99,99,99,0,0,0,1,0
48,482235,1,1,0,0,0,1,1,113,2310,4,9,2016,1,9,5,1,2,1,1,1,I-35,,296,32.92979722,-96.901591670000,0,31,0,0,1,1,1,4,1,1,0,1,0,0000000,99,98,99,98,88,88,0,0,0,1,0
48,482236,1,1,0,0,0,1,1,233,0,4,9,2016,1,1,0,0,1,5,98,8,RM1319,,163,35.68709444,-101.495150000000,0,1,0,0,1,1,0,4,2,1,0,1,0,0000000,99,98,99,98,88,88,0,0,0,1,0
48,482237,2,2,0,0,0,2,2,381,150,4,9,2016,1,0,25,0,8,98,98,6,GEORGIA ST,45TH AVE,0,35.16384722,-101.866386110000,0,12,6,0,2,2,0,1,3,1,0,1,0,0000000,0,26,0,32,0,57,0,0,0,1,1
48,482238,1,1,0,0,0,2,2,503,0,4,9,2016,1,22,15,0,1,4,98,3,SR-251,,73,33.25410556,-98.741061110000,0,1,0,0,8,1,0,4,2,1,0,1,0,0000000,22,30,23,8,3,50,0,0,0,1,0
48,482239,1,1,0,0,0,1,1,287,3970,5,9,2016,2,2,39,0,8,98,98,6,AVE G,,0,30.40620000,-97.008863890000,0,1,0,0,1,1,0,1,2,5,0,5,0,0000000,2,37,3,0,3,55,0,0,0,1,0
48,482240,2,1,1,0,0,1,1,439,2450,5,9,2016,2,2,11,1,2,1,1,7,I-35 SOUTH FWY,,16,32.67081667,-97.321416670000,0,14,0,1,19,1,0,2,2,1,0,1,0,0000000,99,98,99,98,88,88,0,0,0,1,1
48,482241,1,1,0,1,1,1,1,439,2450,5,9,2016,2,20,46,1,2,3,98,3,SR-180 LANCASTER AVE,RIVERSIDE DR,146,32.74623056,-97.306669440000,0,8,0,1,18,1,1,1,2,1,0,1,0,0000000,99,98,99,98,88,88,0,0,0,1,1
48,482242,1,1,0,0,0,7,7,29,6090,6,9,2016,3,1,22,1,2,1,1,1,I-410 LOOP,,407,29.33276389,-98.410688890000,0,57,0,1,19,1,0,3,2,1,0,1,0,0000000,99,99,99,99,99,99,0,0,0,3,0
48,482243,1,1,0,1,1,1,1,303,4140,6,9,2016,3,21,32,0,8,98,98,6,ERSKINE ST,,0,33.60685833,-101.931486110000,0,8,0,0,1,1,0,1,2,10,0,10,0,0000000,21,34,21,39,21,48,0,0,0,1,1
48,482244,2,2,0,2,2,1,1,201,0,7,9,2016,4,6,10,0,8,98,98,4,CR-KELLY LN,,0,29.95580833,-95.475883330000,0,12,6,0,8,1,0,1,2,1,0,1,0,0000000,6,12,6,27,7,10,23,0,0,1,0
48,482245,1,1,0,1,1,1,1,355,5850,19,3,2016,7,6,26,1,2,1,1,7,I-69 E / US-77,,6,27.79563889,-97.651563890000,0,8,0,1,18,1,0,1,2,1,0,1,0,0000000,6,27,6,32,6,59,23,0,0,1,0
48,482246,1,1,0,1,1,1,1,113,387,18,8,2016,5,13,3,1,2,1,1,1,I-635,,27,32.73398889,-96.611577780000,0,8,0,1,20,1,0,1,1,10,0,10,0,0000000,13,7,13,11,14,7,0,0,0,1,0
48,482247,2,2,0,0,0,4,4,181,0,26,8,2016,6,14,20,0,1,4,98,8,FM 406,,17,33.79923333,-96.649313890000,0,12,2,0,1,1,0,1,1,10,0,10,0,0000000,99,99,99,99,99,99,0,0,0,1,0
48,482248,3,3,0,0,0,8,8,157,6660,30,8,2016,3,18,46,1,2,3,98,8,FM 1876 ELDRIDGE RD,BOURNEWOOD DR,31,29.64001667,-95.618883330000,0,12,6,0,2,3,0,1,1,1,0,1,0,0000000,18,50,19,2,19,44,0,0,0,1,1
48,482249,5,5,0,0,0,7,7,121,1190,1,9,2016,5,8,23,0,8,98,98,6,SAM RAYBURN TOLLWAY,,0,33.01821667,-96.937497220000,0,12,1,0,1,1,0,1,1,10,0,10,0,0000000,8,24,8,32,8,54,0,0,0,1,0
48,482250,2,2,0,0,0,3,3,453,330,1,9,2016,5,11,14,0,8,98,98,6,8300 BURNET RD,,0,30.36358333,-97.728872220000,0,12,6,0,8,1,0,1,1,1,0,1,0,0000000,11,13,11,22,11,39,0,0,0,1,0
48,482251,2,2,0,0,0,4,4,1,0,2,9,2016,6,20,30,0,1,4,98,2,US-287,,135,31.87165000,-95.861691670000,0,12,2,0,1,1,0,1,2,1,0,1,0,0000000,21,27,21,56,22,56,0,0,0,1,0
48,482252,1,1,0,0,0,4,4,399,0,3,9,2016,7,22,33,0,8,98,98,4,CR-332,,0,31.83591667,-99.991313890000,0,38,0,0,1,1,0,5,2,1,0,1,0,0000000,22,38,22,59,23,40,0,0,0,2,1
48,482253,3,3,0,1,1,3,3,113,1730,5,9,2016,2,4,12,1,2,2,98,2,US-67 MARVIN D. LOVE FWY,,41,32.66194167,-96.869944440000,0,12,1,0,1,1,0,1,3,1,0,1,0,0000000,99,99,99,99,99,99,19,0,0,1,0
48,482254,2,2,0,0,0,4,4,113,1730,5,9,2016,2,16,43,1,2,3,98,8,SL-12 LEDBETTER DR,HAMPTON RD,70,32.69129167,-96.857105560000,0,12,6,0,2,2,0,1,1,1,0,1,0,0000000,99,99,99,99,99,99,0,0,0,2,0
48,482255,1,1,0,0,0,1,1,355,0,9,9,2016,6,2,4,0,8,98,98,6,NAVIGATION BLVD,,0,27.82573333,-97.448205560000,0,18,0,0,1,1,0,4,2,1,0,1,0,0000000,99,98,99,98,88,88,0,0,0,1,0
48,482256,2,2,0,0,0,2,2,479,3899,23,6,2016,5,18,30,1,2,1,1,1,I-35,,82,27.61232778,-99.492863890000,0,12,6,1,18,1,0,1,1,1,0,1,0,0000000,99,98,99,98,88,88,0,0,0,1,0
48,482257,1,1,0,0,0,1,1,201,0,2,7,2016,7,2,15,0,8,98,98,4,CR-IDLELOCH DR,,0,30.07264722,-95.097272220000,0,33,0,0,1,1,0,3,2,1,0,1,0,0000000,2,23,2,39,3,10,0,0,0,1,1
48,482258,3,3,0,0,0,5,5,221,2780,5,8,2016,6,16,33,0,1,6,98,8,SL 567 DEPUTY LANCE MCLEAN ME,,5,32.44654167,-97.825050000000,0,12,6,0,1,1,0,1,1,1,0,1,0,0000000,16,51,17,1,17,27,14,0,0,2,0
48,482259,1,1,0,0,0,2,2,73,0,6,8,2016,7,4,30,0,1,5,98,8,FM 2138,,54,31.87195278,-95.288538890000,0,11,0,0,1,1,0,1,2,1,0,1,0,0000000,4,26,4,46,5,10,0,0,0,1,0
48,482260,2,2,0,0,0,3,3,215,0,7,8,2016,1,2,40,0,8,98,98,4,CR-MILE 16 N RD,MILE 4 W RD,0,26.28639722,-97.976944440000,0,12,6,0,2,2,0,1,2,10,0,10,0,0000000,99,99,99,99,99,99,0,0,0,1,2
48,482262,1,1,0,1,1,1,1,357,5300,29,8,2016,2,21,51,0,2,3,98,2,US-83 MAIN ST,19TH AVE,82,36.38138611,-100.802591670000,1,8,0,0,2,3,0,1,3,2,0,2,0,0000000,21,51,21,53,22,12,0,0,0,1,0
48,482263,2,2,0,0,0,2,2,423,0,29,8,2016,2,9,1,0,1,4,98,3,SR-31,,132,32.35085278,-95.234586110000,0,12,2,0,1,1,0,1,1,1,0,1,0,0000000,9,11,9,17,9,39,0,0,0,1,0
48,482264,1,1,0,1,1,3,3,201,3280,30,8,2016,3,6,20,1,2,1,1,1,I-610 NORTH LOOP,,57,29.81430000,-95.378927780000,0,8,0,1,20,1,0,1,3,10,0,10,0,0000000,99,98,99,98,88,88,0,0,0,1,0
48,482265,3,3,0,2,2,1,1,453,0,30,8,2016,3,19,0,0,8,98,98,4,CR-MCNEIL DR,MCNEIL RD,0,30.44903889,-97.726036110000,0,12,1,0,3,3,0,4,1,1,0,1,0,0000000,99,99,99,99,99,99,19,0,0,1,0
48,482266,2,2,0,1,1,2,2,113,1730,1,9,2016,5,23,25,1,2,1,1,1,I-20 LBJ FWY,,93,32.66195556,-96.896066670000,0,8,0,1,18,1,0,1,3,1,0,1,0,0000000,99,98,99,98,88,88,0,0,0,1,0
48,482267,2,2,0,0,0,2,2,91,0,2,9,2016,6,16,39,1,1,3,98,2,US--281,,301,29.72642500,-98.441169440000,0,12,6,0,8,1,0,1,1,1,0,1,0,0000000,99,99,99,99,99,99,0,0,0,1,0
48,482268,3,3,0,0,0,3,3,121,1645,2,9,2016,6,4,44,1,2,3,98,2,US-380,FM 424,236,33.22619444,-96.989219440000,0,12,6,0,2,2,0,1,3,1,0,1,0,0000000,4,45,4,52,5,20,14,0,0,1,0
48,482269,1,1,0,0,0,4,4,305,0,2,9,2016,6,5,48,0,1,5,98,8,FM 213,,304,33.01995000,-101.681969440000,0,1,0,0,1,1,0,4,2,10,0,10,0,0000000,5,50,6,18,7,2,0,0,0,1,1
48,482271,3,3,0,0,0,4,4,29,6090,3,9,2016,7,4,26,1,2,1,1,1,I-35,,274,29.44466944,-98.433380560000,0,12,2,0,1,1,0,1,2,1,0,1,0,0000000,99,98,99,98,88,88,0,0,0,2,1
48,482272,4,4,0,0,0,11,11,53,0,3,9,2016,7,9,23,1,1,3,98,2,US-281,,143,30.83520278,-98.237644440000,0,12,1,0,1,1,0,1,1,1,0,1,0,0000000,9,34,9,51,10,29,0,0,0,2,1
48,482273,2,2,0,2,2,3,3,21,0,4,9,2016,1,20,56,1,1,3,98,3,SR-71,FM1209,79,30.12221111,-97.432875000000,0,8,0,1,18,1,0,1,3,1,0,1,0,0000000,99,98,99,98,88,88,0,0,0,2,0
48,482274,1,1,0,0,0,5,5,115,0,4,9,2016,1,11,50,1,1,3,98,3,SR-137,,42,32.90549722,-102.103708330000,0,1,0,0,1,1,0,4,1,1,0,1,0,0000000,12,10,12,23,12,53,0,0,0,1,0
48,482275,5,5,0,0,0,6,6,201,3280,4,9,2016,1,5,28,1,2,3,98,3,SR-6,WESTHEIMER RD,140,29.73538333,-95.644075000000,0,12,1,0,3,2,0,1,3,1,0,1,0,0000000,5,29,5,39,6,11,0,0,0,1,0
48,482276,2,2,0,0,0,3,3,113,1870,6,9,2016,3,15,12,0,8,98,98,6,PARKERVILLE RD,,0,32.57521667,-96.857475000000,0,12,6,0,8,1,0,1,1,1,0,1,0,0000000,15,13,15,16,15,35,0,0,0,1,0
48,482277,1,1,0,0,0,1,1,373,0,6,9,2016,3,15,30,0,8,98,98,4,CR-WILSON LAKE ESTATES RD,,0,30.64856111,-94.733044440000,0,1,0,0,1,1,0,4,1,1,0,1,0,0000000,99,98,99,98,88,88,0,0,0,1,0
48,482278,1,1,0,0,0,5,5,55,0,7,9,2016,4,20,30,1,1,3,98,3,SR-21 CAMINO REAL,,127,29.99411667,-97.749444440000,0,1,0,0,1,1,0,1,2,1,0,1,0,0000000,21,33,21,43,22,27,0,0,0,1,1
48,482279,3,3,0,0,0,3,3,133,0,7,9,2016,4,8,4,0,1,4,98,8,FM570,,16,32.39746667,-98.763211110000,0,12,2,0,1,1,0,1,1,1,0,1,0,0000000,8,5,8,12,8,46,14,0,0,1,0
48,482280,1,1,0,1,1,1,1,201,3280,7,9,2016,4,10,45,1,2,1,1,7,I-69/US-59 SOUTHWEST FWY,BELLERIVE DR,127,29.71060000,-95.506655560000,0,8,0,1,3,3,0,1,1,10,0,10,0,0000000,10,47,10,52,11,11,0,0,0,1,0
48,482281,1,1,0,1,1,1,1,41,1440,8,9,2016,5,10,55,0,8,98,98,6,AYRSHIRE,,0,30.60683333,-96.334719440000,0,9,0,0,1,1,0,1,1,1,0,1,0,0000000,99,98,99,98,88,88,0,0,0,1,0
48,482282,1,1,0,1,1,2,2,201,3280,8,9,2016,5,20,45,1,2,3,98,3,SR-6,,112,29.77545556,-95.644047220000,0,8,0,0,1,1,0,1,3,1,0,1,0,0000000,20,45,20,50,21,30,0,0,0,1,0
48,482283,1,1,0,0,0,1,1,257,0,8,9,2016,5,12,29,1,1,1,1,1,I-20,,104,32.68401389,-96.207122220000,0,1,0,0,1,1,0,3,1,1,0,1,0,0000000,99,99,99,99,99,99,0,0,0,1,0
48,482284,2,2,0,0,0,4,4,27,3690,9,9,2016,6,22,11,1,2,3,98,3,SR-195 FORT HOOD ST,ELMS RD,31,31.08630000,-97.755677780000,0,12,6,0,2,3,0,1,3,10,0,10,0,0000000,22,15,22,19,22,49,20,0,0,1,0
48,482285,2,2,0,0,0,2,2,113,1730,9,9,2016,6,10,5,0,8,98,98,6,LEMMON AVE,,0,32.85647778,-96.848033330000,0,12,6,0,7,1,0,1,1,1,0,1,0,0000000,99,99,99,99,99,99,0,0,0,1,0
48,482286,1,1,0,0,0,1,1,183,0,10,9,2016,7,1,59,0,8,98,98,4,CR-RIVER RD,,0,32.46961389,-94.866152780000,0,1,0,0,1,1,0,4,2,1,0,1,0,0000000,99,98,99,98,88,88,0,0,0,1,1
48,482287,2,2,0,0,0,6,6,201,6970,10,9,2016,7,12,23,1,2,3,98,7,SR-249 TOMBALL EXPY,ALICE RD,17,30.07716111,-95.631197220000,0,12,6,1,2,2,0,1,1,10,0,10,0,0000000,12,25,12,43,13,12,0,0,0,1,0
48,482288,2,2,0,0,0,7,7,441,0,10,9,2016,7,8,59,0,1,4,98,2,US-277,,125,32.30270000,-99.909691670000,0,12,8,0,1,1,0,1,1,2,0,2,0,0000000,9,3,9,11,10,14,0,0,0,1,0
48,482289,2,2,0,0,0,2,2,491,330,10,9,2016,7,15,58,1,2,3,98,8,RM620,BOULDER LN,161,30.44350000,-97.833100000000,0,12,6,0,2,3,0,1,1,1,0,1,0,0000000,16,1,16,7,16,25,0,0,0,1,0
48,482290,2,2,0,0,0,3,3,201,3280,11,9,2016,1,20,50,1,1,3,98,2,US-290 NORTHWEST FWY,,130,29.98495000,-95.732075000000,0,43,0,0,5,1,1,4,2,1,0,1,0,0000000,99,98,99,98,88,88,0,0,0,1,0
48,482291,1,1,0,0,0,1,1,471,0,11,9,2016,1,4,25,0,1,5,98,8,FM980,,93,30.86601944,-95.475308330000,0,1,0,0,1,1,0,1,2,10,0,10,0,0000000,99,98,99,98,88,88,0,0,0,1,1
48,482292,1,1,0,0,0,1,1,113,1730,12,9,2016,2,3,30,0,8,98,98,6,LEMMON AVE,,0,32.85962222,-96.853269440000,0,25,0,0,1,1,0,3,3,1,0,1,0,0000000,99,99,99,99,99,99,0,0,0,1,0
48,482294,1,1,0,1,1,1,1,201,3280,12,9,2016,2,20,48,0,8,98,98,6,MYKAWA RD,,0,29.61227500,-95.302069440000,0,9,0,0,1,1,0,1,3,1,0,1,0,0000000,99,98,99,98,88,88,0,0,0,1,0
48,482295,1,1,0,0,0,2,2,29,6090,14,9,2016,4,1,51,1,2,2,98,7,US-90,,21,29.40228333,-98.627063890000,0,31,0,0,1,1,0,10,3,10,0,10,0,0000000,99,98,99,98,88,88,0,0,0,1,1
48,482296,1,1,0,0,0,8,8,27,0,24,8,2016,4,6,40,0,1,5,98,8,FM2843,,173,30.92627222,-97.564391670000,0,1,0,0,1,1,0,4,2,1,0,1,0,0000000,6,43,6,50,7,44,0,0,0,1,0
48,482297,1,1,0,0,0,1,1,181,7130,2,9,2016,6,21,20,1,1,3,98,2,US-75,,282,33.44755000,-96.603319440000,0,1,0,0,1,1,0,10,2,1,0,1,0,0000000,99,99,99,99,99,99,0,0,0,1,1
48,482298,1,1,0,0,0,1,1,415,0,3,9,2016,7,0,0,0,8,98,98,4,CR-4114,,0,32.64520556,-100.745094440000,0,1,0,0,1,1,0,4,2,1,0,1,0,0000000,99,98,99,98,88,88,0,0,0,1,0
48,482299,1,1,0,0,0,1,1,467,0,3,9,2016,7,11,0,1,1,1,1,1,I-20,,15,32.64384167,-96.051302780000,0,1,0,0,1,1,0,4,1,1,0,1,0,0000000,99,98,99,98,88,88,0,0,0,1,0
48,482300,2,2,0,0,0,4,4,491,0,4,9,2016,1,22,50,0,2,4,98,8,RM2243,CR-ESCALERA PKWY,148,30.59551944,-97.780302780000,0,12,6,0,2,3,0,1,3,1,0,1,0,0000000,99,98,99,98,88,88,0,0,0,2,0
48,482301,2,2,0,0,0,4,4,451,0,6,9,2016,3,17,56,0,2,4,98,8,FM 2105,,40,31.52638889,-100.420069440000,0,12,6,0,1,1,0,1,1,1,0,1,0,0000000,17,56,18,2,18,17,0,0,0,1,0
48,482302,1,1,0,0,0,1,1,29,6090,9,9,2016,6,20,50,0,8,98,98,6,LOCK HILL RD,,0,29.54175556,-98.593194440000,0,11,0,0,1,1,0,1,2,1,0,1,0,0000000,99,99,99,99,88,88,0,0,0,1,1
48,482303,2,2,0,0,0,4,4,205,0,10,9,2016,7,11,50,0,1,4,98,2,US-385,,217,35.79053056,-102.342311110000,0,12,6,0,8,1,0,1,1,1,0,1,0,0000000,99,99,99,99,88,88,0,0,0,1,0
48,482305,2,2,0,0,0,2,2,21,0,12,9,2016,2,12,23,0,1,4,98,3,SR-95,PERSHING BLVD,98,30.20165000,-97.313438890000,0,12,2,0,3,3,0,1,1,1,0,1,0,0000000,99,99,99,99,99,99,0,0,0,1,0
48,482306,3,3,0,0,0,4,4,71,0,13,9,2016,3,0,6,1,1,1,1,1,I-10,,133,29.83058889,-94.485780560000,0,12,6,0,1,1,0,1,2,1,0,1,0,0000000,99,98,99,98,88,88,0,0,0,1,0
48,482307,1,1,0,0,0,1,1,29,1209,2,8,2016,3,0,40,1,2,1,1,7,I-410/LOOP 410,RM 1535/MILITARY,194,29.52018056,-98.512583330000,0,25,0,1,3,3,0,4,3,1,0,1,0,0000000,99,99,99,99,99,99,0,0,0,1,0
48,482308,2,2,0,0,0,2,2,189,5380,3,8,2016,4,17,6,1,2,3,98,8,BU 27/US-70/COLUMBIA,10TH ST,34,34.17045833,-101.706950000000,0,12,2,0,2,3,0,1,1,1,0,1,0,0000000,99,99,99,99,99,99,0,0,0,1,0
48,482309,1,1,0,1,1,1,1,215,0,21,8,2016,1,9,26,0,2,4,98,8,FM 2221,,192,26.32926111,-98.403650000000,0,8,0,0,1,1,0,2,2,1,0,1,0,0000000,99,98,99,98,88,88,0,0,0,1,0
48,482310,1,1,0,0,0,1,1,321,0,25,8,2016,5,7,41,0,1,5,98,8,FM 2611,,27,28.89953889,-95.638161110000,0,34,0,0,1,1,0,4,1,10,0,10,0,0000000,99,99,99,99,99,99,0,0,0,1,1
48,482311,1,1,0,0,0,1,1,481,0,25,8,2016,5,9,48,0,8,98,98,4,CR-166,,0,29.33146944,-96.074188890000,0,1,0,0,1,1,0,4,1,1,0,1,0,0000000,99,99,99,99,99,99,20,0,0,1,0