STATE,ST_CASE,VE_TOTAL,VE_FORMS,PVH_INVL,PEDS,PERNOTMVIT,PERMVIT,PERSONS,COUNTY,CITY,DAY,MONTH,YEAR,DAY_WEEK,HOUR,MINUTE,NHS,RUR_URB,FUNC_SYS,RD_OWNER,ROUTE,TWAY_ID,TWAY_ID2,MILEPT,LATITUDE,LONGITUD,SP_JUR,HARM_EV,MAN_COLL,RELJCT1,RELJCT2,TYP_INT,WRK_ZONE,REL_ROAD,LGT_COND,WEATHER1,WEATHER2,WEATHER,SCH_BUS,RAIL,NOT_HOUR,NOT_MIN,ARR_HOUR,ARR_MIN,HOSP_HR,HOSP_MN,CF1,CF2,CF3,FATALS,DRUNK_DR
48,482312,1,1,0,0,0,2,2,355,1550,26,8,2016,6,23,10,0,8,98,98,6,NAVIGATION BLVD,,0,27.78377778,-97.452966670000,0,32,0,0,1,1,0,4,3,1,0,1,0,0000000,22,47,22,50,23,1,0,0,0,1,1
48,482313,1,1,0,1,1,1,1,29,6090,29,8,2016,2,11,5,0,8,98,98,6,MARTIN ST,,0,29.43010000,-98.503094440000,0,8,0,0,1,1,0,1,1,1,0,1,0,0000000,99,99,99,99,99,99,0,0,0,1,0
48,482314,2,2,0,0,0,2,2,115,0,29,8,2016,2,8,6,0,1,4,98,2,US-180,,105,32.72308056,-102.027150000000,0,12,8,0,1,1,0,1,1,2,0,2,0,0000000,8,8,8,14,88,88,0,0,0,1,0
48,482315,2,2,0,0,0,2,2,453,330,30,8,2016,3,20,33,1,2,2,98,8,SL 1/MOPAC EXPY,,65,30.39863611,-97.731216670000,0,12,1,0,1,1,1,1,5,10,0,10,0,0000000,99,98,99,98,88,88,0,0,0,1,0
48,482316,2,2,0,0,0,3,3,257,2430,2,9,2016,6,16,0,0,2,4,98,8,FM 1641,,23,32.70961389,-96.415736110000,0,12,2,0,1,1,1,1,1,1,0,1,0,0000000,16,2,16,24,16,47,0,0,0,2,1
48,482317,2,2,0,0,0,4,4,355,1550,3,9,2016,7,1,9,1,2,2,98,7,SR-358/PADRE ISLAND DR,EMBASSY DR,85,27.71657500,-97.388952780000,0,12,1,0,3,3,0,1,3,1,0,1,0,0000000,1,9,1,15,1,28,0,0,0,1,0
48,482318,2,2,0,0,0,3,3,497,5710,4,9,2016,1,20,24,1,1,3,98,2,US-81,CR-4840/ROBERTSON RD,182,33.02591944,-97.445111110000,0,12,6,0,2,3,0,1,2,1,0,1,0,0000000,99,98,99,98,88,88,0,0,0,1,0
48,482319,1,1,0,0,0,5,5,325,0,5,9,2016,2,13,45,1,1,3,98,2,US-90,,43,29.31563056,-99.359011110000,0,1,0,0,1,1,0,1,1,1,0,1,0,0000000,13,48,13,59,15,25,0,0,0,1,0
48,482320,4,4,0,0,0,4,4,51,1070,7,9,2016,4,14,3,1,1,3,98,3,SR-21/PRESIDENTIAL CORRIDOR ST,,120,30.53768056,-96.694252780000,0,12,2,0,8,1,0,1,1,1,0,1,0,0000000,14,4,14,8,14,43,0,0,0,1,0
48,482321,2,2,0,0,0,4,4,201,0,7,9,2016,4,20,55,0,8,98,98,4,CR-FALLBROOK DR,BUTTE CANYON RD,0,29.92050000,-95.451022220000,0,12,6,0,2,3,0,1,2,1,0,1,0,0000000,20,52,21,0,21,38,0,0,0,1,0
48,482322,1,1,0,0,0,1,1,405,0,7,9,2016,4,7,15,0,1,5,98,8,FM 711,,65,31.58743611,-94.169080560000,0,42,0,0,1,1,0,4,1,5,0,5,0,0000000,99,98,99,98,88,88,0,0,0,1,0
48,482323,1,1,0,0,0,1,1,213,0,8,9,2016,5,9,25,0,1,5,98,8,FM 804,,31,32.16919444,-95.753550000000,0,42,0,0,1,1,0,4,1,1,0,1,0,0000000,99,98,99,98,88,88,0,0,0,1,1
48,482324,1,1,0,0,0,2,2,467,0,8,9,2016,5,12,18,0,1,6,98,8,FM 3080,,28,32.37798056,-96.038775000000,0,1,0,0,1,1,0,4,1,1,0,1,0,0000000,99,99,99,99,99,99,0,0,0,1,0
48,482325,2,2,0,0,0,2,2,171,0,9,9,2016,6,17,52,0,1,4,98,2,US-87,,116,30.35724167,-98.926705560000,0,12,2,0,1,1,0,1,1,1,0,1,0,0000000,99,98,99,98,88,88,0,0,0,1,0
48,482326,1,1,0,1,1,1,1,249,0,9,9,2016,6,17,4,0,1,3,98,3,SR-44,,70,27.74989167,-98.128486110000,1,8,0,0,1,1,0,1,1,1,0,1,0,0000000,99,98,99,98,88,88,0,0,0,1,0
48,482327,1,1,0,0,0,1,1,309,0,9,9,2016,6,15,10,0,1,5,98,8,FM 185,,37,31.55175556,-97.386916670000,0,1,0,0,1,1,0,4,1,1,0,1,0,0000000,15,24,15,32,16,28,0,0,0,1,0
48,482328,3,3,0,0,0,6,6,439,2450,9,9,2016,6,20,37,0,8,98,98,6,BEACH ST,CARTER AVE,0,32.74699444,-97.289363890000,0,12,1,0,2,3,0,1,3,1,0,1,0,0000000,20,37,20,39,21,5,0,0,0,1,1
48,482329,1,1,0,0,0,1,1,329,0,10,9,2016,7,8,36,1,1,3,98,3,SR-158,,124,31.96365833,-101.970533330000,0,1,0,0,1,1,0,4,1,2,0,2,0,0000000,99,98,99,98,88,88,0,0,0,1,0
48,482330,3,3,0,0,0,5,5,339,1510,10,9,2016,7,19,21,1,2,1,1,1,I-45,,88,30.23609167,-95.458555560000,0,12,7,1,18,1,0,1,5,10,0,10,0,0000000,99,99,99,99,99,99,0,0,0,1,0
48,482331,2,2,0,0,0,2,2,453,330,10,9,2016,7,6,24,1,2,3,98,3,SR-360 CAPITAL OF TEXAS HWY,,177,30.32447778,-97.812958330000,0,12,2,0,1,1,0,1,2,99,0,99,0,0000000,99,99,99,99,99,99,0,0,0,1,0
48,482332,2,2,0,0,0,2,2,113,1730,11,9,2016,1,20,35,0,8,98,98,6,HAMPTON RD,KIEST BLVD,0,32.70580556,-96.857005560000,0,12,6,0,2,2,0,1,3,1,0,1,0,0000000,99,99,99,99,99,99,0,0,0,1,0
48,482333,2,2,0,0,0,3,3,135,0,11,9,2016,1,16,10,0,1,4,98,8,FM 554 HOLLYHOCK AVE,GOLDENROD DR,11,32.02103056,-102.375750000000,0,12,6,0,2,2,0,1,1,1,0,1,0,0000000,16,15,16,29,16,52,0,0,0,1,0
48,482334,1,1,0,0,0,2,2,217,0,11,9,2016,1,15,2,0,8,98,98,4,CR-3350,,0,31.86291389,-96.881197220000,0,1,0,0,1,1,0,4,1,1,0,1,0,0000000,15,47,16,8,16,34,0,0,0,1,1
48,482335,1,1,0,0,0,3,3,367,9997,11,9,2016,1,8,0,1,1,3,98,2,US-377,,29,32.59631389,-97.578297220000,0,43,0,0,1,1,0,3,2,1,0,1,0,0000000,99,99,99,99,99,99,0,0,0,1,0
48,482336,2,1,1,1,3,1,3,71,0,12,9,2016,2,23,25,1,1,1,1,1,I-10,,124,29.83275000,-94.515052780000,0,14,0,0,1,1,0,2,2,1,0,1,0,0000000,99,98,99,98,88,88,0,0,0,1,0
48,482337,1,1,0,0,0,1,1,253,0,12,9,2016,2,13,36,1,1,3,98,2,US-83,,386,32.53651389,-99.765088890000,0,1,0,0,1,1,0,4,1,1,0,1,0,0000000,99,98,99,98,88,88,0,0,0,1,0
48,482338,5,5,0,0,0,14,14,353,0,12,9,2016,2,9,30,1,1,1,1,1,I-20,,226,32.49220000,-100.315880560000,0,57,0,0,1,1,0,3,1,1,0,1,0,0000000,9,33,9,37,10,32,14,0,0,2,0
48,482339,2,2,0,0,0,2,2,201,3280,13,9,2016,3,12,37,1,2,3,98,3,SR-3 GALVESTON RD,,80,29.60000278,-95.176488890000,0,12,1,0,1,1,0,1,1,10,0,10,0,0000000,12,55,13,9,13,30,0,0,0,2,0
48,482342,2,2,0,0,0,2,2,157,0,14,9,2016,4,7,32,0,1,5,98,8,FM 360,WILLIAMS SCHOOL RD,65,29.41926667,-95.861944440000,0,12,6,0,2,2,0,1,1,1,0,1,0,0000000,7,33,7,46,8,28,0,0,0,1,0
48,482343,2,2,0,0,0,2,2,157,0,14,9,2016,4,21,28,0,1,5,98,8,FM 360,BRINKMEYER,45,29.43927500,-95.886075000000,0,12,6,0,2,2,0,1,2,1,0,1,0,0000000,21,29,21,41,22,45,0,0,0,1,0
48,482344,2,1,1,0,1,1,2,439,2420,14,9,2016,4,11,35,1,2,1,1,7,I-20,,126,32.66108056,-97.269494440000,0,14,0,1,19,1,0,2,1,1,0,1,0,0000000,99,98,99,98,88,88,0,0,0,1,0
48,482345,1,1,0,0,0,1,1,121,1840,15,9,2016,5,14,45,0,1,4,98,8,FM 2164,,59,33.29560833,-97.131627780000,0,42,0,0,1,1,0,4,1,99,0,99,0,0000000,99,98,99,98,88,88,0,0,0,1,0
48,482346,7,7,0,0,0,7,7,201,3280,15,9,2016,5,6,33,1,2,3,98,2,US-6,,105,29.78624444,-95.644866670000,0,12,6,0,1,1,0,1,3,1,0,1,0,0000000,6,34,6,45,7,21,0,0,0,1,0
48,482347,1,1,0,0,0,4,4,217,0,15,9,2016,5,11,42,1,1,1,1,1,I-35 E,,174,32.06893889,-97.069975000000,0,1,0,0,1,1,0,4,1,1,0,1,0,0000000,11,49,11,52,12,1,0,0,0,2,0
48,482348,1,1,0,0,0,2,2,265,0,15,9,2016,5,10,25,0,1,4,98,2,US-83,,18,30.26763611,-99.720830560000,0,1,0,0,1,1,0,4,1,1,0,1,0,0000000,10,47,11,28,12,41,0,0,0,1,0
48,482349,1,1,0,1,1,1,1,13,0,16,9,2016,6,20,41,0,1,4,98,3,SR-97,,17,28.93470833,-98.521000000000,0,8,0,0,1,1,0,1,2,1,0,1,0,0000000,20,41,20,54,21,11,0,0,0,1,0
48,482350,1,1,0,0,0,1,1,113,1730,16,9,2016,6,2,9,1,2,1,1,1,I-635 LBJ FWY,,49,32.91650833,-96.742844440000,0,52,0,1,19,1,0,8,3,1,0,1,0,0000000,99,99,99,99,99,99,0,0,0,1,0
48,482351,1,1,0,0,0,1,1,141,2190,16,9,2016,6,19,25,0,8,98,98,6,MARCUS URIBE DR,,0,31.93650833,-106.422205560000,0,33,0,0,1,1,0,4,1,1,0,1,0,0000000,19,26,19,35,19,55,0,0,0,1,0
48,482352,2,2,0,0,0,3,3,201,0,16,9,2016,6,9,20,0,1,4,98,8,FM2920 KERMIER RD,BU290H HEMPSTEAD HWY,54,30.03161667,-95.857183330000,0,12,6,0,2,2,0,1,1,1,0,1,0,0000000,9,29,9,40,10,24,0,0,0,2,0
48,482353,1,1,0,0,0,1,1,201,0,16,9,2016,6,21,18,0,8,98,98,4,CR-PORT RD,,0,29.60402500,-95.005016670000,0,25,0,0,1,1,0,4,2,1,0,1,0,0000000,21,24,21,32,22,6,0,0,0,1,0
48,482354,1,1,0,1,1,1,1,201,3280,16,9,2016,6,20,21,1,2,1,1,7,I-610,,44,29.81331111,-95.399591670000,0,8,0,0,1,1,0,1,3,10,0,10,0,0000000,99,98,99,98,88,88,0,0,0,1,0
48,482355,2,2,0,0,0,2,2,201,3280,16,9,2016,6,2,44,1,2,2,98,3,SR-225 LA PORTE FWY,,14,29.70616389,-95.241547220000,0,12,2,0,1,1,0,1,3,1,0,1,0,0000000,2,45,2,50,3,28,0,0,0,1,2
48,482356,1,1,0,0,0,2,2,325,1210,16,9,2016,6,2,15,0,8,98,98,6,LOWER LA COSTE RD,,0,29.35447222,-98.871377780000,0,42,0,0,1,1,0,4,2,1,0,1,0,0000000,99,99,99,99,99,99,20,0,0,1,0
48,482357,1,1,0,0,0,1,1,61,0,17,9,2016,7,2,18,0,8,98,98,4,CR-OKLAHOMA AVE,,0,25.93165278,-97.397597220000,0,42,0,0,1,1,0,4,2,1,0,1,0,0000000,99,98,99,98,88,88,0,0,0,1,1
48,482358,2,2,0,0,0,2,2,113,1730,17,9,2016,7,4,40,0,8,98,98,6,ILLINOIS AVE,DUNCANVILLE RD,0,32.72053056,-96.908400000000,0,12,1,0,3,2,0,1,3,10,0,10,0,0000000,99,98,99,98,88,88,0,0,0,1,1
48,482359,2,2,0,0,0,2,2,201,0,17,9,2016,7,8,55,0,8,98,98,4,CR-SPRING CYPRESS RD,,0,30.03943333,-95.547044440000,0,12,6,0,1,1,0,1,1,10,0,10,0,0000000,9,3,9,17,9,45,0,0,0,1,0
48,482360,2,2,0,0,0,3,3,231,0,17,9,2016,7,9,35,1,1,3,98,2,US-69,,234,33.08486667,-96.047091670000,0,12,6,0,8,1,0,1,1,1,0,1,0,0000000,99,99,99,99,99,99,0,0,0,1,0
48,482361,2,2,0,0,0,3,3,41,970,18,9,2016,1,14,38,1,2,3,98,8,BS6R TEXAS AVE,,164,30.67865833,-96.369347220000,0,12,7,0,1,1,0,1,1,1,0,1,0,0000000,99,99,99,99,99,99,0,0,0,1,0
48,482362,1,1,0,0,0,1,1,113,6001,18,9,2016,1,3,50,0,8,98,98,6,ROWLETT RD,,0,32.90249444,-96.569322220000,0,33,0,0,1,1,0,3,3,1,0,1,0,0000000,99,98,99,98,88,88,0,0,0,1,1
48,482363,1,1,0,0,0,1,1,139,2240,18,9,2016,1,12,30,0,2,5,98,8,FM1183 OAK GROVE RD,,42,32.29761944,-96.609619440000,0,1,0,0,1,1,0,1,1,1,0,1,0,0000000,0,41,0,45,1,4,0,0,0,1,0
48,482364,2,1,1,1,1,1,1,29,6090,19,9,2016,2,9,11,1,2,2,98,8,SP371 GEN HUDNELL DR,,4,29.39257778,-98.543938890000,0,14,0,0,1,1,0,4,1,1,0,1,0,0000000,99,98,99,98,88,88,0,0,0,1,0
48,482365,1,1,0,0,0,1,1,29,6090,19,9,2016,2,1,3,0,8,98,98,6,JUDSON RD,,0,29.58529444,-98.377127780000,0,33,0,0,1,1,0,4,3,1,0,1,0,0000000,99,98,99,98,88,88,0,0,0,1,1
48,482366,2,2,0,1,1,4,4,141,2190,19,9,2016,2,0,2,0,8,98,98,6,YARBROUGH DR,,0,31.74000556,-106.345902780000,0,8,0,0,1,1,0,1,3,1,0,1,0,0000000,99,98,99,98,88,88,0,0,0,1,1
48,482367,2,2,0,0,0,2,2,29,6090,20,9,2016,3,3,40,1,2,2,98,2,US-281,,237,29.46520556,-98.473730560000,0,12,7,1,18,1,0,1,3,1,0,1,0,0000000,99,98,99,98,88,88,0,0,0,1,0
48,482368,1,1,0,0,0,1,1,113,3420,20,9,2016,3,6,56,1,2,2,98,3,SR-161RAMP AIRPORT FWY,,150,32.83738333,-97.013577780000,0,21,0,1,19,1,0,4,3,1,0,1,0,0000000,99,98,99,98,88,88,0,0,0,1,0
48,482369,1,1,0,0,0,1,1,181,6350,20,9,2016,3,3,4,1,2,2,98,2,US-75 SAM RAYBURN FWY,,172,33.60175556,-96.608883330000,0,1,0,0,1,1,0,1,3,1,0,1,0,0000000,99,98,99,98,88,88,0,0,0,1,0
48,482370,1,1,0,1,1,1,1,423,7070,20,9,2016,3,11,11,1,2,3,98,8,SS147 GENTRY PKWY,,9,32.35959167,-95.304850000000,0,8,0,0,1,1,0,2,1,1,0,1,0,0000000,11,12,11,15,11,35,0,0,0,1,0
48,482371,1,1,0,1,1,1,1,309,7210,28,8,2016,1,2,16,1,2,3,98,2,US-84/WACO DR,25TH ST,224,31.54295833,-97.153291670000,0,8,0,0,3,2,0,1,2,1,0,1,0,0000000,2,18,2,22,2,45,0,0,0,1,1
48,482372,1,1,0,1,1,1,1,89,7290,5,9,2016,2,18,44,1,1,1,1,1,I-10,,45,29.69193056,-96.775791670000,0,8,0,0,1,1,0,1,1,10,0,10,0,0000000,99,98,99,98,88,88,0,0,0,1,0
48,482373,1,1,0,0,0,1,1,215,0,9,9,2016,6,22,24,0,8,98,98,4,CR-SCHUERBACH RD,,0,26.27906944,-98.349919440000,0,24,0,0,1,1,0,4,2,1,0,1,0,0000000,99,98,99,98,88,88,0,0,0,1,1
48,482374,1,1,0,1,1,1,1,113,6260,18,9,2016,1,0,1,1,2,2,98,7,US-175,,126,32.66082778,-96.572183330000,0,8,0,0,1,1,0,1,3,1,0,1,0,0000000,99,98,99,98,88,88,0,0,0,1,0
48,482375,5,5,0,0,0,5,5,303,4140,18,9,2016,1,18,25,0,8,98,98,6,50TH ST,INDIANA AVE,0,33.54877222,-101.887763890000,0,12,1,0,3,2,0,1,1,1,0,1,0,0000000,18,28,18,33,18,45,0,0,0,1,1
48,482376,1,1,0,1,1,1,1,29,6090,19,9,2016,2,8,22,1,2,1,1,1,I-10,,34,29.40148889,-98.453916670000,0,8,0,0,1,1,0,1,1,1,0,1,0,0000000,99,98,99,98,88,88,0,0,0,1,0
48,482377,1,1,0,1,1,2,2,113,5730,21,9,2016,4,14,53,0,8,98,98,6,JUPITER RD,,0,32.95150556,-96.682822220000,0,9,0,0,1,1,0,1,1,1,0,1,0,0000000,14,54,14,58,15,16,0,0,0,1,0
48,482378,1,1,0,1,1,1,1,201,0,21,9,2016,4,6,46,0,8,98,98,4,CR-KRENEK RD,,0,29.89938889,-95.058111110000,0,15,0,0,1,1,0,1,2,1,0,1,0,0000000,6,57,7,15,7,38,16,0,0,1,0
48,482379,2,2,0,0,0,2,2,201,0,21,9,2016,4,19,27,0,8,98,98,4,CR-MASON RD,,0,29.75425000,-95.751577780000,0,12,2,0,1,1,0,1,1,1,0,1,0,0000000,99,99,99,99,99,99,0,0,0,1,0
48,482380,1,1,0,0,0,1,1,215,0,22,9,2016,5,0,15,1,1,3,98,2,US-281,,32,26.57050000,-98.012800000000,0,1,0,0,1,1,0,3,2,1,0,1,0,0000000,99,98,99,98,88,88,0,0,0,1,1
48,482381,1,1,0,0,0,3,3,227,640,2,7,2016,7,0,23,1,2,1,1,7,I-20,,285,32.26578056,-101.419594440000,0,58,0,0,1,1,0,4,2,1,0,1,0,0000000,0,22,0,32,1,2,0,0,0,1,0
48,482382,2,1,1,1,1,1,1,453,4290,27,7,2016,4,0,29,0,8,98,98,6,MARIE LN,,0,30.35164722,-97.533061110000,0,8,0,0,1,1,0,1,3,1,0,1,0,0000000,99,98,99,98,88,88,14,0,0,1,0
48,482383,2,2,0,0,0,2,2,71,4728,6,8,2016,7,3,0,0,1,4,98,3,SR-146,FM3360 EAGLE DR,7,29.87576389,-94.893655560000,0,12,6,0,2,3,0,1,3,1,0,1,0,0000000,3,3,3,17,3,56,0,0,0,1,0
48,482384,1,1,0,0,0,1,1,251,3538,9,8,2016,3,8,46,1,1,3,98,3,SR-174 BROADWAY ST,,172,32.46947500,-97.384419440000,0,32,0,0,1,1,0,4,1,1,0,1,0,0000000,99,98,99,98,88,88,0,0,0,1,0
48,482385,1,1,0,0,0,1,1,453,330,19,8,2016,6,20,24,1,2,1,1,7,I-35,,147,30.22436944,-97.746269440000,0,33,0,0,1,1,0,4,1,10,0,10,0,0000000,99,98,99,98,88,88,0,0,0,1,0
48,482386,2,2,0,0,0,2,2,389,0,27,8,2016,7,11,0,0,1,5,98,8,RM652,,4,31.82819444,-103.902894440000,0,12,6,0,8,1,0,1,1,1,0,1,0,0000000,99,98,99,98,88,88,0,0,0,2,0
48,482387,2,2,0,0,0,2,2,201,3280,29,8,2016,2,0,5,0,8,98,98,6,GENOA RED BLUFF RD,SPACE CENTER BLVD,0,29.63111389,-95.142683330000,0,12,6,0,2,2,0,1,3,1,0,1,0,0000000,0,6,0,20,0,45,0,0,0,1,1
48,482388,1,1,0,1,1,1,1,339,0,2,9,2016,6,22,19,0,1,5,98,8,FM1485,,35,30.14821667,-95.155977780000,0,9,0,0,1,1,0,1,2,1,0,1,0,0000000,99,98,99,98,88,88,0,0,0,1,0
48,482389,2,2,0,0,0,3,3,471,0,2,9,2016,6,11,0,0,1,6,98,8,FM1374,,126,30.58506389,-95.572208330000,0,12,6,0,1,1,0,1,1,1,0,1,0,0000000,12,31,12,42,13,27,0,0,0,1,0
48,482390,2,2,0,0,0,2,2,355,1550,6,9,2016,3,7,53,0,8,98,98,6,OCEAN DR,,0,27.73316944,-97.359952780000,0,12,6,0,8,1,0,1,1,2,0,2,0,0000000,7,48,7,52,8,9,0,0,0,1,0
48,482391,2,2,0,0,0,3,3,301,0,7,9,2016,4,18,5,0,1,5,98,3,SR-302,,195,31.77795833,-103.342119440000,0,12,2,0,1,1,0,1,1,2,0,2,0,0000000,99,99,99,99,99,99,0,0,0,1,0
48,482392,2,2,0,0,0,2,2,497,0,8,9,2016,5,7,10,0,1,4,98,3,SR-114,,361,33.06456389,-97.513677780000,0,12,2,0,1,1,0,1,1,1,0,1,0,0000000,7,20,7,36,8,20,0,0,0,1,0
48,482393,1,1,0,0,0,9,9,355,1550,10,9,2016,7,20,39,1,2,2,98,3,SR-286 RAMP,,40,27.74355000,-97.426263890000,0,26,0,1,19,1,0,4,2,1,0,1,0,0000000,20,40,20,44,20,56,0,0,0,1,0
48,482394,2,2,0,0,0,2,2,157,0,11,9,2016,1,8,15,0,8,98,98,4,CR-WESTPARK TLWY,GRAND CORNER DR,0,29.70142222,-95.768658330000,0,12,1,0,3,3,0,1,1,1,0,1,0,0000000,8,26,8,31,9,12,0,0,0,1,0
48,482395,1,1,0,1,1,1,1,341,2000,11,9,2016,1,3,6,0,8,98,98,6,7TH ST,MELINDA AVE,0,35.85862222,-101.955388890000,0,8,0,0,2,3,0,1,3,1,0,1,0,0000000,99,98,99,98,88,88,0,0,0,1,0
48,482396,2,2,0,0,0,3,3,353,0,14,9,2016,4,15,58,1,1,3,98,2,US-84,,91,32.45583889,-100.533019440000,0,12,2,0,1,1,0,1,1,2,0,2,0,0000000,15,50,15,57,16,27,0,0,0,1,1
48,482397,2,2,0,0,0,2,2,471,0,14,9,2016,4,2,20,1,1,1,1,1,I-45,,212,30.76750833,-95.636816670000,0,12,1,0,1,1,0,1,2,1,0,1,0,0000000,2,23,2,36,3,15,0,0,0,1,0
48,482398,2,2,0,0,0,2,2,121,1840,15,9,2016,5,7,49,1,2,3,98,2,US-380 UNIVERSITY DR,MARSHALL RD,119,33.23034722,-97.184411110000,0,12,6,0,2,3,1,1,1,1,0,1,0,0000000,99,98,99,98,88,88,0,0,0,1,0
48,482399,2,2,0,0,0,3,3,133,0,15,9,2016,5,2,12,1,1,1,1,1,I-20,,53,32.47401667,-98.625850000000,0,57,0,1,19,1,0,3,2,10,0,10,0,0000000,2,24,3,23,4,30,0,0,0,1,0
48,482400,1,1,0,0,0,2,2,339,0,15,9,2016,5,0,55,0,2,4,98,3,SR-242 NEEDHAM RD,,63,30.20845278,-95.422600000000,0,59,0,0,1,1,0,4,2,1,0,1,0,0000000,99,98,99,98,88,88,0,0,0,2,1
48,482401,2,2,0,0,0,2,2,157,5970,16,9,2016,6,11,31,1,1,3,98,2,US-59 SOUTHWEST FWY,,213,29.52288889,-95.875575000000,0,12,1,1,18,1,1,1,1,1,0,1,0,0000000,11,33,11,44,12,28,0,0,0,1,0
48,482402,3,1,2,2,3,1,2,169,0,16,9,2016,6,20,20,1,1,3,98,2,US-84,,245,33.11528889,-101.275811110000,0,14,0,0,1,1,0,2,5,10,0,10,0,0000000,20,40,21,21,21,53,14,23,0,1,0
48,482403,1,1,0,0,0,1,1,203,7260,16,9,2016,6,16,50,0,8,98,98,6,MAGNOLIA RD,COOKE ST,0,32.47334444,-94.058650000000,0,53,0,0,1,1,0,4,1,1,0,1,0,0000000,16,50,16,51,17,22,0,0,0,1,0
48,482404,1,1,0,0,0,5,5,35,0,17,9,2016,7,19,20,0,8,98,98,4,CR-1743,,0,31.86234167,-97.393966670000,0,1,0,0,1,1,0,1,1,1,0,1,0,0000000,19,20,19,32,20,0,0,0,0,1,0
48,482405,1,1,0,0,0,1,1,159,4760,17,9,2016,7,7,3,0,1,4,98,3,SR-37,,4,33.17955000,-95.233433330000,0,33,0,0,1,1,0,4,4,1,0,1,0,0000000,99,99,99,99,99,99,0,0,0,1,0
48,482406,2,2,0,0,0,4,4,339,0,17,9,2016,7,15,12,0,1,5,98,8,FM 1484,,65,30.39490000,-95.399486110000,0,12,6,0,1,1,0,1,1,1,0,1,0,0000000,99,99,99,99,99,99,0,0,0,2,0
48,482407,1,1,0,0,0,3,3,201,0,18,9,2016,1,3,13,1,2,3,98,3,SR-6,,152,29.71851667,-95.644211110000,0,46,0,0,1,1,0,4,3,1,0,1,0,0000000,99,99,99,99,99,99,0,0,0,1,1
48,482408,1,1,0,0,0,1,1,201,0,18,9,2016,1,5,0,0,8,98,98,4,CR-SPRING CYPRESS RD,,0,30.02397222,-95.568730560000,0,30,0,0,1,1,0,4,2,1,0,1,0,0000000,99,98,99,98,88,88,0,0,0,1,1
48,482409,1,1,0,0,0,2,2,231,0,18,9,2016,1,14,50,1,1,1,1,1,I-30,,249,33.13169444,-95.937886110000,0,43,0,1,19,1,0,10,1,1,0,1,0,0000000,99,99,99,99,99,99,0,0,0,1,0
48,482410,1,1,0,0,0,2,2,471,0,18,9,2016,1,0,34,0,1,5,98,8,FM 2550,,28,30.70776667,-95.691394440000,0,42,0,0,1,1,0,4,2,1,0,1,0,0000000,0,34,0,50,1,36,0,0,0,1,0
48,482411,2,2,0,0,0,6,6,113,1730,19,9,2016,2,22,25,0,8,98,98,6,FERGUSON RD,WOODMEADOW PKWY,0,32.85397778,-96.650930560000,0,12,6,0,2,2,0,1,3,1,0,1,0,0000000,99,99,99,99,99,99,0,0,0,1,1
48,482412,1,1,0,0,0,4,4,113,1730,19,9,2016,2,21,9,0,8,98,98,6,PRAIRIE CREEK RD,,0,32.75445000,-96.665247220000,0,30,0,0,1,1,0,4,3,1,0,1,0,0000000,99,99,99,99,99,99,0,0,0,1,0
48,482413,1,1,0,0,0,1,1,113,3420,19,9,2016,2,20,2,1,2,3,98,3,SR-356 IRVING BLVD,,105,32.83395556,-96.988111110000,0,33,0,1,19,1,0,4,2,2,0,2,0,0000000,20,4,20,7,20,26,0,0,0,1,0
48,482414,1,1,0,0,0,3,3,157,0,19,9,2016,2,19,11,0,1,5,98,8,FM 361,,1,29.46167778,-95.816980560000,0,1,0,0,1,1,0,4,1,2,0,2,0,0000000,99,99,99,99,99,99,0,0,0,1,0
48,482415,2,2,0,0,0,3,3,183,0,19,9,2016,2,7,9,0,1,4,98,3,SR-135,SPOKANE ST,147,32.46173889,-94.939669440000,0,12,6,0,3,3,0,1,1,1,0,1,0,0000000,7,10,7,39,8,11,0,0,0,1,0
48,482416,2,2,0,0,0,3,3,183,0,19,9,2016,2,15,23,1,2,3,98,2,US-259,CR-TRYON RD,99,32.58005556,-94.736261110000,0,12,6,0,2,2,0,1,1,1,0,1,0,0000000,99,99,99,99,99,99,0,0,0,1,0
48,482417,1,1,0,0,0,2,2,37,6850,20,9,2016,3,21,10,1,2,3,98,3,SR-93 LAKE DR,,100,33.40649444,-94.060588890000,0,52,0,0,1,1,0,4,2,1,0,1,0,0000000,99,98,99,98,88,88,0,0,0,2,0
48,482418,2,2,0,0,0,2,2,55,0,20,9,2016,3,15,23,0,1,4,98,3,SR-80,OLD BASTROP HWY,15,29.86714444,-97.889819440000,0,12,2,0,1,1,0,1,1,1,0,1,0,0000000,99,99,99,99,99,99,0,0,0,1,0
48,482419,3,3,0,0,0,4,4,67,0,20,9,2016,3,11,59,0,1,4,98,3,SR-49,,190,32.88230278,-94.539747220000,0,12,1,0,1,1,1,1,1,1,0,1,0,0000000,12,7,12,26,13,45,0,0,0,1,0
48,482420,1,1,0,0,0,1,1,157,0,20,9,2016,3,23,32,0,8,98,98,6,129 HARLEM RD,,0,29.59901111,-95.713686110000,0,10,0,0,6,1,0,1,2,1,0,1,0,743713K,99,99,99,99,99,99,0,0,0,1,1