STATE,ST_CASE,VE_TOTAL,VE_FORMS,PVH_INVL,PEDS,PERNOTMVIT,PERMVIT,PERSONS,COUNTY,CITY,DAY,MONTH,YEAR,DAY_WEEK,HOUR,MINUTE,NHS,RUR_URB,FUNC_SYS,RD_OWNER,ROUTE,TWAY_ID,TWAY_ID2,MILEPT,LATITUDE,LONGITUD,SP_JUR,HARM_EV,MAN_COLL,RELJCT1,RELJCT2,TYP_INT,WRK_ZONE,REL_ROAD,LGT_COND,WEATHER1,WEATHER2,WEATHER,SCH_BUS,RAIL,NOT_HOUR,NOT_MIN,ARR_HOUR,ARR_MIN,HOSP_HR,HOSP_MN,CF1,CF2,CF3,FATALS,DRUNK_DR
48,482422,1,1,0,1,1,1,1,201,3280,21,9,2016,4,20,33,0,8,98,98,6,AIRPORT BLVD,,0,29.65197500,-95.257427780000,0,33,0,0,8,1,0,4,3,1,0,1,0,0000000,20,33,20,45,21,8,0,0,0,1,0
48,482423,2,2,0,0,0,2,2,223,0,21,9,2016,4,5,28,1,1,1,1,7,I-30,,70,33.12602500,-95.742758330000,0,12,1,0,1,1,0,1,2,1,0,1,0,0000000,99,98,99,98,88,88,0,0,0,1,0
48,482424,1,1,0,1,1,2,2,467,2810,21,9,2016,4,19,45,0,8,98,98,6,FRANK ST,,0,32.67331389,-95.705900000000,0,8,0,0,1,1,0,1,2,1,0,1,0,0000000,99,98,99,98,88,88,0,0,0,1,0
48,482425,2,1,1,1,1,1,1,29,6090,22,9,2016,5,17,38,1,2,1,1,1,I-410,,385,29.36096667,-98.398191670000,0,8,0,0,1,1,0,4,1,1,0,1,0,0000000,99,99,99,99,99,99,0,0,0,1,0
48,482426,2,2,0,0,0,2,2,35,0,22,9,2016,5,8,50,1,1,3,98,3,SR-6,,121,31.96546389,-97.799697220000,0,12,1,0,1,1,1,1,1,1,0,1,0,0000000,8,59,9,8,9,43,0,0,0,1,0
48,482427,1,1,0,1,1,1,1,141,2190,22,9,2016,5,20,54,0,8,98,98,6,VISTA DEL SOL,BESSEMER,0,31.75367778,-106.313219440000,0,8,0,0,2,2,0,1,2,1,0,1,0,0000000,20,54,20,59,21,13,0,0,0,1,0
48,482428,1,1,0,0,0,1,1,143,0,22,9,2016,5,0,28,0,1,4,98,2,US-281,,166,32.29771111,-98.188641670000,0,38,0,0,1,1,0,5,2,1,0,1,0,0000000,99,98,99,98,88,88,0,0,0,1,1
48,482429,2,2,0,0,0,2,2,201,0,22,9,2016,5,0,5,0,8,98,98,4,CR-VETERANS MEMORIAL DR,CR-WEST RD,0,29.91450833,-95.442083330000,0,12,6,0,2,3,0,1,3,1,0,1,0,0000000,0,7,0,15,0,40,0,0,0,1,1
48,482430,1,1,0,0,0,2,2,249,0,22,9,2016,5,1,49,1,1,3,98,3,SR-44/359 GRAVIS AVE,,16,27.75982778,-98.216711110000,0,38,0,0,1,1,0,4,2,1,0,1,0,0000000,4,58,5,18,5,54,0,0,0,1,1
48,482431,1,1,0,0,0,1,1,455,0,22,9,2016,5,18,30,0,1,4,98,2,US-287,,191,31.01362778,-95.023272220000,0,1,0,0,1,1,0,4,1,1,0,1,0,0000000,99,99,99,99,99,99,0,0,0,1,0
48,482432,1,1,0,0,0,2,2,497,0,22,9,2016,5,18,17,0,8,98,98,4,CR-2690,,0,33.38908611,-97.650716670000,0,42,0,0,1,1,0,4,1,1,0,1,0,0000000,99,99,99,99,99,99,0,0,0,1,1
48,482433,1,1,0,0,0,1,1,497,0,22,9,2016,5,13,56,0,8,98,98,4,CR-4793,,0,33.03719444,-97.642383330000,0,42,0,0,1,1,0,4,1,1,0,1,0,0000000,99,98,99,98,88,88,0,0,0,1,1
48,482434,2,2,0,0,0,2,2,499,0,23,9,2016,6,6,25,0,1,4,98,2,US-80,,28,32.67410556,-95.526300000000,0,12,6,0,8,1,0,1,4,1,0,1,0,0000000,99,98,99,98,88,88,0,0,0,1,0
48,482435,1,1,0,0,0,2,2,159,0,24,9,2016,7,17,2,0,1,5,98,8,FM900,,11,33.09990833,-95.290500000000,0,1,0,0,1,1,0,4,1,1,0,1,0,0000000,99,99,99,99,99,99,0,0,0,1,0
48,482436,1,1,0,0,0,3,3,121,1840,25,9,2016,1,20,31,0,2,4,98,8,FM2449,,102,33.17692778,-97.225102780000,0,1,0,0,1,1,0,4,2,2,0,2,0,0000000,20,32,20,37,22,1,0,0,0,3,0
48,482437,1,1,0,0,0,1,1,223,0,25,9,2016,1,18,12,0,1,4,98,3,SR-154,,122,32.99156389,-95.595588890000,0,42,0,0,1,1,0,4,1,10,0,10,0,0000000,99,98,99,98,88,88,0,0,0,1,0
48,482438,1,1,0,1,1,1,1,339,1510,25,9,2016,1,16,10,0,8,98,98,6,PLANTATION DR,SILVER CREEK DR,0,30.32866389,-95.473858330000,0,8,0,0,2,3,0,1,1,2,0,2,0,0000000,99,99,99,99,99,99,0,0,0,1,0
48,482439,1,1,0,1,1,1,1,339,1510,26,9,2016,2,21,7,0,2,4,98,3,SR-75 FRAZIER ST,,46,30.37319722,-95.479127780000,0,8,0,0,1,1,0,2,2,1,0,1,0,0000000,99,98,99,98,88,88,0,0,0,1,1
48,482440,1,1,0,1,1,1,1,39,4306,27,9,2016,3,20,6,1,2,2,98,3,SR-288,,68,29.50156389,-95.389155560000,0,8,0,0,1,1,0,1,2,1,0,1,0,0000000,99,99,99,99,99,99,0,0,0,1,0
48,482441,1,1,0,0,0,1,1,111,0,27,9,2016,3,6,57,0,1,6,98,8,FM1727,,208,36.07980833,-102.696002780000,0,1,0,0,1,1,1,1,2,1,0,1,0,0000000,6,58,7,10,7,36,0,0,0,1,0
48,482442,1,1,0,1,1,2,2,201,3280,4,6,2016,7,21,5,0,8,98,98,6,POST OAK RD,,0,29.66509722,-95.463713890000,0,8,0,0,1,1,0,1,3,10,0,10,0,0000000,21,7,21,18,21,35,0,0,0,1,0
48,482443,1,1,0,1,1,2,2,215,0,17,7,2016,1,22,0,0,2,5,98,8,FM1423 VAL VERDE RD,,30,26.25340000,-98.074352780000,0,8,0,0,1,1,0,1,2,1,0,1,0,0000000,99,98,99,98,88,88,0,0,0,1,0
48,482444,2,2,0,0,0,2,2,29,6090,23,7,2016,7,8,14,0,8,98,98,6,COMMERCE ST,PARK PLAZA,0,29.43218333,-98.568400000000,0,12,6,0,2,3,0,1,1,1,0,1,0,0000000,99,99,99,99,99,99,0,0,0,1,0
48,482445,1,1,0,1,1,2,2,215,50,14,8,2016,1,20,45,0,8,98,98,6,TOWER RD,,0,26.17470278,-98.112538890000,0,8,0,0,1,1,0,1,1,1,0,1,0,0000000,99,99,99,99,99,99,0,0,0,1,0
48,482446,2,2,0,0,0,3,3,439,9997,18,8,2016,5,13,57,1,1,1,1,1,I-35W,,13,32.55940000,-97.318950000000,0,12,1,0,1,1,0,1,1,10,0,10,0,0000000,99,99,99,99,99,99,0,0,0,1,0
48,482447,2,2,0,0,0,2,2,173,0,29,8,2016,2,19,3,1,1,3,98,3,SR-158,,144,31.86338611,-101.557808330000,0,12,6,0,1,1,0,1,5,2,0,2,0,0000000,99,99,99,99,99,99,0,0,0,1,0
48,482448,1,1,0,1,1,1,1,469,0,10,9,2016,7,21,5,1,1,3,98,2,US-87 OLD PORT LAVACA RD,,322,28.66138889,-96.782272220000,0,8,0,0,1,1,0,1,2,1,0,1,0,0000000,99,98,99,98,88,88,0,0,0,1,0
48,482449,2,2,0,0,0,4,4,119,1530,11,9,2016,1,12,30,1,1,3,98,3,SR-24,FM64,96,33.37631667,-95.702116670000,0,1,0,0,2,2,0,1,1,1,0,1,0,0000000,12,32,12,35,13,13,0,0,0,2,0
48,482450,2,2,0,0,0,3,3,39,0,13,9,2016,3,6,35,1,1,3,98,3,SR-36,,98,29.19159444,-95.680600000000,0,12,2,0,1,1,0,1,4,10,0,10,0,0000000,7,2,7,26,8,11,0,0,0,2,0
48,482451,2,2,0,0,0,3,3,355,0,13,9,2016,3,6,33,0,1,4,98,8,FM 624/NORTHWEST BLVD,,110,27.87146111,-97.710550000000,0,12,1,0,1,1,0,1,2,1,0,1,0,0000000,6,37,6,42,7,12,0,0,0,1,0
48,482452,1,1,0,0,0,1,1,157,5970,14,9,2016,4,22,54,1,1,3,98,2,US-59/SOUTH WEST FREEWAY,,202,29.53231389,-95.860144440000,0,25,0,0,1,1,1,3,2,1,0,1,0,0000000,99,98,99,98,88,88,0,0,0,1,0
48,482453,2,2,0,0,0,2,2,291,0,14,9,2016,4,5,12,0,1,4,98,2,US-90,,312,30.02213056,-94.521480560000,0,12,2,0,1,1,0,1,2,1,0,1,0,0000000,99,98,99,98,88,88,0,0,0,1,0
48,482454,1,1,0,0,0,2,2,355,1550,15,9,2016,5,22,26,0,8,98,98,6,FLOUR BLUFF DR,,0,27.65178611,-97.311508330000,0,1,0,0,1,1,0,4,2,1,0,1,0,0000000,22,26,22,34,22,54,0,0,0,1,0
48,482455,1,1,0,0,0,2,2,355,1550,16,9,2016,6,14,48,0,8,98,98,6,PORT AVE,,0,27.76865833,-97.420261110000,0,19,0,0,1,1,0,5,1,1,0,1,0,0000000,14,47,14,51,15,8,0,0,0,1,1
48,482456,1,1,0,1,1,1,1,29,6090,17,9,2016,7,2,35,1,2,2,98,7,SL 1604,SR-16/BRAUN RD,262,29.53588056,-98.681500000000,0,9,0,1,2,2,0,1,3,1,0,1,0,0000000,99,99,99,99,99,99,0,0,0,1,0
48,482457,1,1,0,0,0,1,1,363,0,17,9,2016,7,17,52,0,1,4,98,3,SR-337,,160,32.97171111,-98.307569440000,0,42,0,0,1,1,0,4,1,1,0,1,0,0000000,99,98,99,98,88,88,0,0,0,1,0
48,482458,1,1,0,0,0,3,3,319,4380,18,9,2016,1,15,33,0,1,5,98,8,FM 1871/EL PASO ST,,200,30.74906111,-99.237400000000,0,5,0,0,1,1,0,1,1,1,0,1,0,0000000,99,98,99,98,88,88,0,0,0,1,0
48,482459,1,1,0,0,0,1,1,439,2450,18,9,2016,1,1,40,1,2,2,98,3,SR-360/AMON CARTER RAMP,,65,32.83003056,-97.060938890000,0,30,0,1,19,1,0,4,2,1,0,1,0,0000000,1,43,1,49,88,88,0,0,0,1,0
48,482460,1,1,0,0,0,1,1,251,0,19,9,2016,2,13,4,0,1,6,98,8,FM 2738,,138,32.44386944,-97.163919440000,0,1,0,0,1,1,0,4,1,1,0,1,0,0000000,99,98,99,98,88,88,0,0,0,1,0
48,482461,2,2,0,0,0,2,2,201,9997,20,9,2016,3,12,5,1,2,3,98,8,FM 328,,10,29.52244167,-95.160391670000,0,12,6,0,8,1,0,1,1,1,0,1,0,0000000,12,6,12,9,12,24,0,0,0,1,0
48,482462,1,1,0,0,0,1,1,135,0,21,9,2016,4,19,10,1,2,1,1,1,I-20,,326,31.81692500,-102.388997220000,0,1,0,0,1,1,1,10,3,1,0,1,0,0000000,99,98,99,98,88,88,0,0,0,1,1
48,482463,1,1,0,0,0,1,1,163,0,21,9,2016,4,14,59,1,1,1,1,1,I-35,,242,28.83612222,-99.113952780000,0,1,0,0,1,1,0,10,1,10,0,10,0,0000000,99,98,99,98,88,88,0,0,0,1,0
48,482464,3,3,0,1,1,3,3,439,2450,21,9,2016,4,22,34,1,2,2,98,2,US-287 MLK HWY,,218,32.74609167,-97.307758330000,0,8,0,1,18,1,0,1,2,1,0,1,0,0000000,99,98,99,98,88,88,0,0,0,1,0
48,482465,2,2,0,0,0,2,2,491,0,21,9,2016,4,22,46,0,8,98,98,4,CR-175 SAM BASS RD,,0,30.55563056,-97.768422220000,0,12,6,0,1,1,0,1,2,1,0,1,0,0000000,22,47,22,53,23,28,0,0,0,1,1
48,482466,2,2,0,0,0,3,3,29,6090,22,9,2016,5,20,15,1,2,3,98,8,SS 421 BANDERA RD,,132,29.45898611,-98.557197220000,0,12,6,0,8,1,0,1,3,1,0,1,0,0000000,99,99,99,99,99,99,0,0,0,1,0
48,482467,1,1,0,1,1,1,1,189,0,22,9,2016,5,8,9,0,2,4,98,8,FM 1767 34TH ST,,10,34.21990833,-101.691850000000,0,9,0,0,1,1,0,1,1,1,0,1,0,0000000,99,99,99,99,99,99,0,0,0,1,0
48,482468,2,2,0,0,0,3,3,201,3280,23,9,2016,6,5,22,1,2,1,1,7,I-10 KATY FWY,,70,29.78464444,-95.700230560000,0,12,7,1,18,1,0,1,3,1,0,1,0,0000000,99,98,99,98,88,88,0,0,0,1,0
48,482469,1,1,0,0,0,2,2,439,364,24,9,2016,7,16,7,1,2,2,98,3,SR-199 NORTHWEST PKWY,,1,32.89866944,-97.543083330000,0,33,0,1,19,1,0,10,1,2,0,2,0,0000000,16,18,16,23,17,4,0,0,0,1,0
48,482470,2,2,0,0,0,2,2,251,0,25,9,2016,1,8,6,0,1,4,98,3,SR-174,,33,32.29362500,-97.389808330000,0,12,2,0,1,1,0,4,1,2,0,2,0,0000000,99,99,99,99,99,99,0,0,0,1,0
48,482471,3,1,2,3,4,1,2,303,4140,25,9,2016,1,2,34,0,8,98,98,6,ERSKINE ST,,0,33.60683889,-101.869888890000,0,14,0,0,1,1,0,5,3,10,0,10,0,0000000,2,38,2,45,3,2,14,15,0,1,0
48,482473,1,1,0,0,0,2,2,265,0,26,9,2016,2,7,30,0,1,4,98,2,US-83,,127,30.14097222,-99.719966670000,0,42,0,0,1,1,0,4,4,2,0,2,0,0000000,7,58,8,37,9,43,0,0,0,1,0
48,482474,2,2,0,0,0,2,2,221,0,27,9,2016,3,6,25,0,2,4,98,8,FM 51,,25,32.53921944,-97.779125000000,0,12,2,0,1,1,0,1,2,10,0,10,0,0000000,6,35,7,0,8,32,0,0,0,1,0
48,482475,4,4,0,0,0,4,4,245,5430,27,9,2016,3,12,14,1,2,3,98,2,US-69 MEMORIAL BLVD,39TH ST,177,29.91395556,-93.950266670000,0,12,1,0,3,3,0,1,1,1,0,1,0,0000000,99,99,99,99,99,99,0,0,0,1,0
48,482476,1,1,0,0,0,1,1,351,0,27,9,2016,3,18,40,0,1,5,98,3,SR-87,,45,30.57671389,-93.785519440000,0,59,0,0,1,1,0,4,5,1,0,1,0,0000000,99,99,99,99,99,99,0,0,0,1,0
48,482477,3,3,0,0,0,4,4,139,2240,28,9,2016,4,16,31,0,2,4,98,8,SS 437 CLAY ST,WACO ST,3,32.32147222,-96.630266670000,0,12,6,0,2,3,0,1,1,1,0,1,0,0000000,99,99,99,99,99,99,0,0,0,1,0
48,482478,3,3,0,0,0,3,3,85,4802,29,9,2016,5,13,23,0,2,4,98,8,FM 544,MURPHY RD,63,33.01158333,-96.611991670000,0,12,1,0,3,2,0,1,1,1,0,1,0,0000000,13,24,13,26,13,46,14,0,0,1,0
48,482479,2,2,0,0,0,3,3,5,0,30,9,2016,6,17,6,1,1,3,98,3,SR-103,,68,31.34444722,-94.607825000000,0,12,2,0,1,1,0,1,1,1,0,1,0,0000000,99,99,99,99,99,99,0,0,0,1,0
48,482480,1,1,0,1,1,1,1,29,6090,30,9,2016,6,4,47,1,2,2,98,2,US-281,,206,29.50848333,-98.477327780000,0,8,0,1,18,1,1,1,3,1,0,1,0,0000000,99,98,99,98,88,88,0,0,0,1,0
48,482481,2,2,0,0,0,4,4,71,0,30,9,2016,6,6,15,1,1,1,1,1,I-10,,93,29.83566944,-94.554016670000,0,12,1,0,1,1,0,1,2,1,0,1,0,0000000,6,27,7,1,7,33,23,0,0,2,0
48,482482,2,2,0,0,0,2,2,143,0,30,9,2016,6,3,26,0,1,5,98,3,SR-220,,94,32.03913611,-98.006938890000,0,12,6,0,1,1,0,1,2,1,0,1,0,0000000,99,98,99,98,88,88,0,0,0,1,0
48,482483,1,1,0,1,1,1,1,277,5220,30,9,2016,6,7,53,0,2,4,98,8,BU 82H CLARKSVILLE ST,,87,33.66052778,-95.550883330000,0,15,0,0,1,1,0,1,1,1,0,1,0,0000000,7,58,8,24,8,51,0,0,0,1,0
48,482484,1,1,0,0,0,1,1,5,0,1,10,2016,7,14,13,0,1,5,98,8,FM 326,,2,31.34509167,-94.630983330000,0,1,0,0,1,1,0,1,1,10,0,10,0,0000000,99,99,99,99,99,99,0,0,0,1,0
48,482485,1,1,0,1,1,3,3,29,6090,1,10,2016,7,19,59,0,8,98,98,6,CULEBRA RD,GRISSOM GATE,0,29.47080556,-98.651288890000,0,8,0,0,3,3,0,1,3,1,0,1,0,0000000,99,99,99,99,88,88,0,0,0,1,0
48,482486,2,2,0,0,0,4,4,159,7560,1,10,2016,7,13,30,0,1,4,98,3,SR-11 BROADWAY,,11,32.96415000,-95.299741670000,0,12,2,0,1,1,0,1,1,1,0,1,0,0000000,99,99,99,99,99,99,0,0,0,3,0
48,482487,2,2,0,0,0,5,5,245,5430,1,10,2016,7,15,56,1,2,3,98,3,SR-87 GULFWAY DR,SAN ANTONIO AVE,23,29.87741667,-93.948830560000,0,12,6,0,2,2,0,1,1,1,0,1,0,0000000,99,99,99,99,99,99,0,0,0,2,0
48,482488,3,3,0,0,0,4,4,439,2450,1,10,2016,7,19,38,0,8,98,98,6,RIVERSIDE DR,,0,32.75881389,-97.301758330000,0,12,2,0,1,1,0,1,3,1,0,1,0,0000000,19,40,19,45,20,14,0,0,0,1,1
48,482489,2,2,0,0,0,2,2,61,3030,2,10,2016,1,15,15,0,8,98,98,6,3RD ST,VAN BUREN AVE,0,26.19167500,-97.693405560000,0,12,6,0,2,2,0,1,1,1,0,1,0,0000000,99,99,99,99,99,99,0,0,0,1,1
48,482490,1,1,0,0,0,2,2,113,1730,2,10,2016,1,7,9,0,8,98,98,6,BELT LINE RD,,0,32.95007500,-96.798466670000,0,33,0,0,1,1,0,3,4,1,0,1,0,0000000,99,99,99,99,99,99,0,0,0,1,1
48,482491,1,1,0,1,1,1,1,121,3960,2,10,2016,1,20,41,1,2,3,98,8,BS121H,,108,33.02140556,-96.993044440000,0,8,0,0,1,1,0,1,3,1,0,1,0,0000000,20,41,20,47,21,1,0,0,0,1,0
48,482492,2,2,0,0,0,4,4,215,7330,2,10,2016,1,13,36,0,2,4,98,8,FM1015 INTERNATIONAL BLVD,,95,26.15530000,-97.958372220000,0,5,0,0,1,1,0,1,1,1,0,1,0,0000000,99,98,99,98,88,88,14,0,0,1,1
48,482493,2,2,0,0,0,4,4,245,490,2,10,2016,1,1,5,1,2,2,98,7,US-69 CARDINAL DR,SS380 MARTIN LUTHER KING PKWY,68,30.03290000,-94.062175000000,0,12,6,1,2,2,0,1,3,1,0,1,0,0000000,1,7,1,15,1,42,0,0,0,3,0
48,482494,2,2,0,0,0,4,4,113,1190,4,10,2016,3,23,21,0,8,98,98,6,TARPLEY RD,,0,32.97920000,-96.851300000000,0,12,98,0,1,1,0,1,2,1,0,1,0,0000000,99,99,99,99,99,99,0,0,0,1,0
48,482495,2,2,0,0,0,4,4,121,1190,4,10,2016,3,18,24,0,8,98,98,6,HEBRON PKWY,FURNEAUX LN,0,33.02468889,-96.878783330000,0,12,6,0,2,3,0,1,1,1,0,1,0,0000000,18,30,18,36,19,3,0,0,0,1,0
48,482496,1,1,0,1,1,3,3,439,2450,4,10,2016,3,21,53,1,2,1,1,1,I-20 RAMP,,13,32.67109167,-97.238938890000,0,8,0,1,20,1,0,1,3,1,0,1,0,0000000,99,98,99,98,88,88,0,0,0,1,0
48,482497,1,1,0,1,1,2,2,167,2570,28,9,2016,4,0,15,1,2,3,98,8,FM3005 SAN LOUIS PASS RD,,36,29.24079167,-94.876236110000,0,8,0,0,1,1,0,1,2,1,0,1,0,0000000,99,98,99,98,88,88,0,0,0,1,0
48,482498,1,1,0,2,2,1,1,303,0,30,9,2016,6,4,30,1,1,3,98,2,US-62,,411,33.66727500,-101.580011110000,0,8,0,0,1,1,0,1,2,10,0,10,0,0000000,99,98,99,98,88,88,0,0,0,2,0
48,482499,1,1,0,0,0,4,4,487,0,1,10,2016,7,2,2,0,1,6,98,8,FM924,CR-89N,25,34.28121667,-99.436475000000,0,1,0,0,3,4,0,4,2,1,0,1,0,0000000,2,53,3,44,4,40,0,0,0,1,1
48,482500,1,1,0,1,1,1,1,257,0,2,10,2016,1,20,28,0,1,4,98,3,SR-205,,26,32.78623889,-96.321061110000,0,8,0,0,1,1,0,1,2,1,0,1,0,0000000,99,98,99,98,88,88,0,0,0,1,0
48,482501,1,1,0,0,0,1,1,265,0,2,10,2016,1,10,50,0,1,4,98,3,SR-16 MEDINA HWY,,139,29.91599167,-99.248300000000,0,42,0,0,1,1,0,4,1,10,0,10,0,0000000,10,52,11,7,11,49,0,0,0,1,0
48,482502,2,2,0,0,0,2,2,201,0,5,10,2016,4,22,45,0,8,98,98,4,CR-FRY RD,,0,29.81596111,-95.720586110000,0,12,6,0,8,1,0,1,2,1,0,1,0,0000000,99,99,99,99,99,99,0,0,0,1,1
48,482503,1,1,0,1,1,1,1,439,2450,7,10,2016,6,5,15,1,2,3,98,8,BU287P MAIN ST,30TH ST,145,32.79930000,-97.350322220000,0,8,0,0,2,3,0,1,2,2,0,2,0,0000000,99,98,99,98,88,88,0,0,0,1,0
48,482504,1,1,0,0,0,4,4,439,6200,10,7,2016,1,0,48,1,2,2,98,3,SR-199 JACKSBORO HWY,,112,32.79795278,-97.403869440000,0,43,0,0,1,1,0,3,2,1,0,1,0,0000000,99,99,99,99,99,99,0,0,0,1,1
48,482505,2,2,0,0,0,5,5,141,2190,2,9,2016,6,19,9,0,8,98,98,6,RESLER DR,NARDO GOODMAN DR,0,31.87518333,-106.560936110000,0,12,6,0,2,2,0,1,3,1,0,1,0,0000000,99,99,99,99,99,99,0,0,0,1,0
48,482506,2,2,0,0,0,5,5,113,2590,11,9,2016,1,2,25,1,2,1,1,1,I-635 LBJ FWY,,9,32.87816667,-96.688000000000,0,12,1,0,1,1,0,1,3,1,0,1,0,0000000,99,99,99,99,99,99,0,0,0,2,0
48,482507,3,3,0,0,0,3,3,215,4197,11,9,2016,1,2,49,1,2,3,98,8,SS105 23RD ST,DICKER RD,151,26.13234722,-98.257116670000,0,12,1,0,3,3,0,1,3,1,0,1,0,0000000,2,49,2,54,3,24,0,0,0,1,1
48,482508,1,1,0,0,0,3,3,61,0,19,9,2016,2,2,50,0,2,5,98,8,FM510 SAN JOSE RANCH RD,,19,26.14098333,-97.592075000000,0,34,0,0,1,1,0,4,3,1,0,1,0,0000000,99,99,99,99,99,99,0,0,0,1,0
48,482509,2,2,0,0,0,4,4,201,3280,22,9,2016,5,19,12,0,8,98,98,6,GULFTON ST,WESTWARD ST,0,29.71630556,-95.493113890000,0,12,6,0,2,2,0,1,1,1,0,1,0,0000000,19,16,19,27,19,36,0,0,0,1,0
48,482510,1,1,0,0,0,1,1,113,3420,23,9,2016,6,23,7,1,2,2,98,3,SR-190 PRES GEORGE BUSH TPKE,,91,32.90780833,-96.953066670000,0,59,0,1,19,1,0,4,3,1,0,1,0,0000000,23,9,23,17,23,31,0,0,0,1,1
48,482511,1,1,0,0,0,1,1,339,0,24,9,2016,7,1,15,0,8,98,98,4,CR-JILL AND DALE AVE,,0,30.20478889,-95.158300000000,9,1,0,0,1,1,0,4,2,1,0,1,0,0000000,99,98,99,98,88,88,0,0,0,1,1
48,482512,3,3,0,0,0,4,4,157,2545,27,9,2016,3,5,53,0,1,5,98,8,FM 359/FM 1093,,121,29.69255000,-95.870719440000,0,12,2,0,1,1,0,1,4,1,0,1,0,0000000,99,98,99,98,88,88,0,0,0,1,0
48,482513,2,2,0,0,0,2,2,439,2450,27,9,2016,3,3,25,1,2,2,98,3,SR-360,,65,32.83010000,-97.061011110000,0,12,1,0,1,1,0,1,2,1,0,1,0,0000000,3,25,3,33,4,27,0,0,0,1,0
48,482514,1,1,0,1,1,1,1,469,0,27,9,2016,3,6,50,0,1,4,98,3,SR-185/SHEPLEY ST,CR-FIFTH ST,174,28.65054722,-96.895288890000,0,8,0,0,2,2,0,1,2,1,0,1,0,0000000,99,99,99,99,99,99,0,0,0,1,0
48,482515,2,2,0,0,0,3,3,181,0,28,9,2016,4,16,50,0,1,5,98,8,FM 120,,128,33.77028889,-96.706330560000,0,12,6,0,1,1,0,1,1,1,0,1,0,0000000,17,12,17,35,18,12,0,0,0,2,1
48,482516,2,2,0,1,1,2,2,209,6170,28,9,2016,4,2,1,1,2,1,1,1,I-35,,37,29.84011111,-97.971647220000,0,12,1,0,1,1,0,1,2,1,0,1,0,0000000,2,1,2,14,2,58,23,15,0,1,1
48,482517,2,2,0,0,0,2,2,317,0,28,9,2016,4,17,10,0,1,5,98,8,FM 829,CR-3600,148,32.32096944,-101.935441670000,0,12,6,0,2,2,0,1,1,1,0,1,0,0000000,99,98,99,98,88,88,0,0,0,1,0
48,482518,2,2,0,0,0,3,3,453,330,28,9,2016,4,2,15,1,2,2,98,8,SL 1/MOPAC EEXPY,,118,30.32064722,-97.756102780000,0,12,1,0,1,1,1,1,2,1,0,1,0,0000000,99,98,99,98,88,88,0,0,0,1,1
48,482519,1,1,0,1,1,2,2,29,6090,29,9,2016,5,16,23,0,8,98,98,6,SAN PEDRO AVE,,0,29.50540000,-98.499288890000,0,8,0,0,8,1,0,11,1,1,0,1,0,0000000,99,99,99,99,99,99,0,0,0,1,0
48,482520,2,2,0,1,1,2,2,113,1730,29,9,2016,5,15,46,0,8,98,98,6,COMMERCE ST,CESAR CHAVEZ BLVD,0,32.78165000,-96.790908330000,0,12,6,0,2,2,1,1,1,1,0,1,0,0000000,99,99,99,99,99,99,0,0,0,1,0
48,482521,1,1,0,0,0,3,3,157,0,29,9,2016,5,1,45,0,8,98,98,4,CR-FOSTER SCHOOL RD,CR-WILLIAM SCHOOL RD,0,29.43966667,-95.838427780000,0,30,0,0,3,2,0,4,2,1,0,1,0,0000000,2,14,2,22,3,7,0,0,0,1,1
48,482522,2,2,0,0,0,3,3,223,6668,29,9,2016,5,9,17,0,2,4,98,3,SR-11 POSEY LN,,123,33.10768611,-95.594955560000,0,12,6,0,8,1,0,1,1,1,0,1,0,0000000,9,18,9,20,9,50,0,0,0,1,0
48,482523,2,2,0,0,0,6,6,29,6090,30,9,2016,6,15,49,0,1,6,98,8,FM1937,,119,29.28126667,-98.465475000000,0,12,2,0,1,1,0,1,1,1,0,1,0,0000000,99,99,99,99,99,99,0,0,0,2,0
48,482524,1,1,0,1,1,1,1,113,1730,30,9,2016,6,23,3,0,8,98,98,6,RED BIRD LN,SINGING HILLS DR,0,32.67485833,-96.800977780000,0,15,0,0,2,2,0,1,3,1,0,1,0,0000000,99,98,99,98,88,88,0,0,0,1,0
48,482525,1,1,0,2,2,1,1,121,6150,30,9,2016,6,13,55,0,8,98,98,6,BOLIVAR ST,,0,33.36236389,-97.169227780000,0,10,0,0,6,1,0,1,1,1,0,1,0,020581E,14,12,14,32,15,1,0,0,0,1,0
48,482526,4,4,0,1,1,4,4,201,3280,30,9,2016,6,6,0,1,2,1,1,1,I-45 NORTH FWY,,311,29.85685000,-95.400961110000,0,8,0,0,1,1,0,1,3,1,0,1,0,0000000,99,98,99,98,88,88,0,0,0,1,0
48,482527,1,1,0,1,1,1,1,201,5230,30,9,2016,6,20,12,0,8,98,98,6,PASADENA BLVD,,0,29.68211667,-95.178222220000,0,8,0,0,1,1,0,1,6,1,0,1,0,0000000,99,99,99,99,99,99,0,0,0,1,0