STATE,ST_CASE,VE_TOTAL,VE_FORMS,PVH_INVL,PEDS,PERNOTMVIT,PERMVIT,PERSONS,COUNTY,CITY,DAY,MONTH,YEAR,DAY_WEEK,HOUR,MINUTE,NHS,RUR_URB,FUNC_SYS,RD_OWNER,ROUTE,TWAY_ID,TWAY_ID2,MILEPT,LATITUDE,LONGITUD,SP_JUR,HARM_EV,MAN_COLL,RELJCT1,RELJCT2,TYP_INT,WRK_ZONE,REL_ROAD,LGT_COND,WEATHER1,WEATHER2,WEATHER,SCH_BUS,RAIL,NOT_HOUR,NOT_MIN,ARR_HOUR,ARR_MIN,HOSP_HR,HOSP_MN,CF1,CF2,CF3,FATALS,DRUNK_DR
48,482528,1,1,0,0,0,1,1,231,0,30,9,2016,6,14,48,0,1,4,98,3,SR-34,,45,32.92990833,-96.120827780000,0,3,0,0,1,1,0,4,1,1,0,1,0,0000000,14,49,15,12,15,42,0,0,0,1,0
48,482529,1,1,0,0,0,1,1,201,3280,1,10,2016,7,16,24,0,8,98,98,6,11TH ST,,0,29.78952222,-95.421691670000,0,42,0,0,1,1,0,3,1,10,0,10,0,0000000,99,98,99,98,88,88,0,0,0,1,1
48,482530,4,4,0,0,0,4,4,239,0,1,10,2016,7,16,22,1,1,3,98,2,US-59,,168,28.93449444,-96.733805560000,0,12,2,0,1,1,0,1,1,1,0,1,0,0000000,99,98,99,98,88,88,0,0,0,2,0
48,482531,1,1,0,0,0,1,1,167,1920,2,10,2016,1,8,0,0,8,98,98,6,HUGHES RD,,0,29.44548056,-95.063527780000,0,52,0,0,1,1,0,4,1,1,0,1,0,0000000,99,98,99,98,88,88,0,0,0,1,1
48,482532,2,2,0,1,1,2,2,201,0,2,10,2016,1,22,0,0,8,98,98,4,CR-WESTGARD BLVD,,0,29.82930833,-95.220588890000,0,12,1,0,1,1,0,1,2,1,0,1,0,0000000,99,99,99,99,99,99,0,0,0,1,0
48,482533,2,2,0,0,0,7,7,209,0,2,10,2016,1,20,0,0,2,5,98,8,FM621 STAPLES RD,,25,29.84052500,-97.910675000000,0,12,2,0,1,1,0,1,2,1,0,1,0,0000000,20,19,20,24,22,5,0,0,0,1,0
48,482534,2,2,0,0,0,3,3,285,0,2,10,2016,1,18,8,0,1,4,98,2,US-77,FM532,46,29.28943611,-96.968797220000,0,12,6,0,2,2,0,1,1,1,0,1,0,0000000,99,99,99,99,99,99,0,0,0,2,0
48,482536,1,1,0,0,0,1,1,453,330,2,10,2016,1,0,19,0,8,98,98,6,CAMERON RD,,0,30.32984722,-97.689580560000,0,42,0,0,1,1,0,3,3,1,0,1,0,0000000,99,98,99,98,88,88,0,0,0,1,1
48,482537,1,1,0,2,2,2,2,215,4197,3,10,2016,2,21,52,0,8,98,98,6,CONVENTION CENTER BLVD,HOUSTON AVE,0,26.19940556,-98.260158330000,0,8,0,0,3,3,0,4,3,1,0,1,0,0000000,21,51,21,53,22,8,0,0,0,1,1
48,482538,2,2,0,0,0,3,3,39,0,4,10,2016,3,12,13,1,2,2,98,3,SR-288 RAMP,FM523,289,29.19750278,-95.456055560000,0,12,6,1,2,2,0,1,1,10,0,10,0,0000000,99,99,99,99,99,99,0,0,0,1,0
48,482539,2,2,0,0,0,5,5,221,0,4,10,2016,3,20,15,0,8,98,98,4,CR-DAVIS RD,CR-GRAND HARBOR CT,0,32.42515278,-97.734394440000,0,12,6,0,2,3,0,1,2,1,0,1,0,0000000,20,18,20,26,20,50,0,0,0,1,0
48,482540,2,2,0,0,0,2,2,329,4560,4,10,2016,3,18,55,1,2,2,98,7,SL250,,209,32.04356111,-102.082308330000,0,12,7,0,1,1,0,1,1,1,0,1,0,0000000,99,98,99,98,88,88,0,0,0,1,0
48,482541,1,1,0,0,0,1,1,397,5910,5,10,2016,4,7,0,1,1,1,1,1,I-30,,59,32.91234167,-96.446552780000,0,25,0,0,1,1,1,3,2,1,0,1,0,0000000,99,98,99,98,88,88,0,0,0,1,1
48,482542,1,1,0,0,0,1,1,91,0,6,10,2016,5,7,26,0,2,4,98,8,RM32,,128,29.93285000,-98.168044440000,0,1,0,0,1,1,0,4,1,1,0,1,0,0000000,99,98,99,98,88,88,0,0,0,1,1
48,482543,1,1,0,0,0,1,1,115,0,6,10,2016,5,16,16,1,1,3,98,2,US-87,,85,32.86117778,-101.887486110000,0,1,0,0,1,1,0,4,1,1,0,1,0,0000000,16,17,16,28,16,54,0,0,0,1,0
48,482544,1,1,0,1,1,1,1,309,7210,6,10,2016,5,21,53,0,8,98,98,6,FRANKLIN AVE,32ND ST,0,31.53353889,-97.156272220000,0,9,0,0,2,3,1,1,3,1,0,1,0,0000000,99,99,99,99,99,99,0,0,0,1,0
48,482545,2,2,0,0,0,3,3,353,6720,6,10,2016,5,17,20,1,2,1,1,1,I-20,,165,32.45257222,-100.391580560000,0,12,7,0,5,1,0,1,1,10,0,10,0,0000000,17,20,17,24,17,46,0,0,0,1,0
48,482546,1,1,0,0,0,4,4,381,0,6,10,2016,5,3,23,0,8,98,98,4,CR-PETERSEN RD,CR-BELL ST,0,35.06656667,-101.901477780000,0,32,0,0,3,3,0,4,2,1,0,1,0,0000000,99,99,99,99,99,99,0,0,0,1,1
48,482547,2,2,0,0,0,2,2,29,6090,7,10,2016,6,21,9,1,2,1,1,7,I-35,,357,29.54639722,-98.368416670000,0,12,6,0,8,1,0,1,3,10,0,10,0,0000000,99,98,99,98,88,88,0,0,0,1,1
48,482548,2,2,0,0,0,3,3,99,2610,7,10,2016,6,21,40,0,2,3,98,2,US-84 MAIN ST,LOVERS LN,256,31.43470556,-97.725080560000,0,12,6,1,2,2,0,1,3,1,0,1,0,0000000,99,99,99,99,99,99,20,0,0,1,0
48,482549,1,1,0,0,0,1,1,321,0,7,10,2016,6,3,16,0,1,5,98,8,FM2611,,22,28.89375278,-95.641605560000,0,11,0,0,1,1,0,1,2,10,0,10,0,0000000,99,98,99,98,88,88,0,0,0,1,0
48,482550,2,2,0,0,0,4,4,423,0,7,10,2016,6,6,0,0,1,5,98,8,FM344,,70,32.14650833,-95.376100000000,0,12,2,0,1,1,0,1,2,1,0,1,0,0000000,6,1,6,2,6,59,0,0,0,1,0
48,482551,2,2,0,0,0,4,4,83,0,8,10,2016,7,14,55,0,1,4,98,2,US-283,,177,31.49905000,-99.374697220000,0,12,7,0,8,1,0,1,1,1,0,1,0,0000000,99,99,99,99,88,88,0,0,0,1,0
48,482552,2,2,0,0,0,3,3,113,6001,8,10,2016,7,22,45,0,8,98,98,6,PGB TURNPIKE,,0,32.89534167,-96.556194440000,0,12,2,1,18,1,0,1,3,1,0,1,0,0000000,99,98,99,98,88,88,0,0,0,2,2
48,482553,2,2,0,0,0,3,3,187,6290,8,10,2016,7,17,47,1,1,3,98,2,US-90,FM 725,210,29.55493056,-98.028955560000,0,12,6,0,2,2,0,1,1,1,0,1,0,0000000,99,99,99,99,99,99,0,0,0,1,0
48,482554,1,1,0,1,1,1,1,375,150,8,10,2016,7,20,29,1,2,2,98,2,US-60 AMARILLO BLVD,ROBERTS ST,8,35.22194444,-101.816286110000,0,8,0,0,3,3,0,1,3,1,0,1,0,0000000,20,29,20,29,20,58,0,0,0,1,0
48,482555,1,1,0,0,0,1,1,407,0,8,10,2016,7,11,39,0,1,5,98,8,FM 224,,38,30.64280556,-95.142961110000,0,44,0,0,1,1,0,1,1,1,0,1,0,0000000,99,98,99,98,88,88,0,0,0,1,0
48,482556,1,1,0,1,1,1,1,361,0,9,10,2016,1,22,5,1,2,1,1,7,I-10 LUTCHER DR,,223,30.12180833,-93.750011110000,0,8,0,1,18,1,0,1,2,1,0,1,0,0000000,99,98,99,98,88,88,0,0,0,1,0
48,482557,1,1,0,1,1,1,1,287,2640,10,10,2016,2,19,50,0,2,5,98,8,FM 2440,CROCKETT,58,30.19131944,-96.944075000000,0,8,0,0,2,3,0,1,3,1,0,1,0,0000000,99,98,99,98,88,88,0,0,0,1,0
48,482558,1,1,0,0,0,1,1,423,0,10,10,2016,2,10,9,0,8,98,98,4,CR-384 OLD LONGVIEW RD,,0,32.40010556,-95.198330560000,0,11,0,0,1,1,0,1,1,1,0,1,0,0000000,99,98,99,98,88,88,0,0,0,1,0
48,482559,1,1,0,1,1,1,1,423,7070,10,10,2016,2,15,56,1,2,3,98,2,US-271,OLD GLADEWATER HWY,101,32.38145278,-95.278791670000,0,8,0,0,3,3,0,1,1,1,0,1,0,0000000,99,98,99,98,88,88,0,0,0,1,0
48,482560,1,1,0,1,1,1,1,113,1730,11,10,2016,3,21,52,1,2,3,98,8,SL 12 LEDBETTER DR,CORRIGAN DR,318,32.69281944,-96.775419440000,0,8,0,0,1,1,0,1,3,10,0,10,0,0000000,99,99,99,99,88,88,0,0,0,1,0
48,482561,3,3,0,0,0,3,3,227,0,15,8,2016,2,14,57,1,1,1,1,1,I-20,,393,32.30183056,-101.252152780000,0,12,8,0,1,1,0,1,1,1,0,1,0,0000000,14,28,14,43,15,51,0,0,0,1,1
48,482562,2,2,0,0,0,2,2,201,3280,11,9,2016,1,2,38,1,2,1,1,7,I-69/US-59,,120,29.70402778,-95.514036110000,0,12,7,1,18,1,0,1,2,1,0,1,0,0000000,99,98,99,98,88,88,0,0,0,1,1
48,482563,2,2,0,0,0,2,2,201,3280,12,9,2016,2,9,20,0,8,98,98,6,ALGIERS RD,BURNSIDE,0,29.84536111,-95.542663890000,0,12,6,0,2,2,0,1,1,10,0,10,0,0000000,9,21,9,40,10,13,0,0,0,1,0
48,482564,1,1,0,0,0,1,1,37,0,16,9,2016,6,2,0,0,1,5,98,2,US-259,,218,33.38544722,-94.680111110000,0,59,0,0,1,1,0,4,2,10,0,10,0,0000000,99,98,99,98,88,88,0,0,0,1,1
48,482565,1,1,0,0,0,1,1,355,1550,22,9,2016,5,2,38,1,2,1,1,1,I-37,,163,27.88642222,-97.625766670000,0,52,0,0,1,1,0,10,2,1,0,1,0,0000000,99,98,99,98,88,88,0,0,0,1,0
48,482566,1,1,0,0,0,1,1,37,0,26,9,2016,2,20,15,1,1,1,1,1,I-30,,78,33.38465000,-94.602200000000,0,21,0,1,19,1,0,10,2,1,0,1,0,0000000,99,98,99,98,88,88,0,0,0,1,0
48,482567,1,1,0,0,0,1,1,29,6090,3,10,2016,2,13,45,0,8,98,98,6,GROWDEN,,0,29.39875556,-98.567225000000,0,30,0,0,1,1,0,4,1,1,0,1,0,0000000,99,99,99,99,88,88,0,0,0,1,0
48,482568,2,2,0,0,0,2,2,349,0,4,10,2016,3,14,23,0,1,4,98,3,SR-14,,63,31.84849167,-96.447338890000,0,12,8,0,1,1,0,1,1,1,0,1,0,0000000,99,98,99,98,88,88,0,0,0,1,0
48,482569,1,1,0,0,0,1,1,201,0,6,10,2016,5,21,46,0,8,98,98,4,CR-ANTOINE DR,,0,29.89548889,-95.480016670000,0,42,0,0,1,1,0,3,2,1,0,1,0,0000000,99,98,99,98,88,88,0,0,0,1,0
48,482570,2,1,1,0,3,1,4,201,3280,6,10,2016,5,23,54,1,2,1,1,1,I-45 GULF FWY,,141,29.66641667,-95.260394440000,0,14,0,0,1,1,0,2,3,1,0,1,0,0000000,23,56,0,6,0,30,23,0,0,1,0
48,482571,4,4,0,0,0,6,6,267,0,6,10,2016,5,23,3,1,1,1,1,1,I-10,,162,30.52228056,-99.876561110000,0,12,1,0,1,1,0,1,2,1,0,1,0,0000000,99,99,99,99,99,99,26,0,0,1,0
48,482572,1,1,0,0,0,1,1,289,0,6,10,2016,5,18,45,1,1,1,1,1,I-45,,120,31.26400000,-95.988000000000,0,1,0,0,1,1,0,1,5,1,0,1,0,0000000,99,98,99,98,88,88,0,0,0,1,0
48,482573,1,1,0,0,0,2,2,313,0,6,10,2016,5,5,59,0,8,98,98,4,CR-BATSON LOOP,,0,31.00408889,-96.108930560000,0,34,0,0,1,1,0,4,2,1,0,1,0,0000000,99,98,99,98,88,88,0,0,0,1,1
48,482574,4,4,0,0,0,11,11,29,6090,7,10,2016,6,15,27,0,8,98,98,6,MARBACH RD,,0,29.41779444,-98.672183330000,0,12,10,0,1,1,0,1,1,10,0,10,0,0000000,99,99,99,99,88,88,0,0,0,1,0
48,482575,1,1,0,1,1,1,1,61,0,7,10,2016,6,22,45,1,1,3,98,3,SR-100,,212,26.08113056,-97.256638890000,0,8,0,0,1,1,0,1,3,10,0,10,0,0000000,99,98,99,98,88,88,0,0,0,1,0
48,482576,2,2,0,0,0,3,3,203,4360,7,10,2016,6,19,50,0,2,4,98,3,SR-154/VAN ZANDT ST,SL 390/ERNEST F SMITH PKWY,29,32.55962500,-94.395572220000,0,12,6,0,2,2,0,1,3,10,0,10,0,0000000,20,1,20,7,20,21,0,0,0,2,0
48,482577,1,1,0,0,0,1,1,29,6090,8,10,2016,7,3,23,1,2,1,1,1,I-10,,66,29.42878611,-98.415733330000,0,24,0,0,1,1,0,4,3,1,0,1,0,0000000,99,98,99,98,88,88,0,0,0,1,1
48,482578,1,1,0,0,0,2,2,491,0,8,10,2016,7,11,41,0,2,5,98,8,FM 2243,,136,30.59533056,-97.800361110000,0,42,0,0,1,1,0,4,9,99,0,99,0,0000000,99,98,99,98,88,88,0,0,0,2,0
48,482579,2,2,0,0,0,2,2,201,3280,9,10,2016,1,23,5,0,8,98,98,6,HAMILTON ST,,0,29.73419444,-95.371586110000,0,23,0,1,19,1,0,4,2,1,0,1,0,0000000,99,98,99,98,88,88,14,0,0,1,1
48,482580,2,2,0,0,0,2,2,27,6810,10,10,2016,2,13,49,1,2,1,1,1,I-35,,216,31.09331944,-97.377791670000,0,12,1,0,1,1,1,1,1,1,0,1,0,0000000,99,98,99,98,88,88,0,0,0,1,0
48,482581,3,2,1,0,1,2,3,61,6110,10,10,2016,2,13,0,1,2,1,1,1,I-69E,,102,26.14956111,-97.667063890000,0,45,0,0,1,1,2,2,1,1,0,1,0,0000000,99,99,99,99,99,99,0,0,0,1,0
48,482582,2,2,0,0,0,3,3,467,0,10,10,2016,2,23,5,0,8,98,98,4,CR-4TH ST,,0,32.71573056,-96.007438890000,0,53,0,0,1,1,0,4,2,10,0,10,0,0000000,99,99,99,99,99,99,20,0,0,1,0
48,482583,1,1,0,1,1,1,1,29,6090,12,10,2016,4,20,43,0,8,98,98,6,ZARZAMORA ST,,0,29.43318056,-98.526316670000,0,8,0,0,1,1,0,1,3,1,0,1,0,0000000,99,98,99,98,88,88,0,0,0,1,0
48,482584,1,1,0,1,1,2,2,201,0,12,10,2016,4,21,45,0,2,3,98,8,FM 1960,,295,29.99877500,-95.192930560000,0,8,0,0,1,1,0,1,2,10,0,10,0,0000000,99,98,99,98,88,88,0,0,0,1,0
48,482585,1,1,0,0,0,1,1,453,330,12,10,2016,4,23,53,0,8,98,98,6,METROPOLIS DR,,0,30.20368889,-97.706825000000,0,24,0,0,1,1,0,4,3,1,0,1,0,0000000,99,98,99,98,88,88,0,0,0,1,0
48,482586,1,1,0,0,0,1,1,139,7270,14,10,2016,6,11,25,1,2,1,1,7,I-35,,279,32.47442500,-96.835869440000,0,21,0,0,1,1,1,5,1,10,0,10,0,0000000,99,99,99,99,99,99,0,0,0,1,0
48,482587,1,1,0,0,0,1,1,141,2190,15,10,2016,7,10,42,1,2,1,1,1,I-10,,249,31.78078889,-106.416308330000,0,25,0,0,1,1,0,3,1,1,0,1,0,0000000,10,43,10,52,11,3,0,0,0,1,1
48,482588,2,2,0,0,0,4,4,173,0,16,9,2016,6,23,45,0,1,5,98,8,RR 33,,189,31.83026111,-101.473630560000,0,12,6,0,1,1,0,1,2,10,0,10,0,0000000,23,41,23,47,1,0,0,0,0,1,1
48,482589,2,2,0,0,0,3,3,355,1550,24,9,2016,7,16,54,0,8,98,98,6,OCEAN DR,,0,27.77646111,-97.393400000000,0,12,2,0,1,1,1,1,1,1,0,1,0,0000000,17,2,17,4,17,20,0,0,0,1,0
48,482590,2,1,1,2,2,1,1,139,0,3,10,2016,2,19,0,1,2,1,1,1,I-35,,180,32.34130000,-96.855830560000,0,8,0,0,1,1,1,4,1,1,0,1,0,0000000,99,99,99,99,99,99,0,0,0,2,0
48,482591,1,1,0,0,0,1,1,1,0,4,10,2016,3,8,58,1,1,3,98,2,US-79,,88,31.78395556,-95.608283330000,0,1,0,0,1,1,0,4,1,1,0,1,0,0000000,99,98,99,98,88,88,0,0,0,1,1
48,482592,2,2,0,0,0,2,2,29,6090,12,10,2016,4,17,5,0,8,98,98,6,BABCOCK RD,ROANOKE RUN RD,0,29.51415556,-98.592052780000,0,12,6,0,2,3,0,1,1,1,0,1,0,0000000,99,99,99,99,99,99,0,0,0,1,0
48,482593,1,1,0,1,1,1,1,113,1730,12,10,2016,4,19,23,1,2,3,98,8,SL-12 GREAT TRINITY FOREST WAY,,210,32.71307222,-96.700397220000,0,8,0,0,1,1,0,1,3,1,0,1,0,0000000,99,99,99,99,99,99,0,0,0,1,0
48,482594,1,1,0,1,1,1,1,201,3280,13,10,2016,5,10,30,0,8,98,98,6,SAN FELIPE ST,,0,29.74998056,-95.477102780000,0,8,0,0,1,1,0,1,1,1,0,1,0,0000000,10,35,10,49,11,16,0,0,0,1,0
48,482595,2,2,0,0,0,2,2,201,3280,15,10,2016,7,20,7,0,8,98,98,6,COLLINGSWORTH,BROYLES,0,29.79346667,-95.327811110000,0,12,6,0,3,2,0,1,3,1,0,1,0,0000000,20,7,20,18,21,15,0,0,0,1,0
48,482596,2,2,0,0,0,3,3,365,1200,15,10,2016,7,0,55,1,2,3,98,2,US-59,FORSYTHE ST,6,32.14793611,-94.323844440000,0,12,6,0,2,2,0,1,3,1,0,1,0,0000000,99,98,99,98,88,88,0,0,0,2,1
48,482597,1,1,0,0,0,2,2,439,2450,15,10,2016,7,0,23,1,2,1,1,1,I-35W NORTH FWY,,40,32.94869722,-97.310575000000,0,43,0,0,1,1,0,4,2,10,0,10,0,0000000,0,24,0,29,1,3,0,0,0,1,1
48,482598,1,1,0,0,0,1,1,201,3280,16,10,2016,1,22,20,0,8,98,98,6,HARDY RD,,0,29.82756389,-95.354916670000,0,21,0,0,1,1,0,4,2,1,0,1,0,0000000,99,98,99,98,88,88,0,0,0,1,1
48,482599,1,1,0,0,0,1,1,355,0,16,10,2016,1,20,0,0,8,98,98,4,CR-NAVIGATION BLVD,,0,27.82586944,-97.448077780000,0,43,0,0,1,1,0,5,2,1,0,1,0,0000000,19,55,20,4,20,23,0,0,0,1,0
48,482600,1,1,0,1,1,1,1,453,330,18,9,2016,1,21,55,0,8,98,98,6,1ST ST,ST ELMO RD,0,30.22101111,-97.772911110000,0,8,0,0,3,2,0,1,3,1,0,1,0,0000000,99,98,99,98,88,88,0,0,0,1,0
48,482601,1,1,0,1,1,2,2,227,640,24,9,2016,7,9,44,1,2,3,98,2,US-87 GREGG ST,19TH ST,235,32.23640000,-101.472436110000,0,8,0,0,3,3,0,1,1,1,0,1,0,0000000,9,45,9,52,9,58,0,0,0,1,0
48,482602,2,2,0,0,0,2,2,453,0,3,10,2016,2,2,4,0,1,3,98,7,US-183/SR-130,,558,30.06794167,-97.692961110000,0,12,1,0,1,1,0,1,2,1,0,1,0,0000000,99,98,99,98,88,88,0,0,0,1,1
48,482603,1,1,0,1,1,1,1,113,2590,6,10,2016,5,5,22,0,8,98,98,6,PGB TURNPIKE TOLLWAY,,0,32.79076944,-97.018780560000,0,8,0,1,18,1,0,1,2,1,0,1,0,0000000,99,98,99,98,88,88,0,0,0,1,0
48,482604,2,2,0,0,0,2,2,245,5470,8,10,2016,7,18,32,1,2,3,98,8,FM 366 MAGNOLIA AVE,10TH,38,29.98336667,-93.967697220000,0,12,6,0,2,2,0,1,1,1,0,1,0,0000000,99,99,99,99,99,99,0,0,0,1,0
48,482605,1,1,0,0,0,1,1,453,9997,9,10,2016,1,15,53,0,8,98,98,6,ANDERSON MILL RD,,0,30.48883889,-97.859263890000,0,33,0,0,1,1,0,3,1,1,0,1,0,0000000,99,98,99,98,88,88,0,0,0,1,0
48,482606,1,1,0,1,1,1,1,37,3924,9,10,2016,1,20,28,0,1,5,98,8,FM 1398 BARKMAN CREEK RD,,57,33.46904444,-94.220086110000,0,8,0,0,1,1,0,1,2,1,0,1,0,0000000,99,98,99,98,88,88,0,0,0,1,0
48,482607,1,1,0,0,0,3,3,5,0,10,10,2016,2,13,50,1,1,3,98,2,US-59,,139,31.13789722,-94.808533330000,0,43,0,0,1,1,0,3,1,1,0,1,0,0000000,99,99,99,99,99,99,0,0,0,1,0
48,482608,2,2,0,0,0,2,2,37,0,10,10,2016,2,17,13,0,1,6,98,2,US-259,FM 1701,69,33.51296944,-94.638055560000,0,12,2,0,2,3,0,1,1,1,0,1,0,0000000,99,99,99,99,99,99,0,0,0,1,0
48,482609,7,7,0,1,1,13,13,113,1730,10,10,2016,2,19,50,1,2,1,1,1,I-35 E STEMMONS FWY,,169,32.78300000,-96.811700000000,0,8,0,0,1,1,0,1,3,1,0,1,0,0000000,99,98,99,98,88,88,0,0,0,1,0
48,482610,2,1,1,0,0,4,4,113,1730,10,10,2016,2,18,52,0,8,98,98,6,NORWICH ST,,0,32.78231667,-96.882547220000,0,14,0,0,1,1,0,4,5,1,0,1,0,0000000,99,99,99,99,99,99,0,0,0,3,0
48,482611,1,1,0,1,1,1,1,477,0,10,10,2016,2,15,15,0,8,98,98,4,CR-801 BERLIN RD,,0,30.18096667,-96.441088890000,0,8,0,0,1,1,0,1,1,1,0,1,0,0000000,99,99,99,99,99,99,0,0,0,1,0
48,482612,1,1,0,1,1,2,2,361,0,11,10,2016,3,20,30,1,1,1,1,1,I-10,,123,30.13063056,-93.910811110000,0,8,0,1,20,1,1,1,2,1,0,1,0,0000000,99,98,99,98,88,88,0,0,0,1,0
48,482613,3,3,0,0,0,6,6,29,6090,12,10,2016,4,11,27,1,2,1,1,1,I-35,,168,29.35065556,-98.533613890000,0,12,1,1,18,1,0,1,1,1,0,1,0,0000000,99,99,99,99,99,99,14,23,0,1,0
48,482614,2,1,1,0,0,1,1,39,2490,13,10,2016,5,19,10,0,8,98,98,6,R AVE,STRATTON,0,28.98038889,-95.364686110000,0,33,0,0,1,1,0,4,5,1,0,1,0,0000000,99,98,99,98,88,88,14,0,0,1,0
48,482615,3,3,0,0,0,4,4,441,0,13,10,2016,5,7,43,1,1,1,1,1,I-20,,46,32.48289167,-100.090247220000,0,57,0,0,1,1,0,3,4,10,0,10,0,0000000,99,99,99,99,99,99,0,0,0,1,0
48,482616,1,1,0,0,0,3,3,201,3280,14,10,2016,6,1,16,1,2,1,1,1,I-45 NORTH FWY,,354,29.91218889,-95.412680560000,0,52,0,1,19,1,0,10,3,10,0,10,0,0000000,1,15,1,19,1,47,0,0,0,1,0
48,482617,2,2,0,0,0,2,2,113,1730,15,10,2016,7,23,0,1,2,1,1,1,I-20 LBJ FWY,,140,32.64236389,-96.827044440000,0,12,7,1,18,1,0,1,3,1,0,1,0,0000000,99,99,99,99,99,99,0,0,0,1,0
48,482618,1,1,0,0,0,1,1,113,1730,15,10,2016,7,6,10,9,9,99,98,3,SR-356 IRVING BLVD,,99999,32.80821667,-96.891936110000,0,52,0,0,1,1,0,3,3,1,0,1,0,0000000,99,98,99,98,88,88,0,0,0,1,1
48,482619,1,1,0,0,0,2,2,201,3890,15,10,2016,7,21,5,1,2,2,98,3,SR-146,,97,29.68783056,-95.030333330000,0,20,0,1,19,1,0,3,3,1,0,1,0,0000000,99,98,99,98,88,88,0,0,0,1,1
48,482620,1,1,0,0,0,2,2,207,0,15,10,2016,7,20,5,0,1,4,98,2,US-380,,40,33.18822222,-99.925919440000,0,11,0,0,1,1,0,1,2,1,0,1,0,0000000,99,99,99,99,99,99,0,0,0,1,0
48,482621,2,2,0,0,0,3,3,245,490,15,10,2016,7,0,45,0,2,4,98,2,US-90 COLLEGE ST,REYNOLDS RD,306,30.06527222,-94.204480560000,0,12,6,0,2,3,0,1,2,1,0,1,0,0000000,99,99,99,99,88,88,0,0,0,1,0
48,482622,2,2,0,0,0,3,3,113,1730,16,10,2016,1,3,9,1,2,2,98,8,SL 12 WALTON WALKER BLVD,,128,32.73945833,-96.919408330000,0,12,1,1,18,1,0,1,3,1,0,1,0,0000000,99,99,99,99,99,99,0,0,0,1,1
48,482623,1,1,0,1,1,1,1,201,0,16,10,2016,1,3,39,1,2,3,98,8,FM 1093 WESTHEIMER RD,,5,29.72765278,-95.659252780000,0,8,0,0,1,1,0,1,2,1,0,1,0,0000000,3,34,3,42,4,37,0,0,0,1,0
48,482624,1,1,0,0,0,1,1,399,0,16,10,2016,1,14,48,1,1,3,98,2,US-83,,132,31.90355000,-99.963352780000,0,35,0,0,1,1,0,4,1,1,0,1,0,0000000,99,98,99,98,88,88,0,0,0,1,0
48,482625,2,2,0,0,0,3,3,113,1730,17,10,2016,2,23,45,1,2,2,98,2,US-75 CENTRAL EXPY,,143,32.79729444,-96.792711110000,0,12,2,1,18,1,0,1,3,1,0,1,0,0000000,99,99,99,99,99,99,0,0,0,2,1
48,482626,1,1,0,0,0,1,1,201,0,17,10,2016,2,0,10,1,2,2,98,3,SR-249 TOMBALL PKWY,,196,29.90366667,-95.468133330000,0,59,0,0,1,1,0,4,3,1,0,1,0,0000000,99,98,99,98,88,88,0,0,0,1,1
48,482627,1,1,0,1,1,1,1,439,2450,28,7,2016,5,22,47,1,2,1,1,2,US-820 LOOP,,68,32.76826944,-97.476113890000,0,8,0,0,1,1,0,1,2,1,0,1,0,0000000,22,52,23,4,23,25,0,0,0,1,0
48,482628,1,1,0,0,0,1,1,215,5183,6,8,2016,7,2,1,1,2,1,1,1,I-2/HWY 83,,142,26.23329167,-98.371783330000,0,33,0,1,19,1,0,10,3,1,0,1,0,0000000,99,99,99,99,99,99,0,0,0,1,0
48,482629,1,1,0,0,0,1,1,201,3280,11,9,2016,1,4,30,1,2,1,1,1,I-610 SOUTH LOOP,SR-288 SOUTH HWY,61,29.68207500,-95.378961110000,0,24,0,1,5,1,0,8,6,1,0,1,0,0000000,4,33,4,48,5,5,0,0,0,1,0
48,482630,2,2,0,0,0,6,6,141,2190,29,9,2016,5,13,47,1,2,3,98,3,SR-20 MESA,CAMILLE,139,31.83294722,-106.537036110000,0,12,6,0,3,3,0,1,1,1,0,1,0,0000000,99,99,99,99,99,99,0,0,0,1,0
48,482631,2,2,0,0,0,2,2,201,3280,2,10,2016,1,4,58,1,2,1,1,1,I-69/US-59 SOUTHWEST FWY,,140,29.72484444,-95.490161110000,0,26,0,0,1,1,0,4,3,1,0,1,0,0000000,99,98,99,98,88,88,14,0,0,1,1
48,482632,1,1,0,0,0,1,1,181,0,8,10,2016,7,18,20,0,8,98,98,4,CR-KEY RD,,0,33.56955833,-96.515397220000,0,1,0,0,1,1,0,1,1,1,0,1,0,0000000,99,99,99,99,99,99,0,0,0,1,1
48,482633,1,1,0,0,0,1,1,479,3899,9,10,2016,1,1,53,0,8,98,98,6,CUATRO VIENTOS RD,,0,27.46991667,-99.448025000000,0,1,0,0,1,1,1,4,2,1,0,1,0,0000000,99,98,99,98,88,88,0,0,0,1,1
48,482634,2,2,0,0,0,3,3,223,0,10,10,2016,2,6,43,1,1,3,98,3,SR-19,,114,33.18950000,-95.588233330000,0,12,2,0,1,1,0,1,2,10,0,10,1,0000000,6,46,6,55,7,9,0,0,0,2,0