STATE,ST_CASE,VE_TOTAL,VE_FORMS,PVH_INVL,PEDS,PERNOTMVIT,PERMVIT,PERSONS,COUNTY,CITY,DAY,MONTH,YEAR,DAY_WEEK,HOUR,MINUTE,NHS,RUR_URB,FUNC_SYS,RD_OWNER,ROUTE,TWAY_ID,TWAY_ID2,MILEPT,LATITUDE,LONGITUD,SP_JUR,HARM_EV,MAN_COLL,RELJCT1,RELJCT2,TYP_INT,WRK_ZONE,REL_ROAD,LGT_COND,WEATHER1,WEATHER2,WEATHER,SCH_BUS,RAIL,NOT_HOUR,NOT_MIN,ARR_HOUR,ARR_MIN,HOSP_HR,HOSP_MN,CF1,CF2,CF3,FATALS,DRUNK_DR
48,482635,1,1,0,1,1,1,1,375,0,12,10,2016,4,1,45,1,2,3,98,8,SL335 SONCY RD,,12,35.19430000,-101.937719440000,0,8,0,0,1,1,0,1,2,10,0,10,0,0000000,99,98,99,98,88,88,0,0,0,1,0
48,482636,3,3,0,0,0,3,3,289,0,15,10,2016,7,10,55,0,1,4,98,3,SR-75,,119,31.33730556,-95.994180560000,0,12,2,0,1,1,0,1,1,1,0,1,0,0000000,10,55,11,14,11,47,14,0,0,1,0
48,482637,3,3,0,0,0,7,7,27,570,17,10,2016,2,9,7,1,1,3,98,2,US-190,,235,31.05566111,-97.533483330000,0,12,1,0,1,1,0,1,1,1,0,1,0,0000000,99,98,99,98,88,88,19,0,0,1,0
48,482638,1,1,0,1,1,1,1,245,490,17,10,2016,2,23,46,1,2,3,98,8,SP380 MLK,,120,30.05247500,-94.080519440000,0,8,0,0,1,1,0,1,2,1,0,1,0,0000000,99,99,99,99,99,99,0,0,0,1,0
48,482639,2,2,0,0,0,2,2,135,5030,4,9,2016,1,14,0,1,2,1,1,1,I-20,,352,31.82947778,-102.350177780000,0,12,7,0,1,1,0,1,1,1,0,1,0,0000000,14,1,14,6,14,17,0,0,0,1,0
48,482640,2,2,0,0,0,2,2,135,5030,8,8,2016,2,19,26,0,8,98,98,6,8TH ST,,0,31.85781944,-102.358416670000,0,12,6,0,8,1,0,1,1,1,0,1,0,0000000,19,27,19,30,19,41,0,0,0,1,0
48,482641,1,1,0,0,0,3,3,215,5183,17,8,2016,4,2,24,1,2,1,1,7,I-2/PALMAVISTA DR,SHOWERS RD,117,26.23883056,-98.411197220000,0,21,0,1,3,3,0,4,3,1,0,1,0,0000000,99,99,99,99,99,99,20,0,0,1,1
48,482642,1,1,0,0,0,3,3,303,4140,30,8,2016,3,1,21,0,8,98,98,6,28TH ST,,0,33.56913056,-101.865488890000,0,5,0,0,1,1,0,1,2,10,0,10,0,0000000,1,21,1,24,1,39,0,0,0,1,0
48,482643,1,1,0,0,0,1,1,285,0,25,9,2016,1,19,46,0,2,5,98,2,US-77A,,197,29.40598889,-97.026211110000,0,23,0,0,1,1,0,4,1,1,0,1,0,0000000,99,98,99,98,88,88,0,0,0,1,0
48,482644,2,2,0,0,0,3,3,209,0,1,10,2016,7,21,17,1,1,3,98,2,US-290,,144,30.19628056,-98.004869440000,0,12,6,0,1,1,0,1,3,1,0,1,0,0000000,99,99,99,99,99,99,0,0,0,1,0
48,482645,1,1,0,1,1,1,1,201,3280,3,10,2016,2,13,40,0,8,98,98,6,GREENS RD,HARDY RD,0,29.95171111,-95.384761110000,0,33,0,1,3,3,1,3,1,1,0,1,0,0000000,99,98,99,98,88,88,0,0,0,1,0
48,482646,1,1,0,0,0,1,1,289,3939,3,10,2016,2,9,11,1,1,1,1,7,I-45,,44,31.15138056,-95.984180560000,0,35,0,0,1,1,0,4,1,1,0,1,0,0000000,9,16,9,24,10,20,0,0,0,1,0
48,482647,1,1,0,0,0,1,1,339,1510,5,10,2016,4,21,10,1,2,1,1,1,I-45RAMP,,118,30.27084722,-95.456283330000,0,33,0,1,19,1,0,10,2,1,0,1,0,0000000,99,99,99,99,99,99,0,0,0,1,0
48,482648,1,1,0,0,0,1,1,113,1730,7,10,2016,6,21,34,1,2,2,98,2,US-75/NORTH CENTRAL EXPY RAMP,,145,32.79573889,-96.792847220000,0,23,0,1,19,1,0,4,3,1,0,1,0,0000000,99,99,99,99,99,99,0,0,0,1,1
48,482649,1,1,0,0,0,1,1,113,2310,7,10,2016,6,4,20,1,2,1,1,1,I-35E,,284,32.92102500,-96.899275000000,0,25,0,0,1,1,1,3,3,2,0,2,0,0000000,4,20,4,30,5,0,0,0,0,1,0
48,482651,2,2,0,0,0,2,2,29,6090,9,10,2016,1,11,58,0,8,98,98,6,NEW BRAUNFELS AVE,HAMMOND ST,0,29.39948056,-98.461238890000,0,12,6,0,2,2,0,1,1,1,0,1,0,0000000,99,99,99,99,99,99,0,0,0,1,0
48,482652,2,2,0,0,0,4,4,85,4230,9,10,2016,1,9,34,1,2,3,98,2,US-380 UNIVERSITY DR,LAKE FOREST DR,71,33.21816389,-96.679438890000,0,12,6,0,2,2,0,1,1,1,0,1,0,0000000,9,34,9,39,9,52,0,0,0,1,0
48,482653,1,1,0,0,0,1,1,331,0,9,10,2016,1,13,35,1,1,3,98,2,US-79,,66,30.78046944,-96.728086110000,0,34,0,0,1,1,0,4,1,1,0,1,0,0000000,99,98,99,98,88,88,0,0,0,1,0
48,482655,2,1,1,0,1,2,3,339,0,11,10,2016,3,2,45,0,1,5,98,8,FM1485,,46,30.14725556,-95.137697220000,0,14,0,0,1,1,0,4,2,1,0,1,0,0000000,99,99,99,99,99,99,0,0,0,1,1
48,482656,1,1,0,0,0,1,1,39,0,12,10,2016,4,21,44,0,1,4,98,3,SR-35,OLD FM524,562,29.08312222,-95.751066670000,0,46,0,0,3,2,0,4,3,1,0,1,0,0000000,99,99,99,99,99,99,0,0,0,1,0
48,482657,2,2,0,0,0,3,3,291,3980,12,10,2016,4,9,45,0,2,4,98,3,SR-146 VETERANS MEMORIAL,SL227 MAIN ST,298,30.07907778,-94.774341670000,0,12,11,0,2,2,0,1,1,1,0,1,0,0000000,99,99,99,99,99,99,0,0,0,1,0
48,482658,2,2,0,0,0,6,6,39,0,14,10,2016,6,8,29,0,1,5,98,8,FM2611,,86,28.96545278,-95.538280560000,0,12,6,0,1,1,0,1,1,1,0,1,0,0000000,8,29,8,44,9,56,0,0,0,1,0
48,482659,1,1,0,0,0,1,1,187,3698,15,10,2016,7,0,49,0,8,98,98,6,PRAIRIE LEA RD,,0,29.65815556,-97.817636110000,0,1,0,0,1,1,0,4,2,1,0,1,0,0000000,99,98,99,98,88,88,0,0,0,1,0
48,482660,1,1,0,0,0,1,1,499,0,15,10,2016,7,23,43,0,1,4,98,3,SR-11,,24,32.95343333,-95.262541670000,0,1,0,0,1,1,0,4,2,1,0,1,0,0000000,99,98,99,98,88,88,0,0,0,1,1
48,482661,1,1,0,1,1,1,1,113,1730,16,10,2016,1,20,31,0,8,98,98,6,EWING6 AVE,,0,32.73522778,-96.811438890000,0,8,0,0,1,1,0,1,3,1,0,1,0,0000000,99,99,99,99,99,99,0,0,0,1,0
48,482663,2,2,0,0,0,2,2,15,0,17,10,2016,2,6,9,0,1,5,98,8,FM3013,,72,29.68465833,-96.218825000000,0,12,6,0,8,1,0,1,2,1,0,1,0,0000000,99,99,99,99,99,99,0,0,0,1,0
48,482664,2,2,0,0,0,2,2,117,0,17,10,2016,2,9,40,0,2,4,98,2,US-385,,245,34.84180000,-102.405319440000,0,12,1,0,1,1,1,1,1,1,0,1,0,0000000,99,99,99,99,99,99,0,0,0,1,0
48,482665,2,2,0,0,0,2,2,221,0,17,10,2016,2,8,55,0,1,5,98,3,SR-144,FM2425,92,32.33237222,-97.754716670000,0,12,6,0,2,2,0,1,1,1,0,1,0,0000000,99,99,99,99,99,99,0,0,0,1,0
48,482666,1,1,0,1,1,1,1,113,1730,18,10,2016,3,9,0,0,8,98,98,6,HAMPTON RD,DAVIS ST,0,32.74943333,-96.856675000000,0,8,0,0,2,2,0,1,1,1,0,1,0,0000000,99,98,99,98,88,88,0,0,0,1,0
48,482667,1,1,0,0,0,1,1,181,0,18,10,2016,3,22,20,0,8,98,98,4,CR-HACKBERRY RD,,0,33.43468889,-96.623169440000,0,53,0,0,1,1,0,4,2,1,0,1,0,0000000,99,98,99,98,88,88,0,0,0,1,1
48,482668,3,3,0,0,0,4,4,201,3280,18,10,2016,3,8,5,1,2,1,1,1,I-610,,74,29.81276111,-95.351416670000,0,12,1,1,18,1,0,1,1,1,0,1,0,0000000,8,6,8,13,8,41,0,0,0,1,0
48,482669,2,2,0,0,0,3,3,241,0,18,10,2016,3,13,0,0,1,4,98,2,US-190,,84,30.88510000,-94.067813890000,0,12,2,0,1,1,0,1,1,1,0,1,0,0000000,99,99,99,99,99,99,0,0,0,1,0
48,482670,2,2,0,0,0,2,2,183,0,19,10,2016,4,1,22,1,1,1,1,1,I-20,,93,32.43466389,-94.822802780000,0,12,1,0,1,1,0,1,2,1,0,1,0,0000000,99,98,99,98,88,88,0,0,0,1,0
48,482671,2,2,0,0,0,4,4,27,0,20,10,2016,5,7,35,0,8,98,98,4,CR-OLD TX 95,,0,30.99580278,-97.362400000000,0,12,6,0,1,1,0,4,1,10,0,10,0,0000000,7,38,7,53,8,23,0,0,0,1,0
48,482672,1,1,0,0,0,1,1,113,1730,20,10,2016,5,4,15,1,2,1,1,7,I-635 LBJ FWY,,135,32.91021667,-96.887080560000,0,18,0,0,5,1,0,8,3,1,0,1,0,0000000,99,99,99,99,99,99,0,0,0,1,0
48,482673,2,2,0,0,0,2,2,29,6090,21,10,2016,6,6,4,0,8,98,98,6,GREEN MOUNTAIN RD,,0,29.60620556,-98.367988890000,0,12,2,0,1,1,0,1,2,1,0,1,0,0000000,99,99,99,99,99,99,0,0,0,1,0
48,482674,2,2,0,0,0,3,3,231,2860,21,10,2016,6,17,17,1,2,3,98,2,US-69 JOE RAMSEY BLVD RAMP,,73,33.11149167,-96.089208330000,0,12,6,0,8,1,0,1,1,1,0,1,0,0000000,17,21,17,27,17,43,0,0,0,1,0
48,482675,1,1,0,1,1,2,2,245,490,21,10,2016,6,6,14,1,2,3,98,2,US-90 COLLEGE ST,,6,30.06752778,-94.179900000000,0,9,0,0,1,1,0,1,2,1,0,1,0,0000000,99,99,99,99,99,99,0,0,0,1,0
48,482676,3,3,0,0,0,3,3,325,0,21,10,2016,6,4,50,0,1,4,98,3,SR-16,,14,29.66192500,-98.823677780000,0,12,2,0,1,1,0,1,2,1,0,1,0,0000000,99,99,99,99,99,99,0,0,0,1,1
48,482677,1,1,0,0,0,1,1,419,0,21,10,2016,6,14,11,0,1,4,98,3,SR-87,,214,31.77967778,-94.107611110000,0,53,0,0,1,1,0,4,1,1,0,1,0,0000000,99,99,99,99,99,99,0,0,0,1,0
48,482678,1,1,0,0,0,1,1,491,5990,21,10,2016,6,13,46,1,2,1,1,1,I-35,,62,30.57331667,-97.692980560000,0,52,0,0,1,1,0,4,1,1,0,1,0,0000000,99,98,99,98,88,88,0,0,0,1,0
48,482679,3,2,1,1,2,2,3,113,3420,22,10,2016,7,10,32,1,2,1,1,1,I-635 LBJ FWY,,27,32.91027222,-96.934566670000,0,14,0,0,5,1,0,8,1,1,0,1,0,0000000,11,4,11,9,11,33,15,0,0,1,1
48,482680,1,1,0,0,0,2,2,183,0,22,10,2016,7,9,7,0,1,4,98,2,US-259,,71,32.61443611,-94.757155560000,0,1,0,0,1,1,0,1,1,1,0,1,0,0000000,9,7,9,18,9,33,0,0,0,1,0
48,482681,1,1,0,0,0,1,1,439,2450,22,10,2016,7,2,58,1,2,1,1,1,I-35/SOUTH FREEWAYRAMP,,12,32.66433056,-97.318111110000,0,33,0,1,19,1,0,4,2,1,0,1,0,0000000,3,1,3,9,88,88,0,0,0,1,1
48,482682,2,2,0,0,0,2,2,453,330,22,10,2016,7,12,24,0,8,98,98,6,PECAN BROOKS,,0,30.31728056,-97.658766670000,0,12,2,0,1,1,0,1,1,1,0,1,0,0000000,12,24,12,33,12,59,0,0,0,1,0
48,482683,1,1,0,0,0,1,1,91,0,23,10,2016,1,8,22,0,2,4,98,8,FM 2722,,23,29.78391944,-98.221019440000,0,38,0,0,1,1,0,5,2,10,0,10,0,0000000,99,98,99,98,88,88,0,0,0,1,1
48,482684,1,1,0,0,0,2,2,339,0,23,10,2016,1,16,35,0,1,5,98,8,FM 149,,56,30.53405000,-95.739038890000,0,32,0,0,1,1,1,4,1,10,0,10,0,0000000,99,99,99,99,99,99,0,0,0,1,0
48,482685,1,1,0,0,0,2,2,381,150,23,10,2016,1,5,51,0,8,98,98,6,GEORGIA ST,,0,35.18015000,-101.866147220000,0,38,0,0,1,1,0,5,3,1,0,1,0,0000000,5,55,6,1,6,30,0,0,0,1,0
48,482686,1,1,0,0,0,1,1,497,0,23,10,2016,1,6,6,0,8,98,98,4,CR-4925,,0,32.99281389,-97.415547220000,0,1,0,0,1,1,0,4,2,1,0,1,0,0000000,99,98,99,98,88,88,0,0,0,1,1
48,482687,2,2,0,0,0,5,5,27,3690,24,10,2016,2,17,54,0,8,98,98,6,STAGECOACH RD,,0,31.05443611,-97.699300000000,0,1,0,0,8,1,0,1,1,10,0,10,0,0000000,17,55,17,59,18,16,0,0,0,1,0
48,482688,1,1,0,0,0,1,1,41,970,24,10,2016,2,16,0,1,2,2,98,2,US-190/EARL RUDDER FWY,,222,30.71816667,-96.384608330000,0,21,0,0,1,1,0,3,1,1,0,1,0,0000000,99,99,99,99,99,99,0,0,0,1,0
48,482689,2,2,0,0,0,3,3,439,2450,24,10,2016,2,11,27,1,2,3,98,3,SR-183/28TH ST,CHESTNUT AVE,79,32.79513056,-97.338761110000,0,12,6,0,2,2,0,1,1,1,0,1,0,0000000,11,28,11,43,12,15,0,0,0,1,0
48,482690,2,2,0,0,0,3,3,5,4160,25,10,2016,3,11,28,1,2,3,98,2,US-69/ELLEN TROUT DR,MARTIN LUTHER KING DR,90,31.37079722,-94.724536110000,0,12,6,0,2,2,0,1,1,1,0,1,0,0000000,99,99,99,99,99,99,0,0,0,1,0
48,482691,1,1,0,1,1,2,2,201,0,26,10,2016,4,6,55,0,8,98,98,4,CR-ALDINE MAIL RD,,0,29.90248889,-95.328780560000,0,8,0,0,1,1,0,1,2,1,0,1,0,0000000,99,99,99,99,88,88,0,0,0,1,0
48,482692,2,2,0,1,1,2,2,423,7070,26,10,2016,4,19,55,1,2,3,98,3,SR-64/ERWIN ST,,78,32.35350278,-95.344341670000,0,8,0,0,1,1,0,1,3,1,0,1,0,0000000,99,99,99,99,99,99,0,0,0,1,0
48,482693,1,1,0,1,1,1,1,201,3280,17,8,2016,4,6,19,1,2,2,98,7,US-59/CHARTRES ST,RUNNELS ST,35,29.76142500,-95.349436110000,0,8,0,1,3,2,0,1,3,10,0,10,0,0000000,99,99,99,99,99,99,0,0,0,1,0
48,482694,2,2,0,0,0,5,5,365,0,26,9,2016,2,7,2,1,1,3,98,2,US-59,,33,32.27668056,-94.350288890000,0,12,1,0,1,1,0,1,4,1,0,1,0,0000000,7,6,7,20,8,4,23,0,0,1,0
48,482695,2,2,0,0,0,10,10,121,5350,27,9,2016,3,19,22,0,8,98,98,6,CAROL ST,ANNA ST,0,33.40405000,-96.953816670000,0,12,6,0,2,2,0,1,1,1,0,1,0,0000000,19,11,19,23,20,1,0,0,0,1,0
48,482696,1,1,0,1,1,1,1,355,1550,29,9,2016,5,20,7,1,2,2,98,7,SR-358/PADRE ISLAND DR,,84,27.71821667,-97.390966670000,0,8,0,0,1,1,0,1,3,1,0,1,0,0000000,99,99,99,99,99,99,0,0,0,1,0
48,482697,2,2,0,1,1,4,4,113,1730,2,10,2016,1,19,25,0,8,98,98,6,ASH LN,FITZHUGH AVE,0,32.79179444,-96.759800000000,0,12,6,0,2,2,0,1,5,1,0,1,0,0000000,99,99,99,99,99,99,0,0,0,1,0
48,482698,1,1,0,1,1,1,1,121,4007,5,10,2016,4,14,11,1,2,3,98,2,US-380/UNIVERSITY DR,,282,33.21974444,-96.910444440000,0,8,0,0,1,1,1,1,1,1,0,1,0,0000000,99,99,99,99,99,99,0,0,0,1,0
48,482699,1,1,0,0,0,1,1,91,0,9,10,2016,1,7,1,1,2,3,98,8,FM 306,,27,29.87356944,-98.188330560000,0,11,0,0,1,1,0,1,4,1,0,1,0,0000000,7,3,7,5,7,20,0,0,0,1,0
48,482700,2,2,0,0,0,2,2,121,4960,9,10,2016,1,2,56,1,2,1,1,7,I-35,SR-114,30,33.02633889,-97.272816670000,0,12,6,1,2,2,0,1,2,1,0,1,0,0000000,99,98,99,98,88,88,0,0,0,1,1
48,482701,1,1,0,0,0,1,1,239,0,9,10,2016,1,20,38,0,1,6,98,8,FM822,,148,29.03560278,-96.704730560000,0,53,0,0,1,1,0,4,2,1,0,1,0,0000000,99,99,99,99,99,99,0,0,0,1,1
48,482702,3,3,0,0,0,8,8,141,9997,14,10,2016,6,20,29,0,2,4,98,8,FM258 SICIRRI RD,,25,31.65939722,-106.304536110000,0,12,6,0,1,1,0,1,3,10,0,10,0,0000000,21,5,21,8,21,23,0,0,0,1,1
48,482703,1,1,0,0,0,1,1,201,3280,14,10,2016,6,4,19,1,2,1,1,1,I-45 RAMP GULF FWY,,225,29.74511944,-95.363202780000,0,25,0,1,19,1,0,4,2,1,0,1,0,0000000,99,98,99,98,88,88,0,0,0,1,1
48,482704,1,1,0,1,1,2,2,277,5220,14,10,2016,6,18,12,0,8,98,98,6,LAMAR AVE,,0,33.66403056,-95.506397220000,0,8,0,0,1,1,0,1,1,10,0,10,0,0000000,18,13,18,43,19,40,0,0,0,1,0
48,482705,1,1,0,0,0,1,1,329,0,15,10,2016,7,19,17,0,8,98,98,4,CR-RICE RD,,0,32.01618611,-102.284572220000,0,1,0,0,1,1,0,4,1,1,0,1,0,0000000,19,9,19,32,20,35,0,0,0,1,1
48,482706,2,2,0,0,0,2,2,39,0,16,10,2016,1,0,33,0,1,5,98,8,FM2917,,21,29.31987222,-95.256313890000,0,12,1,0,1,1,0,1,2,1,0,1,0,0000000,99,99,99,99,99,99,23,0,0,1,1
48,482707,1,1,0,0,0,6,6,217,0,16,10,2016,1,17,53,1,1,1,1,1,I-35W,,241,32.18191667,-97.136880560000,0,1,0,0,1,1,0,4,1,1,0,1,0,0000000,18,1,18,27,18,54,0,0,0,1,0
48,482708,2,2,0,0,0,2,2,41,970,17,10,2016,2,19,54,1,2,2,98,7,US-190/SR-6 EARL RUDDER FWY,,234,30.70940000,-96.374191670000,0,12,6,1,20,1,0,1,3,1,0,1,0,0000000,99,99,99,99,99,99,0,0,0,1,1
48,482709,2,2,0,0,0,2,2,105,0,17,10,2016,2,21,11,1,1,1,1,1,I-10,,109,30.73850000,-101.654738890000,0,12,1,0,1,1,0,1,2,1,0,1,0,0000000,99,98,99,98,88,88,0,0,0,1,0
48,482710,1,1,0,0,0,1,1,201,3280,17,10,2016,2,2,39,0,8,98,98,6,ALMEDA GENOA RD,,0,29.61396667,-95.383552780000,0,1,0,0,1,1,0,4,2,1,0,1,0,0000000,99,98,99,98,88,88,0,0,0,1,1
48,482711,1,1,0,0,0,1,1,39,0,18,10,2016,3,5,44,1,1,3,98,3,SR-288,,262,29.23706944,-95.454372220000,0,42,0,0,1,1,0,4,2,10,0,10,0,0000000,99,99,99,99,99,99,0,0,0,1,0
48,482712,1,1,0,1,1,1,1,201,3280,18,10,2016,3,20,0,1,2,3,98,8,FM521 ALMEDA RD,,72,29.61400278,-95.419425000000,0,8,0,0,1,1,0,1,3,1,0,1,0,0000000,99,98,99,98,88,88,0,0,0,1,0
48,482713,2,2,0,0,0,3,3,157,253,18,10,2016,3,13,38,1,1,3,98,8,FM521,,41,29.48391944,-95.470566670000,0,12,2,0,1,1,0,1,1,1,0,1,0,0000000,13,51,14,8,14,20,0,0,0,1,0
48,482714,1,1,0,0,0,2,2,457,0,18,10,2016,3,5,50,1,1,3,98,2,US-69,,19,30.64590000,-94.399594440000,0,34,0,0,1,1,0,4,2,5,0,5,0,0000000,5,48,6,0,6,34,0,0,0,1,0
48,482715,1,1,0,0,0,1,1,113,1730,19,10,2016,4,21,0,1,2,2,98,7,US-175 CF HAWN FWY,,19,32.74390278,-96.726919440000,0,42,0,1,19,1,0,4,3,99,0,99,0,0000000,99,98,99,98,88,88,0,0,0,1,1
48,482716,1,1,0,0,0,1,1,215,0,19,10,2016,4,21,5,0,2,5,98,8,FM1423 VAL VERDE RD,,14,26.27601389,-98.070355560000,0,30,0,0,1,1,0,4,3,1,0,1,0,0000000,21,7,21,24,99,99,0,0,0,1,0
48,482717,1,1,0,0,0,1,1,453,330,19,10,2016,4,2,23,1,2,1,1,1,I-35,,152,30.23187500,-97.742450000000,0,24,0,0,1,1,0,4,3,1,0,1,0,0000000,99,98,99,98,88,88,0,0,0,1,0
48,482718,2,2,0,0,0,3,3,111,0,20,10,2016,5,6,29,1,1,3,98,2,US-54,,12,36.14293056,-102.393038890000,0,12,2,0,1,1,0,1,2,1,0,1,0,0000000,99,98,99,98,88,88,0,0,0,1,0
48,482719,1,1,0,0,0,4,4,183,3680,20,10,2016,5,7,5,1,2,3,98,2,US-259 CHARLES DUVALL PKWY,,22,32.41034722,-94.833933330000,0,1,0,0,1,1,0,1,4,10,0,10,0,0000000,99,99,99,99,99,99,0,0,0,1,0
48,482720,2,2,0,1,1,2,2,201,3280,20,10,2016,5,23,35,1,2,1,1,1,I-45 NORTH FWY,,255,29.77922222,-95.368197220000,0,8,0,1,18,1,0,1,3,1,0,1,0,0000000,99,98,99,98,88,88,0,0,0,1,0
48,482721,1,1,0,2,2,4,4,215,4197,20,10,2016,5,7,48,0,8,98,98,6,BICENTENNIAL BLVD,WHITEWING AVE,0,26.22902222,-98.235377780000,0,8,0,0,3,3,0,11,1,1,0,1,0,0000000,7,44,7,46,8,7,0,0,0,1,0
48,482722,1,1,0,0,0,1,1,439,260,20,10,2016,5,5,20,1,2,1,1,1,I-20,US-287,25,32.67113889,-97.208588890000,0,1,0,1,5,1,0,4,2,10,0,10,0,0000000,5,20,5,27,5,49,0,0,0,1,0
48,482723,2,2,0,0,0,2,2,459,0,20,10,2016,5,8,26,1,1,3,98,2,US-271,,51,32.84216111,-94.951733330000,0,12,6,0,1,1,0,1,1,2,0,2,0,0000000,8,31,8,39,9,38,0,0,0,1,0
48,482724,2,2,0,0,0,5,5,5,4160,21,10,2016,6,19,51,1,2,3,98,2,US-69 ELLEN TROUTH DR,MARTIN LUTHER KING BLVD,90,31.37081111,-94.724544440000,0,12,6,0,2,2,0,1,3,1,0,1,0,0000000,99,99,99,99,99,99,0,0,0,1,1
48,482726,1,1,0,0,0,2,2,231,0,21,10,2016,6,17,30,0,8,98,98,4,CR-2246,,0,33.00039722,-96.125233330000,0,1,0,0,1,1,0,1,1,1,0,1,0,0000000,99,99,99,99,99,99,0,0,0,1,0
48,482727,2,2,0,0,0,3,3,309,0,21,10,2016,6,15,16,0,1,5,98,8,FM 107,,38,31.29696667,-97.300111110000,0,12,6,0,1,1,0,1,1,1,0,1,0,0000000,99,99,99,99,99,99,0,0,0,3,0
48,482728,1,1,0,1,1,1,1,355,0,21,10,2016,6,1,45,1,1,1,1,1,I-69 E / US-77,,3,27.83403333,-97.634036110000,0,8,0,0,1,1,0,1,3,1,0,1,0,0000000,99,98,99,98,88,88,0,0,0,1,0
48,482729,1,1,0,0,0,2,2,367,9997,21,10,2016,6,11,5,1,1,1,1,1,I-20,,253,32.75495833,-97.697905560000,0,1,0,1,18,1,0,1,1,1,0,1,0,0000000,99,99,99,99,99,99,0,0,0,1,0
48,482730,3,3,0,0,0,8,8,399,0,21,10,2016,6,20,6,1,1,3,98,2,US-83,,190,31.81620278,-99.936050000000,0,12,8,0,1,1,0,1,2,1,0,1,0,0000000,20,23,20,46,21,25,0,0,0,1,0
48,482731,4,4,0,0,0,7,7,477,1287,21,10,2016,6,17,25,1,1,3,98,2,US-290,FM 1155,264,30.13516944,-96.257108330000,0,12,6,0,2,2,0,1,1,1,0,1,0,0000000,17,27,17,37,18,28,0,0,0,1,0
48,482732,1,1,0,0,0,2,2,51,1070,22,10,2016,7,8,45,1,1,3,98,3,SR-21 PRESIDENTIAL CORRIDOR,CR-300,127,30.54538056,-96.684869440000,0,46,0,0,3,3,0,3,1,1,0,1,0,0000000,8,43,8,49,9,39,0,0,0,1,0
48,482733,2,2,0,1,1,3,3,113,1730,22,10,2016,7,2,44,1,2,2,98,3,SR-183 JOHN W. CARPENTER FWY,,103,32.82263333,-96.878500000000,0,8,0,0,1,1,0,1,3,1,0,1,0,0000000,99,99,99,99,88,88,0,0,0,1,0
48,482734,2,2,0,0,0,1,1,167,3850,22,10,2016,7,0,8,1,2,1,1,1,I-45,,15,29.34181111,-94.947461110000,0,12,1,0,1,1,0,1,2,1,0,1,0,0000000,99,98,99,98,88,88,19,0,0,1,1
48,482735,2,2,0,0,0,2,2,199,0,22,10,2016,7,14,17,1,1,3,98,2,US-69,,33,30.33527500,-94.271100000000,0,12,2,0,1,1,0,1,1,1,0,1,0,0000000,99,98,99,98,88,88,0,0,0,2,0
48,482736,1,1,0,1,1,1,1,201,0,22,10,2016,7,5,5,1,2,2,98,3,SR-249 MOUNT HOUSTON RD,,224,29.89803611,-95.424975000000,0,8,0,0,1,1,0,1,2,1,0,1,0,0000000,99,98,99,98,88,88,0,0,0,1,0
48,482737,2,2,0,0,0,3,3,201,0,22,10,2016,7,0,34,0,8,98,98,4,CR-KUYKENDAHL RD,,0,30.01464722,-95.469275000000,0,12,2,0,1,1,0,1,2,1,0,1,0,0000000,0,30,0,37,1,15,0,0,0,1,1
48,482738,1,1,0,1,1,1,1,201,3280,22,10,2016,7,22,50,1,2,1,1,1,I-45 NORTH FWY,,262,29.78899444,-95.371533330000,0,8,0,1,18,1,0,1,2,1,0,1,0,0000000,99,98,99,98,88,88,0,0,0,1,0
48,482739,2,2,0,0,0,2,2,201,3280,22,10,2016,7,18,43,0,8,98,98,6,JENSEN DR,VAUGHN ST,0,29.82651389,-95.342633330000,0,12,6,0,2,3,0,1,5,1,0,1,0,0000000,18,44,18,48,19,10,0,0,0,1,0
48,482740,2,1,1,0,1,1,2,29,0,23,10,2016,1,2,21,1,1,1,1,1,I-37,,77,29.21005278,-98.415555560000,0,14,0,0,1,1,0,2,2,1,0,1,0,0000000,99,98,99,98,88,88,0,0,0,1,0
48,482741,1,1,0,0,0,1,1,113,5730,23,10,2016,1,0,1,0,8,98,98,6,CENTENNIAL BLVD,,0,32.93138889,-96.705536110000,0,33,0,0,1,1,0,3,3,1,0,1,0,0000000,99,98,99,98,88,88,0,0,0,1,0
48,482742,2,2,0,0,0,8,8,61,940,24,10,2016,2,2,21,1,2,3,98,8,FM 3248 ALTON GLOOR BLVD,,58,25.98033611,-97.491341670000,0,5,0,0,1,1,0,1,2,1,0,1,0,0000000,99,98,99,98,88,88,14,0,0,1,0
48,482743,2,2,0,0,0,2,2,89,0,24,10,2016,2,7,40,1,1,4,98,3,SR-71,,83,29.75025000,-96.603655560000,0,12,2,0,1,1,0,1,1,1,0,1,0,0000000,7,47,8,8,8,52,0,0,0,1,0