STATE,ST_CASE,VE_TOTAL,VE_FORMS,PVH_INVL,PEDS,PERNOTMVIT,PERMVIT,PERSONS,COUNTY,CITY,DAY,MONTH,YEAR,DAY_WEEK,HOUR,MINUTE,NHS,RUR_URB,FUNC_SYS,RD_OWNER,ROUTE,TWAY_ID,TWAY_ID2,MILEPT,LATITUDE,LONGITUD,SP_JUR,HARM_EV,MAN_COLL,RELJCT1,RELJCT2,TYP_INT,WRK_ZONE,REL_ROAD,LGT_COND,WEATHER1,WEATHER2,WEATHER,SCH_BUS,RAIL,NOT_HOUR,NOT_MIN,ARR_HOUR,ARR_MIN,HOSP_HR,HOSP_MN,CF1,CF2,CF3,FATALS,DRUNK_DR
48,482744,1,1,0,1,1,3,3,201,0,24,10,2016,2,19,35,0,8,98,98,4,CR-ALDINE MAIL RD,NORTHWOOD FOREST DR,0,29.90285556,-95.317138890000,0,8,0,0,2,3,0,1,2,1,0,1,0,0000000,99,99,99,99,99,99,0,0,0,1,0
48,482745,3,3,0,0,0,3,3,201,3280,24,10,2016,2,5,30,1,2,1,1,1,I-45 GULF FWY,,158,29.68626667,-95.278227780000,0,12,1,0,1,1,0,1,3,1,0,1,0,0000000,99,98,99,98,88,88,0,0,0,1,0
48,482746,2,2,0,0,0,2,2,201,3320,24,10,2016,2,16,36,1,2,1,1,7,I-59,FM 1960,14,30.00522778,-95.268408330000,0,12,7,1,3,2,0,1,1,1,0,1,0,0000000,99,98,99,98,88,88,0,0,0,1,0
48,482747,2,2,0,0,0,3,3,257,6830,24,10,2016,2,9,39,1,2,1,1,1,I-20,,72,32.69636111,-96.256391670000,0,1,0,0,1,1,0,3,1,1,0,1,0,0000000,99,98,99,98,88,88,0,0,0,3,0
48,482748,2,2,0,0,0,2,2,439,2450,24,10,2016,2,16,40,1,2,1,1,1,I-35 NORTH FWY,,65,32.98441111,-97.304086110000,0,12,1,0,1,1,0,1,1,1,0,1,0,0000000,16,41,16,52,17,40,27,0,0,1,0
48,482749,1,1,0,1,1,2,2,479,3899,24,10,2016,2,19,23,0,8,98,98,6,SPRINGFIELD AVE,,0,27.52850278,-99.492733330000,0,8,0,0,1,1,0,1,2,1,0,1,0,0000000,99,98,99,98,88,88,0,0,0,1,0
48,482750,1,1,0,0,0,1,1,47,0,25,10,2016,3,16,19,1,1,3,98,2,US-281,,161,27.03007222,-98.139791670000,0,1,0,0,1,1,0,3,1,1,0,1,0,0000000,16,26,16,58,17,50,0,0,0,1,0
48,482751,1,1,0,0,0,1,1,241,0,25,10,2016,3,18,56,0,1,5,98,8,FM1005,,37,30.78551389,-93.993883330000,0,32,0,0,1,1,0,4,2,1,0,1,0,0000000,99,98,99,98,88,88,0,0,0,1,0
48,482752,1,1,0,1,1,1,1,29,6090,26,10,2016,4,23,49,1,2,3,98,8,FM1502 WURZBACH PKWY,,333,29.53461389,-98.402700000000,0,8,0,0,1,1,0,1,3,1,0,1,0,0000000,99,99,99,99,99,99,19,0,0,1,0
48,482753,1,1,0,0,0,2,2,89,0,26,10,2016,4,7,37,1,1,1,1,1,I-10,,235,29.71641667,-96.465516670000,0,52,0,0,1,1,0,4,1,10,0,10,0,0000000,7,35,7,51,8,41,0,0,0,1,0
48,482754,1,1,0,0,0,1,1,201,0,26,10,2016,4,0,15,0,8,98,98,4,CR-HOLZWARTH RD,,0,30.06921944,-95.445430560000,0,59,0,0,1,1,0,4,2,1,0,1,0,0000000,99,98,99,98,88,88,0,0,0,1,1
48,482755,1,1,0,0,0,1,1,329,4560,26,10,2016,4,12,5,1,2,1,1,7,I-20,,130,31.96869444,-102.091377780000,0,43,0,0,1,1,0,4,1,1,0,1,0,0000000,99,98,99,98,88,88,0,0,0,1,0
48,482756,2,2,0,0,0,2,2,453,330,26,10,2016,4,3,20,1,2,3,98,8,RM2222 KOENIG LN,,104,30.33097222,-97.731805560000,0,12,9,0,8,1,0,1,3,1,0,1,0,0000000,99,98,99,98,88,88,0,0,0,1,1
48,482757,3,3,0,0,0,6,6,453,330,26,10,2016,4,12,7,0,2,4,98,8,FM2304 MANCHACA RD,,54,30.16990556,-97.825205560000,0,12,2,0,1,1,0,1,1,10,0,10,0,0000000,12,7,12,14,12,31,0,0,0,1,0
48,482758,2,2,0,0,0,4,4,29,6090,27,10,2016,5,0,32,0,8,98,98,6,MARBACH RD,,0,29.41783333,-98.652011110000,0,12,1,0,1,1,0,1,3,1,0,1,0,0000000,99,99,99,99,99,99,0,0,0,1,1
48,482759,1,1,0,1,1,2,2,201,0,27,10,2016,5,1,3,0,2,3,98,8,FM1960,,271,29.99943611,-95.229102780000,0,8,0,0,1,1,0,1,2,1,0,1,0,0000000,99,98,99,98,88,88,0,0,0,1,0
48,482760,1,1,0,0,0,1,1,215,4197,27,10,2016,5,2,33,1,2,1,1,1,I-2,,224,26.19357222,-98.255294440000,0,25,0,0,1,1,0,3,3,1,0,1,0,0000000,99,98,99,98,88,88,0,0,0,1,0
48,482761,2,2,0,0,0,3,3,361,7200,27,10,2016,5,23,21,1,2,3,98,8,FM105 MAIN ST,,65,30.15017778,-94.017794440000,0,12,6,0,8,1,0,1,2,1,0,1,0,0000000,99,98,99,98,88,88,0,0,0,1,0
48,482762,2,2,0,0,0,3,3,441,30,27,10,2016,5,8,30,1,2,2,98,7,SL322,OLDHAM LN FM1750,40,32.41194167,-99.708113890000,0,12,6,1,2,2,0,1,1,1,0,1,0,0000000,8,31,8,38,9,9,0,0,0,1,0
48,482763,2,2,0,0,0,2,2,395,0,28,10,2016,6,12,54,1,1,3,98,2,US-190,,103,30.77623056,-96.490783330000,0,1,0,0,1,1,0,1,1,1,0,1,0,0000000,99,99,99,99,99,99,0,0,0,1,0
48,482764,1,1,0,1,1,1,1,439,260,28,10,2016,6,5,40,1,2,2,98,3,SR-360 ANGUS G WYNNE JR FWY,,162,32.68807222,-97.062333330000,0,8,0,0,5,1,0,1,2,1,0,1,0,0000000,99,98,99,98,88,88,0,0,0,1,0
48,482765,2,2,0,0,0,3,3,141,2190,29,10,2016,7,18,43,1,2,3,98,8,FM3255 MLKING JR,JON CUNNINGHAM,59,31.92997222,-106.441461110000,0,12,2,0,2,2,0,1,3,1,0,1,0,0000000,18,44,18,50,19,10,0,0,0,2,0
48,482766,1,1,0,0,0,1,1,441,0,29,10,2016,7,22,46,1,1,1,1,1,I-20,,46,32.48117778,-100.081633330000,0,1,0,0,1,1,0,1,2,1,0,1,0,0000000,99,98,99,98,88,88,0,0,0,1,0
48,482767,1,1,0,0,0,2,2,459,0,29,10,2016,7,21,45,0,1,5,98,8,FM49,,16,32.71281944,-95.040902780000,0,42,0,0,1,1,0,4,2,1,0,1,0,0000000,21,46,21,55,22,42,0,0,0,1,1
48,482768,2,2,0,2,2,5,5,491,5990,29,10,2016,7,15,47,0,8,98,98,6,A W GRIMES BLVD,GATTIS SCHOOL RD,0,30.49610556,-97.656397220000,0,12,2,0,2,2,0,1,1,1,0,1,0,0000000,15,49,15,56,16,33,0,0,0,2,0
48,482769,1,1,0,0,0,1,1,41,970,30,10,2016,1,2,30,1,2,3,98,8,BS6R TEXAS AVE,,19,30.66170833,-96.371791670000,0,30,0,0,1,1,0,4,3,1,0,1,0,0000000,99,98,99,98,88,88,0,0,0,1,0
48,482770,3,1,2,0,0,3,3,215,7330,30,10,2016,1,8,11,0,8,98,98,6,BRIDGE ST,,0,26.13840556,-97.982125000000,0,33,0,0,1,1,0,4,1,1,0,1,0,0000000,8,19,8,38,8,57,0,0,0,1,1
48,482771,2,2,0,0,0,2,2,439,2850,30,10,2016,1,15,3,0,8,98,98,6,NORTHWEST HWY,DOOLEY ST,0,32.94105556,-97.073380560000,0,12,6,0,2,2,0,1,1,1,0,1,0,0000000,15,4,15,7,15,27,0,0,0,1,0
48,482772,1,1,0,0,0,1,1,209,6170,31,10,2016,2,23,29,0,2,5,98,8,FM 2438/HUNTER RD,,26,29.85329722,-97.972863890000,0,33,0,0,1,1,0,4,3,1,0,1,0,0000000,99,98,99,98,88,88,0,0,0,1,1
48,482773,2,2,0,0,0,2,2,439,2450,31,10,2016,2,2,42,0,8,98,98,6,BEACH ST,,0,32.75608889,-97.288511110000,0,12,2,0,1,1,0,1,3,1,0,1,0,0000000,99,98,99,98,88,88,0,0,0,1,0
48,482774,1,1,0,0,0,1,1,449,0,31,10,2016,2,2,15,0,8,98,98,4,CR-2675,,0,33.09643056,-95.123511110000,0,53,0,0,1,1,0,4,2,1,0,1,0,0000000,99,98,99,98,88,88,0,0,0,1,1
48,482775,1,1,0,0,0,2,2,201,0,1,11,2016,3,20,40,0,8,98,98,4,CR-SJOLANDER RD,,0,29.78101944,-94.941911110000,0,5,0,0,1,1,0,1,2,1,0,1,0,0000000,20,39,20,47,88,88,0,0,0,1,0
48,482776,2,2,0,0,0,2,2,221,0,1,11,2016,3,14,53,0,1,5,98,8,FM 4,CR-OAK TRAIL DR,75,32.47515000,-97.817116670000,0,12,6,0,2,3,0,1,1,1,0,1,0,0000000,14,57,15,2,15,20,0,0,0,1,0
48,482777,1,1,0,1,1,1,1,423,7070,2,11,2016,4,18,57,1,2,3,98,8,SL 323/NORTHWEST HWY,,16,32.37034444,-95.343400000000,0,8,0,0,1,1,0,1,3,10,0,10,0,0000000,99,98,99,98,88,88,0,0,0,1,0
48,482778,1,1,0,0,0,2,2,29,6090,10,8,2016,4,11,45,1,2,2,98,8,FM 1604,,264,29.53898889,-98.680522220000,0,52,0,0,5,1,0,8,1,1,0,1,0,0000000,99,99,99,99,99,99,0,0,0,1,0
48,482779,2,2,0,0,0,2,2,453,330,19,9,2016,2,17,47,0,8,98,98,6,SOUTHWEST PARKWAY,,0,30.25170556,-97.858658330000,0,12,6,0,8,1,0,1,1,1,0,1,0,0000000,17,48,17,54,18,7,0,0,0,1,0
48,482780,2,2,0,0,0,5,5,453,0,5,10,2016,4,16,9,1,2,2,98,3,SR-130/TOLL 130,,498,30.14306111,-97.663188890000,0,23,0,0,1,1,0,10,1,1,0,1,0,0000000,16,19,16,32,17,6,0,0,0,1,0
48,482781,2,2,0,0,0,2,2,201,3280,8,10,2016,7,19,38,0,8,98,98,6,BLACKHAWK BLVD,WOLCOTT PARK,0,29.61434722,-95.250775000000,0,12,6,0,2,3,0,1,1,1,0,1,0,0000000,99,98,99,98,88,88,0,0,0,1,1
48,482782,2,2,0,0,0,3,3,175,0,13,10,2016,5,13,7,1,1,3,98,2,US-59,,101,28.67897222,-97.325991670000,0,12,1,0,1,1,0,1,1,1,0,1,0,0000000,99,99,99,99,99,99,0,0,0,1,0
48,482783,2,2,0,0,0,2,2,455,0,21,10,2016,6,13,5,0,1,4,98,3,SR-19,,132,30.88883611,-95.376280560000,0,12,1,0,1,1,0,1,1,1,0,1,0,0000000,99,99,99,99,99,99,0,0,0,1,0
48,482784,2,2,0,0,0,3,3,65,0,24,10,2016,2,20,50,1,1,1,1,1,I-40,,20,35.22091944,-101.591711110000,0,12,2,0,1,1,0,1,2,1,0,1,0,0000000,20,51,21,15,99,99,0,0,0,1,0
48,482785,1,1,0,1,1,2,2,439,2450,24,10,2016,2,21,35,1,2,3,98,3,SR-180 LANCASTER AVE,,143,32.74617222,-97.312747220000,0,8,0,0,1,1,0,1,3,1,0,1,0,0000000,21,40,21,44,21,55,0,0,0,1,0
48,482787,2,2,0,0,0,2,2,373,0,26,10,2016,4,16,49,0,1,4,98,8,FM350,,45,30.69184167,-95.026350000000,0,12,1,0,1,1,0,1,1,1,0,1,1,0000000,16,43,16,52,17,28,0,0,0,1,0
48,482788,1,1,0,0,0,1,1,225,0,28,10,2016,6,8,50,0,1,5,98,2,US-287/SR-19,,143,31.36530833,-95.475522220000,0,1,0,0,1,1,0,1,1,1,0,1,0,0000000,99,98,99,98,88,88,0,0,0,1,0
48,482789,2,2,0,0,0,3,3,113,4530,29,10,2016,7,16,49,0,8,98,98,6,PIONEER RD,LESLEY LN,0,32.73870556,-96.588122220000,0,12,6,0,2,2,0,1,1,1,0,1,0,0000000,16,49,16,55,17,25,0,0,0,1,1
48,482790,1,1,0,0,0,1,1,225,0,29,10,2016,7,13,10,0,1,4,98,2,US-287,,274,31.47412778,-95.466150000000,0,1,0,0,1,1,0,4,1,1,0,1,0,0000000,99,99,99,99,99,99,0,0,0,1,0
48,482791,2,2,0,0,0,2,2,453,330,12,6,2016,1,1,53,1,2,1,1,1,I-35,,151,30.23037222,-97.743002780000,0,12,1,0,1,1,0,1,3,1,0,1,0,0000000,1,53,2,1,2,14,19,0,0,1,1
48,482792,2,2,0,0,0,2,2,39,130,29,9,2016,5,21,34,0,2,3,98,3,SR-6,1/2 ST,127,29.43170000,-95.251902780000,0,12,6,0,2,3,0,1,3,1,0,1,0,0000000,21,40,21,54,22,25,23,0,0,1,0
48,482793,2,1,1,0,1,3,4,355,1550,2,10,2016,1,5,31,1,2,1,1,1,I-37,,126,27.85185278,-97.587525000000,0,14,0,0,1,1,0,2,3,10,0,10,0,0000000,5,32,5,41,5,46,0,0,0,1,0
48,482794,2,2,0,1,1,7,7,201,3280,14,10,2016,6,21,0,1,2,1,1,1,I-45 GULF FWY,,156,29.68329444,-95.275319440000,0,8,0,0,1,1,0,1,3,1,0,1,0,0000000,99,98,99,98,88,88,0,0,0,1,0
48,482795,2,2,0,0,0,5,5,215,0,14,10,2016,6,23,32,0,2,4,98,8,FM1426,ALBERTA RD,33,26.25078889,-98.145066670000,0,12,6,0,2,2,0,1,2,1,0,1,0,0000000,0,32,0,39,0,49,0,0,0,2,0
48,482796,1,1,0,0,0,1,1,453,0,14,10,2016,6,0,28,0,8,98,98,4,CR-WOLFE LN,,0,30.15361389,-97.559583330000,0,24,0,0,1,1,0,4,2,2,0,2,0,0000000,99,98,99,98,88,88,0,0,0,1,0
48,482797,1,1,0,0,0,6,6,215,5291,15,10,2016,7,0,16,0,8,98,98,6,CIRCLE 6,,0,26.29533889,-98.453297220000,0,33,0,0,1,1,0,4,3,1,0,1,0,0000000,99,99,99,99,99,99,0,0,0,1,0
48,482798,1,1,0,0,0,1,1,453,330,15,10,2016,7,3,27,1,2,2,98,8,SL1 MOPAC,,205,30.22728889,-97.829852780000,0,30,0,0,1,1,0,4,3,10,0,10,0,0000000,99,98,99,98,88,88,0,0,0,1,0
48,482799,1,1,0,0,0,1,1,167,6213,17,10,2016,2,20,58,0,8,98,98,6,4TH ST,J AVE,0,29.38495833,-95.080447220000,0,34,0,0,3,3,0,4,2,1,0,1,0,0000000,99,98,99,98,88,88,0,0,0,1,0
48,482800,1,1,0,0,0,1,1,209,0,18,10,2016,3,13,5,0,1,4,98,8,RM12,,29,30.14998056,-98.091716670000,0,1,0,0,1,1,0,1,1,1,0,1,0,0000000,99,98,99,98,88,88,0,0,0,1,0
48,482801,2,2,0,0,0,6,6,29,0,22,10,2016,7,11,51,0,1,4,98,8,SL 1604,,42,29.43149722,-98.269988890000,0,12,2,0,1,1,0,1,1,1,0,1,0,0000000,99,99,99,99,99,99,0,0,0,2,1
48,482802,1,1,0,0,0,1,1,201,5230,22,10,2016,7,2,59,0,8,98,98,6,SHAVER ST,,0,29.67406389,-95.207997220000,0,25,0,0,1,1,0,4,3,1,0,1,0,0000000,99,98,99,98,88,88,0,0,0,1,0
48,482803,1,1,0,0,0,1,1,147,0,23,10,2016,1,17,40,0,1,5,98,3,SR-11,,106,33.47100556,-96.207605560000,0,42,0,0,1,1,0,4,6,1,0,1,0,0000000,99,98,99,98,88,88,0,0,0,1,1
48,482804,3,3,0,0,0,7,7,201,3280,23,10,2016,1,1,10,1,2,1,1,1,I-10 KATY FWY,,235,29.77723611,-95.426772220000,0,12,1,1,18,1,0,1,3,1,0,1,0,0000000,1,12,1,23,1,54,0,0,0,1,1
48,482805,1,1,0,1,1,1,1,29,1209,24,10,2016,2,14,50,1,2,1,1,7,I-410 LOOP,,196,29.51983889,-98.509080560000,0,33,0,0,1,1,0,4,1,1,0,1,0,0000000,99,98,99,98,88,88,0,0,0,1,0
48,482806,1,1,0,0,0,4,4,215,0,24,10,2016,2,2,57,0,2,4,98,8,FM 681,,255,26.34371944,-98.334625000000,0,1,0,0,1,1,0,5,2,1,0,1,0,0000000,99,99,99,99,99,99,0,0,0,1,1
48,482807,1,1,0,0,0,1,1,73,0,25,10,2016,3,17,18,0,8,98,98,4,CR-3213,,0,31.92993333,-95.393558330000,0,1,0,0,1,1,0,4,1,1,0,1,0,0000000,99,98,99,98,88,88,0,0,0,1,0
48,482808,2,2,0,0,0,2,2,343,5090,25,10,2016,3,13,43,0,1,4,98,2,US-259,US-67,88,33.18136389,-94.732966670000,0,12,6,0,2,2,0,1,1,1,0,1,0,0000000,99,99,99,99,99,99,0,0,0,1,0
48,482809,2,2,0,0,0,3,3,83,7105,26,10,2016,4,17,34,1,1,3,98,2,US-67,1ST ST,143,31.75397778,-99.550930560000,0,12,6,0,2,2,0,1,1,1,0,1,0,0000000,17,38,18,17,18,40,0,0,0,1,0
48,482810,1,1,0,0,0,2,2,207,0,26,10,2016,4,20,15,0,1,5,98,8,FM 2163,FM 2229,0,33.39063333,-99.771400000000,0,34,0,0,3,3,0,4,2,1,0,1,0,0000000,20,38,21,24,21,34,0,0,0,1,0
48,482811,1,1,0,0,0,1,1,213,0,26,10,2016,4,16,26,0,1,5,98,8,FM 314,,61,32.23902222,-95.567763890000,0,43,0,0,1,1,0,4,1,1,0,1,0,0000000,99,98,99,98,88,88,0,0,0,1,0
48,482812,1,1,0,0,0,1,1,309,7210,26,10,2016,4,4,45,1,2,2,98,7,SR-6 / SL-340,,202,31.50309722,-97.177144440000,0,24,0,1,19,1,0,4,2,1,0,1,0,0000000,99,98,99,98,88,88,0,0,0,1,1
48,482813,3,2,1,0,1,4,5,339,1510,26,10,2016,4,11,6,1,1,3,98,3,SR-105,,170,30.34231111,-95.546197220000,0,12,1,0,1,1,2,1,1,1,0,1,0,0000000,99,99,99,99,99,99,0,0,0,1,0
48,482815,1,1,0,0,0,1,1,113,1730,27,10,2016,5,19,57,1,2,2,98,7,US-75 CENTRAL EXPY,,58,32.91903333,-96.765652780000,0,31,0,1,19,1,0,4,3,1,0,1,0,0000000,99,98,99,98,88,88,0,0,0,1,1
48,482816,2,2,0,0,0,3,3,113,1730,27,10,2016,5,21,54,1,2,1,1,1,I-635 LBJ TEXPRESS TOLLWAY,,112,32.92191667,-96.846852780000,0,12,1,0,1,1,0,1,3,1,0,1,0,0000000,99,99,99,99,99,98,0,0,0,1,1
48,482817,2,2,0,0,0,3,3,267,0,27,10,2016,5,14,30,1,1,3,98,2,US-290,,104,30.29760833,-99.387386110000,0,12,2,0,1,1,0,1,1,1,0,1,0,0000000,99,98,99,98,88,88,0,0,0,3,0
48,482818,2,2,0,0,0,3,3,375,0,27,10,2016,5,6,27,1,1,3,98,2,US-87,,237,35.44026111,-101.865069440000,0,12,2,0,1,1,0,1,2,1,0,1,0,0000000,99,99,99,99,99,99,0,0,0,2,0
48,482819,2,2,0,0,0,3,3,443,0,27,10,2016,5,22,30,1,1,3,98,2,US-90,,144,30.11085000,-102.376327780000,0,12,2,0,1,1,0,2,2,1,0,1,0,0000000,99,98,99,98,88,88,0,0,0,1,1
48,482820,1,1,0,1,1,1,1,7,0,28,10,2016,6,3,9,0,2,5,98,8,FM 1069,,28,27.94367222,-97.162627780000,0,8,0,0,1,1,0,1,2,1,0,1,0,0000000,3,14,3,27,3,47,0,0,0,1,0
48,482821,3,3,0,0,0,4,4,29,6090,28,10,2016,6,21,22,1,2,3,98,8,FM 2696 BLANCO RD,HUEBNER RD,111,29.62121667,-98.513113890000,0,12,2,0,2,2,0,1,3,1,0,1,0,0000000,99,98,99,98,88,88,20,0,0,1,0
48,482822,3,3,0,0,0,6,6,29,6090,28,10,2016,6,22,40,0,8,98,98,6,APPLEWHITE RD,,0,29.27908611,-98.550033330000,0,33,0,0,1,1,0,3,2,1,0,1,0,0000000,99,98,99,98,88,88,0,0,0,4,0
48,482823,1,1,0,0,0,1,1,231,0,28,10,2016,6,13,38,1,1,3,98,3,SR-24,,57,33.17366389,-95.937811110000,0,32,0,0,1,1,0,4,1,1,0,1,0,0000000,99,98,99,98,88,88,0,0,0,1,0
48,482824,2,2,0,0,0,4,4,29,6090,29,10,2016,7,12,15,0,8,98,98,6,THOUSAND OAKS,,0,29.55590556,-98.414586110000,0,12,2,0,1,1,0,1,1,1,0,1,0,0000000,99,99,99,99,99,99,0,0,0,1,0
48,482825,4,4,0,0,0,6,6,201,0,29,10,2016,7,2,30,0,2,3,98,8,FM 1960,IMPERIAL VALLEY DR,152,30.02365833,-95.420280560000,0,12,7,0,3,2,0,1,3,1,0,1,0,0000000,2,51,2,57,3,13,0,0,0,2,1
48,482826,2,2,0,1,1,2,2,201,3280,29,10,2016,7,22,33,1,2,1,1,7,I-45,CROSSTIMBERST ST,289,29.82854167,-95.380641670000,0,8,0,1,3,2,0,1,3,1,0,1,0,0000000,22,34,22,42,23,11,0,0,0,1,1
48,482827,3,3,0,0,0,10,10,467,0,29,10,2016,7,11,10,0,1,4,98,3,SR-243,FM 47,30,32.55304444,-96.029494440000,0,12,6,0,2,2,0,1,1,1,0,1,0,0000000,11,16,11,26,12,2,0,0,0,1,0
48,482828,1,1,0,0,0,3,3,139,0,30,10,2016,1,2,48,0,1,6,98,8,FM 813,,181,32.43277778,-96.625550000000,0,1,0,0,1,1,0,1,2,1,0,1,0,0000000,2,56,3,36,4,13,0,0,0,1,1
48,482829,2,2,0,0,0,2,2,157,488,30,10,2016,1,2,35,0,1,5,98,8,SL 540,,68,29.50545833,-95.904997220000,0,12,1,0,1,1,0,1,2,5,0,5,0,0000000,99,98,99,98,88,88,0,0,0,1,1
48,482830,1,1,0,0,0,1,1,201,0,30,10,2016,1,2,2,0,2,3,98,8,FM 1960,CR-LAKE HOUSTON PKWY,312,29.99840556,-95.162077780000,0,33,0,0,3,2,0,3,3,1,0,1,0,0000000,99,98,99,98,88,88,0,0,0,1,1
48,482831,1,1,0,1,1,1,1,201,0,30,10,2016,1,19,5,0,8,98,98,4,CR-AIRLINE DR,,0,29.91165278,-95.403797220000,0,8,0,0,1,1,0,1,5,1,0,1,0,0000000,99,98,99,98,88,88,0,0,0,1,0
48,482832,1,1,0,0,0,1,1,201,3280,30,10,2016,1,5,30,1,2,1,1,1,I-45 GULF FWY,,174,29.70284444,-95.297036110000,0,25,0,1,19,1,0,4,3,5,0,5,0,0000000,99,98,99,98,88,88,19,0,0,1,0
48,482833,1,1,0,0,0,1,1,213,0,30,10,2016,1,3,1,0,1,5,98,8,FM 315,,102,32.21635833,-95.508936110000,0,32,0,0,1,1,0,4,2,1,0,1,0,0000000,99,98,99,98,88,88,0,0,0,1,1
48,482834,2,2,0,0,0,6,6,423,0,30,10,2016,1,17,35,1,1,1,1,1,I-20,,161,32.46211944,-95.324422220000,0,12,7,0,1,1,0,1,1,1,0,1,0,0000000,99,99,99,99,99,99,0,0,0,2,0
48,482835,2,2,0,0,0,3,3,149,0,31,10,2016,2,20,32,1,1,1,1,1,I-10,,169,29.68979722,-96.934786110000,0,12,2,0,1,1,0,1,2,1,0,1,0,0000000,99,98,99,98,88,88,0,0,0,3,0
48,482836,1,1,0,0,0,1,1,239,0,31,10,2016,2,15,19,0,1,5,98,3,SR-111,,143,29.02973611,-96.666480560000,0,58,0,0,1,1,0,4,1,1,0,1,0,0000000,99,98,99,98,88,88,0,0,0,1,0
48,482837,1,1,0,0,0,1,1,451,0,31,10,2016,2,17,49,0,1,4,98,2,US-67,,93,31.56195000,-100.271913890000,0,1,0,0,1,1,0,1,1,1,0,1,0,0000000,99,98,99,98,88,88,0,0,0,1,0
48,482838,2,2,0,0,0,2,2,1,0,1,11,2016,3,12,45,1,1,3,98,2,US-79,,8,31.89092778,-95.434055560000,0,12,6,0,1,1,0,2,1,10,0,10,0,0000000,99,99,99,99,99,99,0,0,0,1,0
48,482839,1,1,0,0,0,1,1,71,0,1,11,2016,3,23,1,1,1,1,1,1,I-10,,70,29.83090000,-94.799569440000,0,20,0,1,5,1,0,8,3,1,0,1,0,0000000,99,98,99,98,88,88,0,0,0,1,0
48,482840,2,2,0,1,1,2,2,265,3670,1,11,2016,3,13,46,0,8,98,98,6,WATER ST,,0,30.04727500,-99.135980560000,0,8,0,0,1,1,0,1,1,1,0,1,0,0000000,99,99,99,99,99,99,0,0,0,1,0
48,482841,2,2,0,0,0,2,2,359,0,1,11,2016,3,7,43,0,1,4,98,2,US-385,,268,35.30503889,-102.383175000000,0,12,6,0,1,1,0,1,4,1,0,1,0,0000000,99,98,99,98,88,88,0,0,0,2,0
48,482842,1,1,0,0,0,1,1,453,330,1,11,2016,3,19,17,1,2,3,98,8,SL360 CAPITAL OF TEXAS HWY,,194,30.30545000,-97.825430560000,0,39,0,0,1,1,1,4,2,10,0,10,0,0000000,99,98,99,98,88,88,0,0,0,1,1
48,482843,1,1,0,0,0,1,1,59,0,2,11,2016,4,22,39,1,1,1,1,1,I-20,,292,32.37948611,-99.142016670000,0,1,0,0,1,1,0,10,2,10,0,10,0,0000000,99,98,99,98,88,88,0,0,0,1,1
48,482844,1,1,0,1,1,1,1,113,1730,2,11,2016,4,1,50,0,8,98,98,6,CAMP WISDOM RD,,0,32.66195556,-96.883111110000,0,8,0,0,1,1,0,1,2,1,0,1,0,0000000,99,99,99,99,99,99,19,0,0,1,0
48,482845,2,2,0,0,0,2,2,373,0,2,11,2016,4,7,5,1,1,3,98,2,US-59,,20,31.09839444,-94.812991670000,0,12,1,0,1,1,0,1,4,1,0,1,0,0000000,7,15,7,37,8,24,0,0,0,1,0
48,482846,1,1,0,0,0,1,1,457,0,2,11,2016,4,14,0,1,1,3,98,2,US-69,,55,30.70611667,-94.407711110000,0,42,0,0,1,1,0,4,1,1,0,1,0,0000000,99,99,99,99,99,99,0,0,0,1,0
48,482847,2,2,0,0,0,5,5,479,3899,2,11,2016,4,20,16,1,2,3,98,2,US-59 BOB BULLOCK LP,,147,27.59689444,-99.445225000000,0,12,6,0,1,1,0,1,2,1,0,1,0,0000000,99,99,99,99,99,99,0,0,0,1,1
48,482848,2,2,0,0,0,3,3,503,0,2,11,2016,4,12,23,0,1,4,98,3,SR-67,,71,33.09347500,-98.611402780000,0,12,2,0,8,1,0,1,1,10,0,10,0,0000000,99,99,99,99,99,99,0,0,0,1,0
48,482849,1,1,0,2,2,2,2,167,2570,3,11,2016,5,22,17,0,8,98,98,6,SEAWALL BLVD,,0,29.27180000,-94.816900000000,0,8,0,0,1,1,0,1,3,1,0,1,0,0000000,22,18,22,24,22,47,0,0,0,3,1
48,482850,2,2,0,0,0,3,3,201,3280,3,11,2016,5,0,3,1,2,2,98,2,US-290 NW FWY,,346,29.83842222,-95.489038890000,0,12,6,0,1,1,0,1,2,10,0,10,0,0000000,0,13,0,35,1,5,0,0,0,1,1
48,482851,2,2,0,0,0,2,2,293,0,3,11,2016,5,7,5,0,1,4,98,2,US-84,,93,31.65585000,-96.729338890000,0,12,2,0,1,1,0,1,2,2,0,2,0,0000000,99,98,99,98,88,88,0,0,0,2,0
48,482852,2,2,0,0,0,4,4,353,6720,3,11,2016,5,8,6,1,2,1,1,1,I-20,,167,32.45538889,-100.389119440000,0,12,2,0,1,1,0,1,1,2,0,2,0,0000000,8,16,8,20,9,11,0,0,0,2,0