STATE,ST_CASE,VE_TOTAL,VE_FORMS,PVH_INVL,PEDS,PERNOTMVIT,PERMVIT,PERSONS,COUNTY,CITY,DAY,MONTH,YEAR,DAY_WEEK,HOUR,MINUTE,NHS,RUR_URB,FUNC_SYS,RD_OWNER,ROUTE,TWAY_ID,TWAY_ID2,MILEPT,LATITUDE,LONGITUD,SP_JUR,HARM_EV,MAN_COLL,RELJCT1,RELJCT2,TYP_INT,WRK_ZONE,REL_ROAD,LGT_COND,WEATHER1,WEATHER2,WEATHER,SCH_BUS,RAIL,NOT_HOUR,NOT_MIN,ARR_HOUR,ARR_MIN,HOSP_HR,HOSP_MN,CF1,CF2,CF3,FATALS,DRUNK_DR
48,482853,1,1,0,0,0,2,2,139,4570,4,11,2016,6,5,47,1,2,2,98,2,US-67RAMP,,5,32.47731667,-97.011713890000,0,1,0,1,5,1,0,4,2,10,0,10,0,0000000,5,49,5,55,7,59,0,0,0,1,0
48,482854,1,1,0,0,0,1,1,167,0,4,11,2016,6,10,59,0,2,5,98,8,FM646,,27,29.33223333,-95.080938890000,0,32,0,0,1,1,0,4,1,1,0,1,0,0000000,11,17,11,46,12,12,0,0,0,1,0
48,482855,1,1,0,0,0,1,1,167,2570,4,11,2016,6,19,29,1,2,3,98,8,SS-342/61ST ST,,22,29.27228611,-94.829191670000,0,33,0,0,1,1,0,3,3,1,0,1,0,0000000,19,29,19,34,19,54,0,0,0,1,0
48,482856,1,1,0,1,1,1,1,29,6090,5,11,2016,7,2,33,0,8,98,98,6,COMPTON AVE,,0,29.37057222,-98.487391670000,0,8,0,0,1,1,0,1,3,1,0,1,0,0000000,99,99,99,99,99,99,0,0,0,1,0
48,482857,2,2,0,0,0,3,3,143,0,5,11,2016,7,7,10,0,1,4,98,2,US-281,,59,32.44370000,-98.138169440000,0,12,6,0,1,1,0,1,2,2,0,2,0,0000000,7,12,7,31,8,8,0,0,0,1,0
48,482858,1,1,0,1,1,4,4,215,2110,5,11,2016,7,19,44,1,2,3,98,8,BU-281,,63,26.27107778,-98.171061110000,0,8,0,0,1,1,0,1,2,1,0,1,0,0000000,99,99,99,99,99,99,0,0,0,1,0
48,482859,2,2,0,0,0,2,2,215,7330,5,11,2016,7,0,49,0,2,4,98,8,FM 1015/INTERNATIONAL BLVD,,85,26.17071944,-97.958638890000,0,12,2,0,1,1,0,1,3,10,0,10,0,0000000,0,48,0,49,1,26,0,0,0,1,1
48,482860,1,1,0,1,1,1,1,453,330,5,11,2016,7,7,20,1,2,2,98,7,US-290,,16,30.23607500,-97.832997220000,0,9,0,0,1,1,0,1,3,10,0,10,0,0000000,99,98,99,98,88,88,0,0,0,1,0
48,482861,2,2,0,0,0,4,4,453,0,5,11,2016,7,10,43,0,1,4,98,8,RM-1431,,227,30.51968889,-97.897038890000,0,12,2,0,1,1,0,1,1,1,0,1,0,0000000,10,50,11,8,11,29,0,0,0,1,0
48,482862,1,1,0,1,1,1,1,29,6090,6,11,2016,1,22,1,0,8,98,98,6,GEVERS ST,,0,29.39710278,-98.456722220000,0,8,0,0,1,1,0,1,3,10,0,10,0,0000000,99,99,99,99,99,99,0,0,0,1,0
48,482863,2,2,0,0,0,2,2,201,3280,6,11,2016,1,1,30,1,2,1,1,1,I-10,,57,29.77739444,-95.412563890000,0,12,2,0,1,1,0,1,3,10,0,10,0,0000000,1,44,1,55,2,13,0,0,0,1,1
48,482864,1,1,0,0,0,1,1,245,0,6,11,2016,1,14,28,1,2,3,1,1,I-10,,67,29.92106111,-94.281711110000,0,57,0,0,1,1,0,3,1,1,0,1,0,0000000,99,98,99,98,88,88,0,0,0,1,0
48,482865,1,1,0,1,1,1,1,467,0,6,11,2016,1,4,26,1,1,1,1,1,I-20,,247,32.51463056,-95.686338890000,0,8,0,0,1,1,0,1,3,1,0,1,0,0000000,99,98,99,98,88,88,0,0,0,1,0
48,482866,1,1,0,1,1,2,2,291,1770,7,11,2016,2,20,55,0,1,5,98,8,FM 1409,PRIVATE ROAD 456,149,29.98248056,-94.854130560000,0,8,0,0,3,3,0,1,2,1,0,1,0,0000000,99,98,99,98,88,88,0,0,0,1,1
48,482867,2,2,0,0,0,2,2,303,4140,7,11,2016,2,21,21,1,2,2,98,2,US-82/MARSHA SHARP FWY,,157,33.59265556,-101.875380560000,0,12,2,0,1,1,0,1,2,10,0,10,0,0000000,99,98,99,98,88,88,0,0,0,2,1
48,482868,2,2,0,0,0,3,3,113,1730,23,4,2016,7,17,20,1,2,1,1,1,I-35/STEMMONS FWY,,272,32.89524167,-96.898200000000,0,25,0,0,1,1,0,3,3,1,0,1,0,0000000,99,98,99,98,88,88,0,0,0,1,0
48,482869,3,3,0,0,0,4,4,113,1730,12,6,2016,1,3,27,1,2,1,1,1,I-20/LYNDON B JOHNSON FWY,,100,32.65730833,-96.884686110000,0,12,2,0,1,1,0,1,3,1,0,1,0,0000000,99,99,99,99,99,99,14,0,0,1,1
48,482870,1,1,0,0,0,2,2,113,1730,12,6,2016,1,3,56,1,2,1,1,1,I-35/STEMMONS FWY,,219,32.81935278,-96.869525000000,0,1,0,0,1,1,0,10,3,1,0,1,0,0000000,99,99,99,99,99,99,0,0,0,1,1
48,482871,2,2,0,0,0,3,3,251,1030,19,10,2016,4,16,46,0,8,98,98,6,HIDDEN CREEK PKWY,HIDDEN VISTA BLVD,0,32.52550556,-97.319638890000,0,12,6,0,2,3,0,1,1,1,0,1,1,0000000,16,54,17,14,17,34,0,0,0,1,0
48,482872,1,1,0,1,1,1,1,113,6685,27,10,2016,5,22,0,1,2,2,98,2,US-80,,68,32.78497500,-96.564261110000,0,8,0,0,1,1,0,1,2,1,0,1,0,0000000,99,98,99,98,88,88,0,0,0,1,0
48,482873,2,2,0,1,1,2,2,439,2450,5,2,2016,6,6,20,1,2,3,98,3,SR-183 28TH ST,,92,32.79511944,-97.341311110000,0,8,0,0,1,1,1,1,2,1,0,1,0,0000000,6,24,6,32,7,0,0,0,0,1,0
48,482874,4,4,0,1,1,4,4,113,4530,18,8,2016,5,6,20,1,2,1,1,1,I-635,,82,32.81409444,-96.628369440000,0,12,1,0,1,1,0,1,4,10,0,10,0,0000000,6,21,6,29,6,49,14,15,0,1,0
48,482875,2,2,0,0,0,3,3,27,4924,14,10,2016,6,23,45,1,2,2,98,2,US-190W VETERANS MEMORIAL BLVD,NOLA RUTH BLVD,121,31.08436667,-97.638938890000,0,12,6,0,3,3,0,1,2,1,0,1,0,0000000,99,99,99,99,99,99,20,0,0,2,1
48,482876,2,2,0,0,0,3,3,181,2940,14,10,2016,6,6,5,1,1,3,98,3,SR-289 PRESTON HWY,,306,33.48703611,-96.730655560000,0,12,2,0,1,1,0,1,2,1,0,1,0,0000000,99,99,99,99,99,99,0,0,0,2,0
48,482877,4,2,2,3,3,2,2,201,3280,15,10,2016,7,20,10,1,2,1,1,1,I-69/US-59 SOUTHWEST FWY,,75,29.65590278,-95.563163890000,0,12,7,0,1,1,0,1,3,1,0,1,0,0000000,20,18,20,33,20,48,14,15,0,1,1
48,482878,1,1,0,0,0,3,3,355,0,17,10,2016,2,3,5,0,1,4,98,8,FM665,,25,27.66431389,-97.709822220000,0,1,0,0,1,1,0,4,3,1,0,1,0,0000000,99,98,99,98,88,88,0,0,0,1,1
48,482879,1,1,0,0,0,2,2,85,2320,18,10,2016,3,20,50,0,1,4,98,3,SR-78,CR-550,211,33.11008611,-96.410525000000,0,5,0,0,2,3,0,1,2,1,0,1,0,0000000,99,99,99,99,99,99,0,0,0,1,0
48,482880,2,2,0,0,0,2,2,201,0,24,10,2016,2,18,57,1,2,2,98,8,SL-8 BELTWAY NORTH,,181,29.87883889,-95.548900000000,0,12,1,0,1,1,0,1,5,10,0,10,0,0000000,99,98,99,98,88,88,0,0,0,1,0
48,482881,3,3,0,0,0,5,5,355,1550,26,10,2016,4,8,34,1,2,2,98,3,SR-358 PADRE ISLAND DR,,153,27.67313333,-97.292663890000,0,12,1,0,1,1,0,2,1,1,0,1,0,0000000,8,40,8,41,9,3,23,0,0,1,0
48,482882,2,2,0,0,0,2,2,305,0,27,10,2016,5,16,20,1,1,3,98,2,US-87,CR-2,17,33.37060000,-101.806491670000,0,12,6,0,2,3,0,1,1,1,0,1,0,0000000,16,20,16,42,16,52,0,0,0,1,0
48,482883,2,2,0,0,0,2,2,107,5620,28,10,2016,6,12,53,1,1,3,98,2,US-82,,111,33.67444444,-101.388597220000,0,12,6,0,8,1,0,1,1,1,0,1,0,0000000,13,8,13,33,13,59,0,0,0,1,0
48,482884,1,1,0,1,1,1,1,201,3280,28,10,2016,6,21,40,0,8,98,98,6,MARGARET ST,,0,29.86480556,-95.360200000000,0,8,0,0,1,1,0,1,3,1,0,1,0,0000000,99,98,99,98,88,88,0,0,0,1,0
48,482885,2,2,0,0,0,2,2,157,0,29,10,2016,7,3,0,1,2,1,1,1,I-69/US-59,,77,29.55260556,-95.733002780000,0,43,0,0,1,1,1,4,2,1,0,1,0,0000000,2,45,2,46,3,29,0,0,0,1,0
48,482886,1,1,0,1,1,1,1,201,3280,29,10,2016,7,23,45,0,8,98,98,6,GESSNER DR,,0,29.68729167,-95.529716670000,0,8,0,0,1,1,0,1,3,1,0,1,0,0000000,99,98,99,98,88,88,0,0,0,1,0
48,482887,1,1,0,0,0,2,2,249,0,29,10,2016,7,17,59,1,1,3,98,2,US-281,,135,27.86193333,-98.086263890000,0,38,0,0,1,1,0,5,1,1,0,1,0,0000000,18,33,18,43,19,12,0,0,0,1,0
48,482888,2,2,0,0,0,5,5,507,0,29,10,2016,7,22,5,0,1,3,98,2,US-57,,136,28.95428611,-99.637986110000,0,12,2,0,1,1,0,1,2,1,0,1,0,0000000,99,99,99,99,99,99,0,0,0,5,0
48,482889,2,1,1,0,0,1,1,29,6090,30,10,2016,1,12,36,0,8,98,98,6,PLOVER PL,,0,29.30270278,-98.488800000000,0,33,0,0,1,1,0,4,1,1,0,1,0,0000000,99,98,99,98,88,88,0,0,0,1,0
48,482890,1,1,0,2,2,2,2,209,0,30,10,2016,1,2,23,0,1,4,98,8,RM12,,246,29.90891111,-98.012300000000,0,8,0,0,1,1,0,1,2,10,0,10,0,0000000,2,27,2,37,2,53,0,0,0,1,1
48,482891,2,2,0,0,0,2,2,185,0,31,10,2016,2,9,20,1,1,3,98,3,SR-6,FM 2,114,30.27362500,-96.042130560000,0,12,6,0,2,2,0,1,1,5,0,5,0,0000000,99,98,99,98,88,88,0,0,0,1,0
48,482892,1,1,0,0,0,1,1,453,0,2,11,2016,4,2,43,1,2,1,1,7,I-35,,16,30.46031944,-97.666719440000,0,32,0,0,1,1,0,4,2,2,0,2,0,0000000,99,98,99,98,88,88,0,0,0,1,0
48,482893,4,2,2,1,1,3,3,91,0,3,11,2016,5,7,36,0,2,4,98,8,FM 2673,,111,29.84780000,-98.277838890000,0,12,1,0,1,1,0,1,2,2,0,2,0,0000000,99,99,99,99,99,99,0,0,0,1,0
48,482894,2,1,1,2,2,1,1,113,3420,3,11,2016,5,4,26,1,2,2,98,8,SL 12/WALTON WALKER BLVD,,167,32.79946111,-96.921755560000,0,14,0,0,1,1,0,2,2,2,0,2,0,0000000,4,27,4,38,5,0,0,0,0,2,0
48,482895,1,1,0,0,0,2,2,267,0,3,11,2016,5,15,10,1,1,1,1,1,I-10,,153,30.39025000,-99.617800000000,0,1,0,0,1,1,0,1,1,2,0,2,0,0000000,15,12,15,30,16,45,0,0,0,1,0
48,482896,1,1,0,0,0,1,1,93,0,4,11,2016,6,12,25,1,1,3,98,2,US-67,,117,31.85183056,-98.754150000000,0,30,0,0,1,1,0,4,1,1,0,1,0,0000000,12,28,12,41,13,20,0,0,0,1,0
48,482897,1,1,0,0,0,1,1,387,210,4,11,2016,6,17,15,0,1,5,98,8,FM 44,,104,33.58190000,-94.916969440000,0,1,0,0,1,1,0,4,2,1,0,1,0,0000000,17,17,17,47,18,43,0,0,0,1,0
48,482898,2,2,0,0,0,3,3,113,1730,5,11,2016,7,1,46,0,8,98,98,6,DALLAS NORTH TOLLWAY,,0,32.80725000,-96.817930560000,0,12,2,0,1,1,0,1,3,2,0,2,0,0000000,99,99,99,99,99,99,0,0,0,1,2
48,482899,2,2,0,0,0,3,3,165,0,5,11,2016,7,22,17,0,1,4,98,2,US-180,,285,32.71116111,-102.596400000000,0,12,6,0,8,1,0,1,2,10,0,10,0,0000000,22,17,22,23,22,50,0,0,0,1,1
48,482900,3,2,1,0,0,4,4,201,3280,5,11,2016,7,23,40,0,8,98,98,6,SCOTT,LOCKHART,0,29.67816944,-95.367238890000,0,12,6,0,2,2,0,1,3,10,0,10,0,0000000,23,41,23,45,0,2,14,0,0,1,1
48,482901,3,3,0,0,0,6,6,231,2860,5,11,2016,7,14,48,1,2,3,98,2,US-69/JOE RAMSEY BLVD,US-380/LEE ST,30,33.14032778,-96.137994440000,0,12,6,1,2,2,0,1,1,1,0,1,0,0000000,99,99,99,99,99,99,0,0,0,1,0
48,482902,1,1,0,1,1,3,3,355,1550,5,11,2016,7,19,56,0,8,98,98,6,HORNE RD,,0,27.75261667,-97.419538890000,0,8,0,0,1,1,0,1,2,1,0,1,0,0000000,19,57,20,0,20,8,0,0,0,1,0
48,482903,3,3,0,0,0,3,3,15,0,6,11,2016,1,14,5,0,1,5,98,3,SR-159,,29,29.97635000,-96.218930560000,0,12,2,0,1,1,0,1,1,1,0,1,0,0000000,14,13,14,38,15,19,0,0,0,1,0
48,482904,2,2,0,0,0,3,3,201,3280,6,11,2016,1,7,34,0,8,98,98,6,ALDINE WESTFIELD RD,TIDWELL RD,0,29.84801111,-95.349791670000,0,12,6,0,2,2,0,1,1,1,0,1,0,0000000,8,14,8,23,8,48,0,0,0,1,0
48,482905,1,1,0,1,1,2,2,325,3250,6,11,2016,1,2,33,0,8,98,98,6,K AVE,,0,29.33873611,-99.139083330000,0,8,0,0,1,1,0,1,2,1,0,1,0,0000000,99,98,99,98,88,88,0,0,0,1,1
48,482906,3,3,0,0,0,3,3,419,0,6,11,2016,1,16,24,0,1,4,98,3,SR-7,,8,31.66563056,-94.383000000000,0,12,6,0,1,1,0,1,1,10,0,10,0,0000000,99,99,99,99,99,99,0,0,0,1,0
48,482907,1,1,0,0,0,5,5,27,0,7,11,2016,2,13,30,0,1,5,98,8,FM 2484,,57,30.97408889,-97.562550000000,0,42,0,0,1,1,0,4,1,2,0,2,0,0000000,13,33,14,10,14,54,0,0,0,1,0
48,482908,1,1,0,0,0,1,1,333,0,7,11,2016,2,15,41,0,1,4,98,2,US-84,,106,31.46440000,-98.473900000000,0,35,0,0,1,1,0,4,1,10,0,10,0,0000000,99,98,99,98,88,88,0,0,0,1,0
48,482909,2,2,0,0,0,3,3,485,7490,7,11,2016,2,18,47,1,2,2,98,7,US-277/BROAD ST,9TH ST,100,33.90686389,-98.498388890000,0,12,2,0,2,2,0,1,3,10,0,10,0,0000000,18,48,18,57,19,8,0,0,0,1,0
48,482910,2,2,0,0,0,3,3,113,1730,8,11,2016,3,9,15,1,2,2,98,8,SL 12/WALTON WALKER BLVD,,212,32.85962778,-96.902352780000,0,54,11,0,1,1,0,1,1,10,0,10,0,0000000,99,98,99,98,88,88,14,0,0,1,0
48,482911,1,1,0,0,0,4,4,201,3280,8,11,2016,3,10,16,1,2,1,1,1,I-45 NORTH FWY,,364,29.93338611,-95.412091670000,0,25,0,0,1,1,0,3,1,10,0,10,0,0000000,10,19,10,34,11,2,0,0,0,1,0
48,482912,1,1,0,1,1,1,1,453,330,8,11,2016,3,18,56,0,2,3,98,8,SL 275 LAMAR BLVD,,60,30.35806111,-97.699877780000,0,8,0,0,1,1,0,1,2,2,0,2,0,0000000,18,57,19,9,19,26,0,0,0,1,0
48,482913,7,7,0,0,0,10,10,29,6090,9,11,2016,4,18,38,1,2,1,1,1,I-10 MAIN LANES HWY,,173,29.52253611,-98.555508330000,0,12,1,1,18,1,0,1,5,2,0,2,0,0000000,99,99,99,99,99,99,0,0,0,1,0
48,482914,2,2,0,0,0,2,2,165,0,9,11,2016,4,19,2,0,1,4,98,3,SR-214,,106,32.83429722,-102.755166670000,0,18,0,0,1,1,0,2,2,1,0,1,0,0000000,99,98,99,98,88,88,0,0,0,1,0
48,482915,1,1,0,0,0,1,1,201,3280,11,11,2016,6,16,32,1,2,1,1,1,I-45 GULF FWY,,88,29.61438889,-95.216588890000,0,24,0,1,5,1,0,4,1,1,0,1,0,0000000,99,98,99,98,88,88,0,0,0,1,1
48,482916,2,2,0,0,0,2,2,347,0,11,11,2016,6,18,38,1,1,3,98,2,US-59,,37,31.80759444,-94.520211110000,0,12,2,0,1,1,0,1,2,1,0,1,0,0000000,99,98,99,98,88,88,0,0,0,1,1
48,482917,1,1,0,1,1,1,1,27,6810,12,11,2016,7,17,18,1,2,3,98,8,FM 1471 31ST ST,,212,31.07581667,-97.367066670000,0,15,0,0,8,1,0,1,1,1,0,1,0,0000000,17,20,17,24,17,37,0,0,0,1,0
48,482918,2,2,0,0,0,4,4,29,0,12,11,2016,7,14,36,0,8,98,98,6,MACDONA LACOSTE RD,CAGON RD,0,29.32730000,-98.712422220000,0,12,2,0,2,2,0,1,1,1,0,1,0,0000000,99,99,99,99,99,99,0,0,0,1,0
48,482919,1,1,0,0,0,1,1,139,7270,12,11,2016,7,18,24,1,2,2,98,2,US-287,,431,32.40579444,-96.823827780000,0,1,0,0,1,1,0,4,2,1,0,1,0,0000000,99,98,99,98,88,88,0,0,0,1,1
48,482920,3,3,0,0,0,3,3,29,6090,13,11,2016,1,5,23,1,2,2,98,2,US-281,,245,29.45781389,-98.481597220000,0,12,2,1,18,1,0,1,3,10,0,10,0,0000000,99,99,99,99,99,99,0,0,0,1,0
48,482921,1,1,0,0,0,1,1,113,1730,13,11,2016,1,21,20,1,2,3,98,8,SL 12 WALTON WALKER BLVD,,92,32.69145833,-96.891619440000,0,25,0,0,1,1,0,4,3,1,0,1,0,0000000,99,98,99,98,88,88,0,0,0,1,0
48,482922,2,2,0,0,0,4,4,113,1730,13,11,2016,1,20,53,0,8,98,98,6,JEFFERSON BLVD,,0,32.74254444,-96.903530560000,0,12,6,0,1,1,0,1,3,1,0,1,0,0000000,99,99,99,99,99,99,0,0,0,1,1
48,482923,1,1,0,1,1,2,2,141,2190,13,11,2016,1,23,6,1,2,1,1,1,I-10,,282,31.76512222,-106.365747220000,0,8,0,0,1,1,0,1,3,1,0,1,0,0000000,99,98,99,98,88,88,0,0,0,1,0
48,482924,2,2,0,0,0,3,3,471,0,14,11,2016,2,8,21,1,1,1,1,1,I-45,,306,30.86723333,-95.755152780000,0,12,1,0,1,1,0,1,1,1,0,1,0,0000000,8,32,8,50,9,58,19,27,0,1,0
48,482925,2,2,0,0,0,2,2,167,3850,30,9,2016,6,22,45,1,2,3,98,8,FM 1764,,50,29.39821111,-95.038755560000,0,12,6,0,8,1,0,1,3,1,0,1,0,0000000,22,47,22,52,23,25,0,0,0,1,1
48,482926,1,1,0,0,0,1,1,113,1730,13,10,2016,5,15,45,1,2,1,1,1,I-35,,257,32.87000278,-96.898477780000,0,1,0,1,18,1,0,1,1,1,0,1,0,0000000,99,99,99,99,99,99,0,0,0,1,0
48,482927,1,1,0,0,0,2,2,251,9997,15,10,2016,7,23,23,0,2,4,98,8,FM 917,,209,32.54645000,-97.131575000000,0,33,0,0,1,1,0,3,2,1,0,1,0,0000000,23,23,23,34,0,16,0,0,0,1,0
48,482928,2,2,0,0,0,3,3,113,3350,19,10,2016,4,14,30,1,2,1,1,1,I-45,,62,32.63313333,-96.699838890000,0,12,1,1,18,1,0,1,1,1,0,1,0,0000000,99,99,99,99,99,99,0,0,0,1,0
48,482929,1,1,0,0,0,1,1,201,0,31,10,2016,2,22,28,0,1,5,98,8,FM 1942,,50,29.86073056,-95.005463890000,0,43,0,0,8,1,0,5,2,1,0,1,0,0000000,99,98,99,98,88,88,0,0,0,1,1
48,482930,2,2,0,0,0,2,2,201,0,2,11,2016,4,4,3,0,2,3,98,8,FM 1960,,108,29.99511111,-95.485266670000,0,12,1,0,1,1,0,1,3,1,0,1,0,0000000,99,98,99,98,88,88,0,0,0,1,1
48,482931,1,1,0,1,1,1,1,339,0,3,11,2016,5,23,2,0,1,4,98,8,FM 1314,,175,30.12683056,-95.280361110000,0,9,0,0,1,1,0,1,2,1,0,1,0,0000000,99,98,99,98,88,88,0,0,0,1,0
48,482932,1,1,0,0,0,1,1,401,0,3,11,2016,5,17,5,0,1,6,98,8,FM 1971,,20,31.94398889,-94.537169440000,0,38,0,0,1,1,0,5,1,2,0,2,0,0000000,99,99,99,99,99,99,0,0,0,1,0
48,482933,2,2,0,0,0,3,3,113,3420,4,11,2016,6,10,55,1,2,2,98,7,SR-114/JOHN CARPENTER FWY,SR-161/GEORGE BUSH TURNPIKE,141,32.89638333,-96.971897220000,0,12,6,1,2,2,0,1,1,1,0,1,0,0000000,10,58,11,3,11,36,0,0,0,1,0
48,482934,1,1,0,0,0,1,1,233,0,4,11,2016,6,5,28,0,1,4,98,3,SR-152,,25,35.66511111,-101.352080560000,0,24,0,0,1,1,0,4,2,1,0,1,0,0000000,99,98,99,98,88,88,0,0,0,1,0
48,482935,1,1,0,0,0,2,2,439,2450,15,11,2016,3,0,30,1,2,1,1,1,I-820/LOOP 820,,57,32.75580000,-97.478580560000,0,59,0,0,1,1,0,4,3,1,0,1,0,0000000,0,48,0,57,1,30,0,0,0,1,1
48,482936,1,1,0,1,1,1,1,453,330,20,8,2016,7,23,7,0,8,98,98,6,WILLIAM CANNON DR,BILL HUGHES RD,0,30.19579444,-97.785077780000,0,8,0,0,2,3,0,1,3,10,0,10,0,0000000,23,7,23,12,23,30,0,0,0,1,0
48,482937,3,3,0,0,0,4,4,479,3899,31,8,2016,4,17,19,0,2,3,98,8,SL 20/CUATRO VIENTOS BLVD,,116,27.47140000,-99.447011110000,0,12,98,0,1,1,0,1,1,10,0,10,0,0000000,17,23,17,31,17,54,0,0,0,1,0
48,482938,1,1,0,1,1,1,1,309,7210,12,10,2016,4,21,4,0,2,4,98,8,FM 1637/CHINA SPRING RD,,112,31.62921667,-97.241430560000,0,8,0,0,1,1,0,1,2,1,0,1,0,0000000,21,7,21,18,21,40,0,0,0,1,0
48,482939,2,2,0,0,0,2,2,201,3280,14,10,2016,6,6,34,0,8,98,98,6,LITTLE YORK RD,AIRLINE DR,0,29.86995833,-95.385116670000,0,12,1,0,3,2,0,1,2,10,0,10,0,0000000,99,98,99,98,88,88,0,0,0,1,0
48,482940,3,3,0,0,0,5,5,53,1040,18,10,2016,3,13,10,1,1,3,98,2,US-281/WATER ST,,216,30.72133333,-98.242922220000,0,12,7,0,1,1,0,1,1,1,0,1,0,0000000,13,18,13,34,14,4,0,0,0,1,0
48,482941,2,2,0,0,0,3,3,475,0,22,10,2016,7,0,47,1,2,1,1,1,I-20,I-20 RAMP,277,31.40609444,-103.550738890000,0,12,6,1,2,4,0,1,2,1,0,1,0,0000000,0,49,0,56,1,22,0,0,0,1,1
48,482942,2,1,1,0,0,1,1,121,0,10,11,2016,5,8,7,0,8,98,98,4,CR-CLAIRE ST,,0,33.10853056,-97.118338890000,0,14,0,0,1,1,0,7,1,1,0,1,0,0000000,99,99,99,99,99,99,0,0,0,1,0
48,482943,1,1,0,1,1,1,1,201,3280,30,10,2016,1,1,8,0,8,98,98,6,MCCARTY,,0,29.77376111,-95.283952780000,0,8,0,0,1,1,0,1,2,1,0,1,0,0000000,99,98,99,98,88,88,0,0,0,1,1
48,482944,2,2,0,0,0,3,3,401,4740,31,10,2016,2,10,40,1,1,3,98,2,US-259,ANGELINA,183,31.91509722,-94.680836110000,0,12,11,0,2,2,0,1,1,1,0,1,0,0000000,99,99,99,99,99,99,0,0,0,1,0
48,482945,2,2,0,0,0,3,3,299,0,1,11,2016,3,20,20,0,1,4,98,3,SR-71,,209,30.54608056,-98.458888890000,0,12,2,0,1,1,0,1,2,1,0,1,0,0000000,20,28,20,39,21,40,0,0,0,1,1
48,482946,1,1,0,0,0,1,1,91,0,2,11,2016,4,2,45,1,1,3,98,2,US-281,,122,29.83720000,-98.410811110000,0,32,0,0,1,1,0,4,7,10,0,10,0,0000000,99,98,99,98,88,88,0,0,0,1,1
48,482947,1,1,0,0,0,1,1,309,7210,3,11,2016,5,3,3,1,2,3,98,3,SR-6,,239,31.54844444,-97.073638890000,0,1,0,0,1,1,1,1,2,10,0,10,0,0000000,99,98,99,98,88,88,19,0,0,1,0
48,482949,2,2,0,0,0,8,8,287,0,6,11,2016,1,17,55,1,1,3,98,2,US-290,,64,30.18500000,-96.957000000000,0,12,1,0,1,1,0,1,2,2,0,2,0,0000000,18,0,18,16,19,7,0,0,0,1,0
48,482950,2,2,0,0,0,3,3,439,2450,6,11,2016,1,1,0,1,2,3,98,3,SR-183/28TH ST,LOVING AVE,77,32.79518056,-97.336361110000,0,12,6,0,2,2,0,1,2,1,0,1,0,0000000,1,4,1,12,1,48,0,0,0,1,0
48,482951,1,1,0,1,1,1,1,73,3470,7,11,2016,2,6,40,0,2,4,98,3,SR-204/SL456,,108,31.95795000,-95.222761110000,0,8,0,0,1,1,0,2,4,5,0,5,0,0000000,99,98,99,98,88,88,0,0,0,1,0
48,482952,1,1,0,1,1,1,1,141,2190,7,11,2016,2,9,57,0,8,98,98,6,SAM SNEAD DR,LEE TREVINO DR,0,31.77693889,-106.322266670000,0,8,0,0,2,2,0,1,1,1,0,1,0,0000000,9,47,9,50,10,8,0,0,0,1,0
48,482953,2,2,0,0,0,2,2,201,3280,7,11,2016,2,1,5,1,2,3,98,8,FM1093 WESTHEIMER RD,,102,29.73733056,-95.526650000000,0,33,0,0,1,1,0,3,3,2,0,2,0,0000000,1,6,1,8,1,36,0,0,0,1,0
48,482954,1,1,0,0,0,1,1,201,3280,7,11,2016,2,3,10,1,2,1,1,7,I-10 KATY FWY,,165,29.78511667,-95.543138890000,0,33,0,0,1,1,0,4,3,10,0,10,0,0000000,99,98,99,98,88,88,0,0,0,1,1
48,482955,2,2,0,0,0,3,3,453,0,7,11,2016,2,3,14,1,1,3,98,3,SR-71,,23,30.18950000,-97.577613890000,0,12,2,0,1,1,0,1,2,5,0,5,0,0000000,3,14,3,24,4,5,0,0,0,1,0
48,482956,2,2,0,0,0,3,3,135,0,8,11,2016,3,9,59,1,2,3,98,8,SL338,,351,31.80040000,-102.296494440000,0,12,2,0,1,1,0,1,1,10,0,10,0,0000000,9,52,10,3,10,22,0,0,0,1,0
48,482957,1,1,0,0,0,1,1,277,0,8,11,2016,3,6,0,0,1,5,98,8,FM38,,106,33.70356944,-95.766761110000,0,42,0,0,1,1,0,4,2,10,0,10,0,0000000,6,9,6,27,7,22,0,0,0,1,0
48,482958,2,2,0,0,0,2,2,231,0,9,11,2016,4,20,0,0,1,4,98,3,SR-11,,324,33.27021944,-95.919600000000,0,12,1,0,1,1,0,1,2,1,0,1,0,0000000,99,98,99,98,88,88,0,0,0,1,0
48,482959,1,1,0,0,0,2,2,267,0,9,11,2016,4,3,54,1,1,1,1,1,I-10,,165,30.38000278,-99.609994440000,0,24,0,0,1,1,0,4,2,2,0,2,0,0000000,99,98,99,98,88,88,0,0,0,1,0