STATE,ST_CASE,VE_TOTAL,VE_FORMS,PVH_INVL,PEDS,PERNOTMVIT,PERMVIT,PERSONS,COUNTY,CITY,DAY,MONTH,YEAR,DAY_WEEK,HOUR,MINUTE,NHS,RUR_URB,FUNC_SYS,RD_OWNER,ROUTE,TWAY_ID,TWAY_ID2,MILEPT,LATITUDE,LONGITUD,SP_JUR,HARM_EV,MAN_COLL,RELJCT1,RELJCT2,TYP_INT,WRK_ZONE,REL_ROAD,LGT_COND,WEATHER1,WEATHER2,WEATHER,SCH_BUS,RAIL,NOT_HOUR,NOT_MIN,ARR_HOUR,ARR_MIN,HOSP_HR,HOSP_MN,CF1,CF2,CF3,FATALS,DRUNK_DR
48,482960,2,2,0,0,0,2,2,267,0,9,11,2016,4,12,30,1,1,1,1,1,I-10,,99,30.43038056,-99.695752780000,0,12,6,0,1,1,0,1,1,2,0,2,0,0000000,99,99,99,99,99,99,0,0,0,1,0
48,482961,2,2,0,0,0,2,2,325,0,9,11,2016,4,10,17,0,1,4,98,3,SR-173,CR-548/ELSTONE RD,241,29.29918889,-99.095669440000,0,12,6,0,2,2,0,1,1,10,0,10,0,0000000,10,21,10,27,11,19,0,0,0,1,1
48,482963,1,1,0,1,1,1,1,113,1730,10,11,2016,5,5,58,1,2,1,1,1,I-635/LYNDON B JOHNSON FWY,,47,32.91469722,-96.740127780000,0,8,0,0,1,1,0,1,3,1,0,1,0,0000000,99,99,99,99,99,99,0,0,0,1,0
48,482964,1,1,0,0,0,1,1,213,1284,10,11,2016,5,18,58,1,1,3,98,3,SR-31,,421,32.31436111,-95.453830560000,0,59,0,0,1,1,0,4,2,1,0,1,0,0000000,99,98,99,98,88,88,0,0,0,1,0
48,482965,1,1,0,0,0,1,1,323,0,10,11,2016,5,22,0,0,1,5,98,8,FM 2644,,37,28.49876944,-100.272869440000,0,1,0,0,1,1,0,4,6,2,0,2,0,0000000,99,98,99,98,88,88,0,0,0,1,1
48,482966,1,1,0,0,0,1,1,161,0,11,11,2016,6,18,15,1,1,1,1,1,I-45,,269,31.83483889,-96.286311110000,0,1,0,0,1,1,0,4,2,1,0,1,0,0000000,99,98,99,98,88,88,0,0,0,1,0
48,482967,3,3,0,0,0,3,3,181,0,11,11,2016,6,6,58,0,1,4,98,2,US-377,,54,33.79663889,-96.874788890000,0,59,0,0,1,1,0,4,1,1,0,1,0,0000000,99,98,99,98,88,88,0,0,0,1,0
48,482968,1,1,0,0,0,1,1,201,0,11,11,2016,6,0,30,0,8,98,98,4,CR-LOUETTA RD,,0,29.99643056,-95.614080560000,0,42,0,0,1,1,0,3,2,1,0,1,0,0000000,99,98,99,98,88,88,0,0,0,1,1
48,482969,1,1,0,0,0,1,1,251,0,12,11,2016,7,10,30,0,1,5,98,8,FM 917,,133,32.47585000,-97.220211110000,0,30,0,0,1,1,0,4,1,1,0,1,0,0000000,10,59,11,17,11,43,0,0,0,1,0
48,482970,2,2,0,0,0,2,2,309,7210,12,11,2016,7,10,43,0,8,98,98,6,NEW ROAD DR,,0,31.52609167,-97.171750000000,0,12,2,0,8,1,0,1,1,1,0,1,0,0000000,99,99,99,99,99,99,0,0,0,1,0
48,482971,1,1,0,1,1,1,1,491,5990,12,11,2016,7,10,10,1,2,3,98,8,RM620 ROUND ROCK AVE,,107,30.50995556,-97.687063890000,0,8,0,0,1,1,0,1,1,1,0,1,0,0000000,10,15,10,19,10,35,0,0,0,1,0
48,482972,1,1,0,1,1,1,1,5,0,13,11,2016,1,21,30,0,1,5,98,8,FM326,,3,31.28521944,-94.638300000000,0,8,0,0,1,1,0,1,2,1,0,1,0,0000000,99,99,99,99,99,99,0,0,0,1,0
48,482973,2,2,0,0,0,4,4,135,5030,13,11,2016,1,3,43,0,8,98,98,6,GOLDER AVE,,0,31.88780833,-102.395400000000,0,12,2,0,1,1,0,1,2,1,0,1,0,0000000,99,99,99,99,99,99,0,0,0,1,1
48,482974,1,1,0,0,0,1,1,201,3280,13,11,2016,1,6,25,1,2,2,98,2,US-90 MAIN ST,,62,29.65544444,-95.442638890000,0,25,0,1,19,1,0,3,6,10,0,10,0,0000000,99,98,99,98,88,88,0,0,0,1,1
48,482975,1,1,0,0,0,1,1,29,6090,14,11,2016,2,2,8,1,2,1,1,7,I-35 ELMIRA ST,,233,29.43603056,-98.494613890000,0,33,0,1,19,1,0,4,3,1,0,1,0,0000000,99,98,99,98,88,88,0,0,0,1,0
48,482976,5,5,0,0,0,6,6,231,0,14,11,2016,2,15,20,1,1,1,1,1,I-30,,29,32.99153611,-96.252119440000,0,12,1,0,1,1,0,1,1,1,0,1,0,0000000,15,22,15,35,16,10,0,0,0,1,0
48,482977,1,1,0,0,0,1,1,289,0,14,11,2016,2,18,55,0,1,4,98,3,SR-7,,20,31.26524167,-95.945027780000,0,5,0,0,1,1,0,1,2,1,0,1,0,0000000,99,99,99,99,99,99,0,0,0,1,0
48,482978,2,2,0,0,0,2,2,453,5325,14,11,2016,2,6,16,0,8,98,98,6,HEATHERWILDE BLVD,,0,30.47594167,-97.618547220000,0,12,6,0,8,1,1,1,2,5,0,5,0,0000000,99,98,99,98,88,88,0,0,0,1,0
48,482979,1,1,0,1,1,2,2,121,3960,15,11,2016,3,18,5,0,8,98,98,6,LAKEPOINTE DR,,0,33.01836111,-96.979205560000,0,8,0,0,1,1,0,1,2,1,0,1,0,0000000,18,5,18,13,18,39,0,0,0,1,0
48,482980,5,4,1,0,0,5,5,29,6090,16,11,2016,4,19,18,0,8,98,98,6,THOUSAND OAKS DR,PARK CROSSING DR,0,29.55793056,-98.417211110000,0,12,2,0,2,3,0,1,3,1,0,1,0,0000000,99,99,99,99,99,99,14,0,0,1,1
48,482981,1,1,0,1,1,1,1,113,1730,16,11,2016,4,5,40,0,8,98,98,6,HAMPTON RD,,0,32.72090000,-96.857116670000,0,8,0,0,1,1,0,1,3,1,0,1,0,0000000,99,98,99,98,88,88,0,0,0,1,0
48,482982,2,2,0,1,1,2,2,453,330,16,11,2016,4,5,51,1,2,1,1,1,I-35,,208,30.30587500,-97.712769440000,0,8,0,0,1,1,0,1,3,1,0,1,0,0000000,99,98,99,98,88,88,0,0,0,1,0
48,482983,1,1,0,1,1,1,1,21,2160,17,11,2016,5,19,17,1,2,3,98,2,US-290,,24,30.33923611,-97.374802780000,0,8,0,0,1,1,0,1,2,1,0,1,0,0000000,99,98,99,98,88,88,0,0,0,1,0
48,482984,2,2,0,0,0,2,2,71,9997,17,11,2016,5,15,4,1,2,3,98,3,SR-146,,70,29.78803056,-94.910905560000,0,32,0,0,1,1,0,4,1,1,0,1,0,0000000,15,7,15,14,88,88,20,0,0,1,1
48,482985,1,1,0,0,0,1,1,441,30,17,11,2016,5,11,52,0,8,98,98,6,OLD ANSON RD,,0,32.50070833,-99.753347220000,0,24,0,0,1,1,0,4,1,1,0,1,0,0000000,11,54,12,0,12,34,0,0,0,1,0
48,482986,1,1,0,1,1,1,1,27,570,18,11,2016,6,18,15,1,2,1,1,7,I-35,,145,31.03790833,-97.471883330000,0,9,0,0,1,1,0,1,2,1,0,1,0,0000000,18,15,18,22,18,38,0,0,0,1,0
48,482987,2,2,0,0,0,3,3,85,5730,20,11,2016,1,17,5,1,2,2,98,3,SR-190 PRES GEORGE BUSH HWY,PLANO RD,91,33.00313056,-96.699386110000,0,12,6,1,2,2,0,1,1,1,0,1,0,0000000,17,6,17,23,17,35,0,0,0,1,0
48,482989,1,1,0,0,0,4,4,113,1730,23,11,2016,4,0,25,0,8,98,98,6,CADDO ST,ROSELAND AVE,0,32.79940000,-96.785727780000,0,30,0,0,3,2,0,4,3,10,0,10,0,0000000,99,98,99,98,88,88,0,0,0,1,0
48,482990,2,2,0,0,0,2,2,209,3760,23,11,2016,4,23,45,1,2,1,1,7,I-35,CR-122 BEBEE RD,183,30.01998611,-97.855172220000,0,12,6,0,3,3,0,1,2,1,0,1,0,0000000,99,98,99,98,88,88,0,0,0,1,1
48,482991,1,1,0,1,1,1,1,441,30,23,11,2016,4,22,45,1,2,3,98,3,SR-351 AMBLER AVE,JUDGE ELY BLVD,23,32.47466667,-99.706550000000,0,9,0,0,2,2,0,1,3,1,0,1,0,0000000,22,47,22,48,22,59,0,0,0,1,1
48,482992,1,1,0,0,0,1,1,157,5970,11,11,2016,6,21,38,1,2,3,98,3,SR-36 1ST ST,,42,29.51180556,-95.807847220000,0,32,0,0,1,1,0,4,2,1,0,1,0,0000000,21,38,21,40,22,18,0,0,0,1,1
48,482993,1,1,0,0,0,2,2,453,330,11,11,2016,6,19,33,1,2,2,98,2,US-183 BASTROP HWY,,269,30.21947222,-97.683002780000,0,1,0,1,20,1,0,1,2,1,0,1,0,0000000,19,32,19,40,20,8,0,0,0,1,0
48,482994,1,1,0,0,0,1,1,253,0,13,11,2016,1,6,47,0,8,98,98,4,CR-229,,0,32.78746667,-99.689041670000,0,38,0,0,1,1,0,5,2,1,0,1,0,0000000,99,98,99,98,88,88,0,0,0,1,0
48,482995,2,2,0,0,0,3,3,9,0,16,11,2016,4,17,30,1,1,3,98,2,US-820,,54,33.75118611,-98.872511110000,0,12,2,0,1,1,0,1,5,1,0,1,0,0000000,99,99,99,99,99,99,0,0,0,1,0
48,482996,2,2,0,0,0,3,3,435,0,17,11,2016,5,0,57,1,1,1,1,1,I-10,,28,30.61747778,-100.753788890000,0,12,6,0,1,1,0,1,2,1,0,1,0,0000000,99,99,99,99,99,99,0,0,0,1,0
48,482997,2,2,0,0,0,2,2,497,0,21,11,2016,2,19,22,1,1,3,98,2,US-81,,103,33.32989722,-97.670236110000,0,12,6,0,1,1,0,1,2,1,0,1,0,0000000,99,98,99,98,88,88,0,0,0,1,0
48,482998,2,2,0,0,0,4,4,201,3280,24,11,2016,5,22,5,1,2,3,98,3,SR-35 REVEILLE,,11,29.68539722,-95.290341670000,0,42,0,0,1,1,0,3,3,1,0,1,0,0000000,22,6,22,11,22,50,0,0,0,1,1
48,482999,2,2,0,0,0,2,2,439,2450,25,11,2016,6,5,30,1,2,1,1,1,I-35 SEMINARY FWY,,21,32.67850556,-97.320269440000,0,12,1,1,18,1,0,1,3,10,0,10,0,0000000,5,43,5,50,6,7,0,0,0,1,0
48,483000,1,1,0,0,0,3,3,29,6090,26,11,2016,7,2,28,0,8,98,98,6,ISOM RD,,0,29.53037778,-98.490880560000,0,33,0,0,1,1,0,4,3,1,0,1,0,0000000,99,98,99,98,88,88,0,0,0,1,1
48,483001,3,3,0,0,0,3,3,215,7330,26,11,2016,7,16,39,1,2,3,98,8,BU 83,6TH ST,135,26.15588056,-97.970680560000,0,12,2,0,2,3,0,1,1,10,0,10,0,0000000,16,39,16,44,17,5,0,0,0,1,0
48,483002,1,1,0,0,0,2,2,439,2450,21,7,2016,5,11,33,1,1,1,1,2,US-35 SOUTH FWY,,75,32.64968611,-97.321602780000,0,20,0,1,5,1,0,10,1,1,0,1,0,0000000,11,35,11,40,12,7,0,0,0,1,0
48,483003,1,1,0,1,1,2,2,29,6090,20,8,2016,7,23,4,1,2,3,98,2,US-87,PECAN VALLEY,8,29.39805833,-98.432694440000,0,8,0,0,2,2,0,1,3,2,0,2,0,0000000,99,99,99,99,99,99,0,0,0,1,0
48,483004,1,1,0,1,1,3,3,39,5249,2,10,2016,1,7,31,0,8,98,98,6,BROADWAY ST,SOUTHERN TRAIL DR,0,29.55535833,-95.407063890000,0,8,0,0,3,2,0,1,4,1,0,1,0,0000000,99,99,99,99,99,99,0,0,0,1,0
48,483005,1,1,0,0,0,2,2,113,1730,24,10,2016,2,22,16,0,8,98,98,6,PINE ST,,0,32.76650556,-96.749708330000,0,10,0,0,6,1,0,1,3,1,0,1,0,763375U,99,99,99,99,99,99,0,0,0,1,0
48,483006,1,1,0,2,2,1,1,355,1550,30,10,2016,1,0,2,1,2,3,98,8,FM 43 WEBER RD,,100,27.71093611,-97.405316670000,0,8,0,0,1,1,0,1,3,1,0,1,0,0000000,99,99,99,99,99,99,0,0,0,1,0
48,483007,2,2,0,0,0,2,2,61,0,5,11,2016,7,18,18,0,2,5,98,8,FM 2520,,31,26.09718611,-97.662938890000,0,12,6,0,4,1,0,1,1,10,0,10,0,0000000,99,98,99,98,88,88,0,0,0,1,0
48,483008,1,1,0,0,0,1,1,439,2450,6,11,2016,1,6,26,0,8,98,98,6,RIVERSIDE DR,,0,32.74374167,-97.302997220000,0,21,0,0,1,1,0,3,2,1,0,1,0,0000000,6,26,6,31,6,58,0,0,0,1,0
48,483009,1,1,0,0,0,1,1,439,2450,10,11,2016,5,10,41,1,2,1,1,8,SL 820,,50,32.74238333,-97.481405560000,0,59,0,1,19,1,0,10,1,1,0,1,0,0000000,10,40,10,46,11,14,0,0,0,1,0
48,483010,1,1,0,1,1,1,1,167,2570,11,11,2016,6,16,59,0,1,5,98,8,FM 3005 TERMINI SAN LOUIS PASS,,157,29.14061111,-95.041077780000,0,15,0,0,1,1,0,1,1,1,0,1,0,0000000,99,98,99,98,88,88,0,0,0,1,0
48,483011,6,6,0,0,0,9,9,201,5230,14,11,2016,2,17,45,1,2,2,98,8,SL8 SAM HOUSTON PKWY,,174,29.70172222,-95.153433330000,0,12,1,0,1,1,0,1,5,1,0,1,0,0000000,99,99,99,99,99,99,14,0,0,1,0
48,483012,2,2,0,0,0,3,3,231,0,14,11,2016,2,14,18,1,1,1,1,1,I-30,,47,33.00665833,-96.226150000000,0,12,1,0,1,1,0,1,1,1,0,1,0,0000000,99,98,99,98,88,88,0,0,0,1,1
48,483013,3,3,0,0,0,5,5,353,6720,14,11,2016,2,17,0,1,1,3,98,8,BI20M BROADWAY AVE,FM1544,141,32.45996667,-100.437680560000,0,12,1,0,3,3,0,1,1,1,0,1,0,0000000,17,7,17,11,17,54,0,0,0,1,0
48,483014,1,1,0,0,0,1,1,201,3280,15,11,2016,3,17,0,1,2,3,98,3,SR-6,,130,29.75000278,-95.644566670000,0,53,0,0,1,1,0,4,1,1,0,1,0,0000000,99,98,99,98,88,88,0,0,0,1,0
48,483015,1,1,0,0,0,1,1,113,2590,16,11,2016,4,21,10,1,2,1,1,7,I-635 EASTGATE DR,,119,32.86064167,-96.655130560000,0,33,0,0,5,1,0,10,3,1,0,1,0,0000000,99,98,99,98,88,88,0,0,0,1,0
48,483016,1,1,0,1,1,1,1,439,260,16,11,2016,4,16,48,1,2,3,98,8,FM157 COOPER ST,ABRAM ST,149,32.73566944,-97.114577780000,0,8,0,0,2,2,0,1,1,1,0,1,0,0000000,16,48,16,54,17,7,0,0,0,1,0
48,483017,2,2,0,0,0,2,2,27,0,17,11,2016,5,14,24,0,8,98,98,4,CR-SPARTA RD,,0,31.09175278,-97.497925000000,0,12,2,0,1,1,0,1,1,1,0,1,0,0000000,14,24,14,33,15,44,0,0,0,2,0
48,483018,2,2,0,0,0,2,2,113,1730,17,11,2016,5,22,31,1,2,3,98,8,SL12 BUCKNER BLVD,,84,32.75233611,-96.682944440000,0,12,7,0,1,1,0,1,3,10,0,10,0,0000000,99,99,99,99,99,99,0,0,0,1,0
48,483019,1,1,0,0,0,3,3,141,2190,17,11,2016,5,2,56,1,2,1,1,1,I-10,,73,31.89450278,-106.582558330000,0,31,0,0,1,1,0,4,3,1,0,1,0,0000000,99,99,99,99,99,99,0,0,0,1,0
48,483020,1,1,0,0,0,2,2,113,2800,18,11,2016,6,13,5,0,8,98,98,6,DALWORTH ST,,0,32.74469722,-97.031194440000,0,42,0,0,1,1,0,4,1,1,0,1,0,0000000,13,11,13,16,13,35,0,0,0,1,0
48,483022,2,2,0,0,0,2,2,51,0,19,11,2016,7,17,15,0,1,5,98,8,FM60,,33,30.43429444,-96.755905560000,0,1,0,0,1,1,1,1,5,1,0,1,0,0000000,99,98,99,98,88,88,0,0,0,1,1
48,483023,1,1,0,1,1,3,3,113,2590,19,11,2016,7,22,54,1,2,1,1,1,I-635 LBJ FWY,,5,32.87672778,-96.685583330000,0,8,0,0,1,1,0,1,3,1,0,1,0,0000000,99,99,99,99,99,99,0,0,0,1,0
48,483024,1,1,0,0,0,1,1,491,0,19,11,2016,7,10,21,0,8,98,98,4,CR-REMUDA DR,,0,30.72383889,-97.913319440000,0,42,0,0,1,1,0,4,1,1,0,1,0,0000000,99,98,99,98,88,88,0,0,0,1,0
48,483025,3,3,0,1,1,3,3,459,0,19,11,2016,7,22,59,0,1,4,98,2,US-271,,177,32.64954167,-94.933647220000,0,12,6,0,1,1,0,1,2,1,0,1,0,0000000,99,99,99,99,99,99,14,15,19,1,0
48,483026,2,2,0,0,0,2,2,201,0,20,11,2016,1,14,0,0,8,98,98,4,CR-LOUETTA RD,CR-BENT ELM DR,0,30.04206944,-95.485555560000,0,12,6,0,2,3,0,1,1,1,0,1,0,0000000,14,10,14,22,14,51,0,0,0,1,0
48,483027,1,1,0,0,0,1,1,201,3280,20,11,2016,1,2,35,0,8,98,98,6,HARRISBURG BLVD,,0,29.72867778,-95.279902780000,0,24,0,0,1,1,0,3,3,1,0,1,0,0000000,99,98,99,98,88,88,0,0,0,1,1
48,483028,4,4,0,0,0,7,7,439,260,20,11,2016,1,19,29,1,2,3,98,8,FM157 COLLINS ST,,106,32.78298889,-97.095558330000,0,12,1,0,1,1,0,1,2,1,0,1,0,0000000,19,29,19,32,20,1,14,0,0,3,0
48,483029,1,1,0,0,0,1,1,115,0,21,11,2016,2,10,22,0,1,4,98,3,SR-137,,311,32.56390000,-101.905669440000,0,1,0,0,1,1,0,4,1,1,0,1,0,0000000,10,24,10,37,88,88,0,0,0,1,0
48,483030,1,1,0,0,0,1,1,303,0,21,11,2016,2,19,26,0,1,5,98,8,FM400,,11,33.40604444,-101.643486110000,0,1,0,0,1,1,0,4,2,10,0,10,0,0000000,99,98,99,98,88,88,0,0,0,1,0
48,483031,2,2,0,0,0,2,2,201,3280,22,11,2016,3,4,25,0,8,98,98,6,CLINTON DR,,0,29.73272222,-95.214119440000,0,12,6,0,8,1,0,1,2,1,0,1,0,0000000,99,99,99,99,88,88,0,0,0,1,0
48,483032,1,1,0,0,0,1,1,449,0,22,11,2016,3,10,19,0,8,98,98,4,CR-3150,,0,33.19143889,-94.834319440000,0,32,0,0,1,1,0,4,1,2,0,2,0,0000000,10,13,10,24,11,3,24,0,0,1,0
48,483033,1,1,0,0,0,3,3,113,1730,9,6,2016,5,4,5,1,2,1,1,1,I-35/STEMMONS FWY,,252,32.86382778,-96.894455560000,0,25,0,0,1,1,0,3,3,10,0,10,0,0000000,99,99,99,99,99,99,0,0,0,1,1
48,483034,2,2,0,0,0,4,4,453,330,22,7,2016,6,23,30,1,2,3,98,8,FM 734/PARMER LANE,RIATA VISTA CIR,10,30.43424444,-97.731844440000,0,12,6,0,2,2,0,1,2,1,0,1,0,0000000,23,31,23,38,0,1,0,0,0,1,0
48,483036,1,1,0,0,0,1,1,29,6090,22,10,2016,7,0,36,1,2,1,1,1,I-35,,218,29.41767500,-98.502288890000,0,25,0,0,1,1,0,3,3,1,0,1,0,0000000,99,98,99,98,88,88,0,0,0,1,0
48,483037,1,1,0,0,0,3,3,27,0,25,10,2016,3,20,28,0,8,98,98,4,CR-OLD HWY 81,,0,31.21598056,-97.305369440000,0,23,0,0,1,1,0,4,2,1,0,1,0,0000000,20,33,20,51,21,29,0,0,0,2,0
48,483038,1,1,0,0,0,22,22,281,4060,31,10,2016,2,20,10,0,8,98,98,6,RAILWAY RD,,0,31.21680000,-98.392950000000,0,5,0,0,1,1,0,1,3,1,0,1,0,0000000,88,88,88,88,88,88,0,0,0,1,0
48,483039,2,2,0,0,0,2,2,451,6080,31,10,2016,2,15,41,0,2,4,98,3,SR-208/19TH ST,OAKES ST,151,31.48116667,-100.444336110000,0,12,6,0,2,2,0,1,1,1,0,1,0,0000000,99,99,99,99,99,99,0,0,0,1,0
48,483040,2,2,0,0,0,5,5,113,3420,6,11,2016,1,3,28,1,2,2,98,3,SR-183/AIRPORT FWY,,59,32.83700556,-96.949972220000,0,12,1,0,1,1,1,1,2,1,0,1,0,0000000,3,10,3,38,4,21,0,0,0,4,1
48,483041,2,2,0,1,1,3,3,13,0,9,11,2016,4,3,28,1,1,1,1,1,I-37,,134,28.77711111,-98.308950000000,0,12,11,0,1,1,0,1,2,2,0,2,0,0000000,3,28,3,50,88,88,19,0,0,1,0
48,483042,2,2,0,0,0,2,2,363,4630,10,11,2016,5,5,45,0,2,3,98,2,US-180,GARRET MORRIS PKWY,376,32.81078611,-98.082888890000,0,12,2,0,2,2,0,1,3,1,0,1,0,0000000,5,50,6,14,6,52,0,0,0,1,0
48,483043,2,1,1,1,1,1,1,471,0,10,11,2016,5,4,30,1,1,1,1,1,I-45,,253,30.80058056,-95.684011110000,0,14,0,0,1,1,0,2,2,1,0,1,0,0000000,4,33,4,49,5,50,0,0,0,1,0
48,483044,1,1,0,0,0,1,1,453,330,11,11,2016,6,20,25,1,2,1,1,7,I-35,,243,30.10631944,-97.810250000000,0,1,0,0,1,1,0,1,2,1,0,1,0,0000000,99,99,99,99,99,99,0,0,0,1,0
48,483045,1,1,0,0,0,3,3,201,0,12,11,2016,7,23,30,0,8,98,98,4,CR-REX RD,CR-BEAMER RD,0,29.55051111,-95.171969440000,0,34,0,0,3,3,0,4,2,1,0,1,0,0000000,23,22,23,33,0,8,0,0,0,1,1
48,483046,1,1,0,0,0,1,1,201,0,13,11,2016,1,21,55,0,8,98,98,4,CR-SPRING CYPRESS RD,CR-TELGE RD,0,29.99096111,-95.653247220000,0,34,0,0,3,3,0,4,3,1,0,1,0,0000000,22,22,22,38,23,10,0,0,0,1,0
48,483047,1,1,0,0,0,2,2,291,0,13,11,2016,1,1,21,0,1,5,98,8,FM 2610,,1,30.49003056,-94.832369440000,0,1,0,0,1,1,0,4,2,1,0,1,0,0000000,1,39,2,31,3,8,0,0,0,1,1
48,483048,1,1,0,1,1,1,1,339,0,14,11,2016,2,18,40,1,1,3,98,3,SR-105,,126,30.36548056,-95.615911110000,0,8,0,0,1,1,0,1,2,1,0,1,0,0000000,99,98,99,98,88,88,0,0,0,1,0
48,483049,2,2,0,0,0,2,2,491,0,14,11,2016,2,6,50,0,2,5,98,8,FM 3349,,107,30.54443056,-97.484761110000,0,12,2,0,1,1,0,1,4,5,0,5,0,0000000,6,55,7,9,7,42,0,0,0,1,0
48,483050,2,2,0,0,0,5,5,503,0,14,11,2016,2,5,40,1,1,3,98,3,SR-114,,5,33.30156944,-98.623138890000,0,12,2,0,1,1,0,2,2,5,0,5,0,0000000,5,40,6,10,7,0,0,0,0,1,0
48,483051,2,2,0,0,0,2,2,467,0,15,11,2016,3,12,52,0,1,5,98,3,SR-64,CR-3406,37,32.65020556,-95.967180560000,0,12,1,0,3,4,0,1,1,1,0,1,0,0000000,99,98,99,98,88,88,0,0,0,1,0
48,483052,1,1,0,1,1,1,1,5,1900,16,11,2016,4,3,50,1,2,3,98,2,US-59 TEMPLE DR,,90,31.20260556,-94.777130560000,0,8,0,0,1,1,0,1,2,1,0,1,0,0000000,99,98,99,98,88,88,0,0,0,1,0
48,483053,1,1,0,0,0,1,1,273,0,16,11,2016,4,7,15,0,8,98,98,4,CR-2140,,0,27.43697222,-97.856200000000,0,10,0,0,6,1,0,1,1,1,0,1,0,427655X,99,98,99,98,88,88,0,0,0,1,0
48,483054,1,1,0,0,0,1,1,361,0,16,11,2016,4,20,20,0,8,98,98,4,CR-HOO HOO RD,,0,30.05590278,-93.826508330000,0,5,0,0,1,1,0,1,2,1,0,1,0,0000000,99,99,99,99,99,99,0,0,0,1,1
48,483055,2,2,0,0,0,4,4,495,0,16,11,2016,4,17,0,0,1,5,98,3,SR-302,,128,31.79438333,-103.281833330000,0,12,6,0,1,1,0,1,5,1,0,1,0,0000000,99,99,99,99,99,99,0,0,0,1,0
48,483056,1,1,0,0,0,2,2,153,0,17,11,2016,5,20,51,0,8,98,98,4,CR-160,CR-189,0,34.11391667,-101.274294440000,0,30,0,0,3,2,0,4,3,1,0,1,0,0000000,99,99,99,99,99,99,0,0,0,1,1
48,483057,2,2,0,0,0,2,2,201,3280,17,11,2016,5,15,3,0,8,98,98,6,BRAESWOOD BLVD,FERRIS ST,0,29.67889444,-95.471850000000,0,12,6,0,2,3,0,1,1,1,0,1,0,0000000,15,3,15,12,15,30,0,0,0,1,0
48,483058,1,1,0,0,0,1,1,277,0,17,11,2016,5,13,30,1,1,3,98,8,FM905 OLD JEFFERSON RD,,37,33.60520000,-95.481080560000,0,42,0,0,1,1,0,4,1,1,0,1,0,0000000,99,99,99,99,99,99,0,0,0,1,0
48,483059,1,1,0,1,1,1,1,339,0,17,11,2016,5,18,34,1,1,1,1,7,I-69/US-59,,170,30.26248889,-95.142836110000,0,8,0,0,1,1,0,1,2,1,0,1,0,0000000,99,99,99,99,99,99,23,0,0,1,0
48,483060,2,2,0,0,0,6,6,475,0,17,11,2016,5,10,40,1,2,1,1,1,I-20,,294,31.57586944,-102.938502780000,0,12,6,0,1,1,0,1,1,1,0,1,0,0000000,10,44,10,50,11,17,0,0,0,2,0
48,483061,1,1,0,0,0,1,1,177,0,18,11,2016,6,3,3,1,1,1,1,1,I-10,,91,29.69220000,-97.231188890000,0,24,0,0,1,1,1,4,2,10,0,10,0,0000000,99,98,99,98,88,88,0,0,0,1,0
48,483062,3,3,0,0,0,3,3,177,0,18,11,2016,6,15,31,1,1,1,1,1,I-10,,20,29.66512778,-97.350294440000,0,12,1,0,1,1,0,1,1,1,0,1,0,0000000,99,99,99,99,99,99,28,0,0,1,0
48,483063,1,1,0,0,0,1,1,241,0,18,11,2016,6,19,50,0,8,98,98,4,CR-BOAT RAMP,,0,30.92418889,-94.156466670000,0,3,0,0,1,1,0,4,2,1,0,1,0,0000000,99,98,99,98,88,88,0,0,0,1,0
48,483064,1,1,0,0,0,1,1,303,4140,18,11,2016,6,23,16,1,2,1,1,7,I-27,,229,33.53282222,-101.844875000000,0,24,0,0,1,1,0,10,3,1,0,1,0,0000000,23,20,23,26,23,44,0,0,0,1,1
48,483065,1,1,0,1,1,1,1,309,0,18,11,2016,6,5,47,1,1,3,98,3,SR-31,,127,31.69490556,-96.951527780000,0,8,0,0,1,1,0,2,2,1,0,1,0,0000000,99,98,99,98,88,88,19,0,0,1,0
48,483066,3,3,0,0,0,8,8,365,0,18,11,2016,6,13,30,1,1,3,98,2,US-79,,93,32.30838611,-94.157269440000,0,12,6,0,1,1,0,1,1,2,0,2,0,0000000,99,99,99,99,99,99,0,0,0,1,0
48,483067,2,2,0,1,1,6,6,1,5170,19,11,2016,7,18,48,1,2,3,98,2,US-79 OAK ST,,34,31.73243056,-95.673625000000,0,8,0,0,1,1,0,1,2,1,0,1,0,0000000,99,98,99,98,88,88,0,0,0,1,0
48,483068,1,1,0,1,1,2,2,147,760,19,11,2016,7,22,49,0,8,98,98,6,BEECH ST,9TH ST,0,33.58186389,-96.185752780000,0,9,0,0,2,2,0,1,2,1,0,1,0,0000000,22,59,23,24,0,8,0,0,0,1,0
48,483069,2,2,0,0,0,3,3,167,0,19,11,2016,7,17,56,0,2,4,98,8,FM517,,190,29.48541944,-94.941194440000,0,12,1,0,1,1,0,1,1,1,0,1,0,0000000,99,99,99,99,99,99,0,0,0,2,1