STATE,ST_CASE,VE_TOTAL,VE_FORMS,PVH_INVL,PEDS,PERNOTMVIT,PERMVIT,PERSONS,COUNTY,CITY,DAY,MONTH,YEAR,DAY_WEEK,HOUR,MINUTE,NHS,RUR_URB,FUNC_SYS,RD_OWNER,ROUTE,TWAY_ID,TWAY_ID2,MILEPT,LATITUDE,LONGITUD,SP_JUR,HARM_EV,MAN_COLL,RELJCT1,RELJCT2,TYP_INT,WRK_ZONE,REL_ROAD,LGT_COND,WEATHER1,WEATHER2,WEATHER,SCH_BUS,RAIL,NOT_HOUR,NOT_MIN,ARR_HOUR,ARR_MIN,HOSP_HR,HOSP_MN,CF1,CF2,CF3,FATALS,DRUNK_DR
48,483285,1,1,0,0,0,1,1,419,0,16,12,2016,6,17,0,0,1,5,98,8,FM 139,,355,31.69550556,-93.949469440000,0,1,0,0,1,1,0,1,1,10,0,10,0,0000000,99,98,99,98,88,88,0,0,0,1,0
48,483286,1,1,0,0,0,2,2,113,1730,17,12,2016,7,17,43,0,8,98,98,6,MILITARY PKWY,,0,32.77946667,-96.721925000000,0,31,0,0,1,1,0,4,5,10,0,10,0,0000000,99,99,99,99,99,99,0,0,0,1,1
48,483287,1,1,0,0,0,2,2,141,2190,17,12,2016,7,1,15,0,8,98,98,6,PENDALE RD,,0,31.70913889,-106.331313890000,0,38,0,0,1,1,0,5,3,1,0,1,0,0000000,99,98,99,98,88,88,0,0,0,2,0
48,483288,2,2,0,0,0,3,3,439,260,17,12,2016,7,9,16,0,8,98,98,6,TURNER WARNELL RD,,0,32.61242500,-97.137333330000,0,12,6,0,1,1,0,1,1,10,0,10,0,0000000,99,99,99,99,99,99,0,0,0,1,0
48,483289,1,1,0,1,1,2,2,29,6090,18,12,2016,1,20,0,0,8,98,98,6,WURZBACH RD,,0,29.52385556,-98.569541670000,0,8,0,0,1,1,0,1,3,10,0,10,0,0000000,99,98,99,98,88,88,0,0,0,1,0
48,483290,1,1,0,0,0,8,8,55,0,18,12,2016,1,4,10,1,1,3,98,2,US-183/SR-130,,41,29.97891389,-97.681091670000,0,1,0,0,1,1,0,4,2,10,0,10,0,0000000,99,99,99,99,99,99,0,0,0,1,0
48,483291,1,1,0,0,0,3,3,63,0,18,12,2016,1,12,50,0,1,5,98,8,FM 993,,33,32.95166389,-94.934663890000,0,35,0,0,1,1,0,4,1,1,0,1,0,0000000,99,99,99,99,99,99,0,0,0,1,0
48,483292,3,3,0,0,0,3,3,381,150,20,12,2016,3,6,53,0,8,98,98,8,GEORGIA ST,45TH AVE,0,35.16384444,-101.866383330000,0,12,6,0,2,2,0,1,3,1,0,1,0,0000000,99,98,99,98,88,88,0,0,0,1,0
48,483294,2,2,0,0,0,3,3,329,0,23,10,2016,1,18,50,0,1,98,98,4,CR-120,,0,31.96848611,-102.020741670000,0,12,6,0,8,1,0,1,1,1,0,1,0,0000000,99,99,99,99,99,99,0,0,0,2,0
48,483295,1,1,0,0,0,1,1,139,0,29,10,2016,7,0,0,0,1,5,98,8,FM 157,,32,32.37371667,-97.061030560000,0,1,0,0,1,1,0,4,2,1,0,1,0,0000000,99,99,99,99,99,99,0,0,0,1,1
48,483296,1,1,0,0,0,1,1,245,0,30,10,2016,1,12,5,1,1,1,1,1,I-10,,141,30.00176667,-94.193450000000,0,44,0,0,1,1,1,1,1,1,0,1,0,0000000,99,99,99,99,99,99,3,0,0,1,0
48,483297,2,2,0,0,0,3,3,317,0,19,11,2016,7,0,5,1,1,1,1,1,I-20,,109,32.14660000,-101.743200000000,0,12,1,0,1,1,0,1,2,1,0,1,0,0000000,99,99,99,99,99,99,0,0,0,2,0
48,483298,2,2,0,0,0,2,2,135,0,1,12,2016,5,17,45,1,2,3,98,8,SL 338,,234,31.94413889,-102.373230560000,8,1,0,0,1,1,0,3,3,1,0,1,0,0000000,99,99,99,99,99,99,0,0,0,1,1
48,483299,1,1,0,0,0,1,1,29,6090,4,12,2016,1,19,20,0,8,98,98,6,QUINTANA RD,,0,29.34499444,-98.583925000000,0,7,0,0,1,1,0,1,2,2,0,2,0,0000000,99,98,99,98,88,88,7,0,0,1,0
48,483300,2,2,0,0,0,3,3,167,3920,4,12,2016,1,12,59,1,2,3,98,3,SR-3,,18,29.51081667,-95.098280560000,0,12,2,0,1,1,0,1,1,2,0,2,0,0000000,99,99,99,99,99,99,0,0,0,1,0
48,483301,1,1,0,0,0,1,1,497,1780,5,12,2016,2,20,52,0,2,5,98,8,BU-380/US-380 BUSINESS HWY,,1,33.23631389,-97.582858330000,0,42,0,0,1,1,0,4,3,10,0,10,0,0000000,99,98,99,98,88,88,0,0,0,1,0
48,483302,2,2,0,0,0,2,2,29,6090,7,12,2016,4,7,20,1,2,1,1,7,I-10,,115,29.44950833,-98.347941670000,0,24,0,0,1,1,0,4,4,10,0,10,0,0000000,99,98,99,98,88,88,0,0,0,1,0
48,483303,2,2,0,0,0,2,2,97,0,8,12,2016,5,11,58,0,1,5,98,8,FM 455,CR-2845,15,33.43403611,-97.467344440000,0,12,2,0,2,3,0,1,1,1,0,1,0,0000000,99,98,99,98,88,88,0,0,0,1,0
48,483304,2,2,0,0,0,4,4,61,0,9,12,2016,6,7,15,0,1,5,98,3,SR-345/SAM HOUSTON RD,,29,26.20036944,-97.574388890000,0,12,6,0,1,1,0,1,1,1,0,1,0,0000000,99,99,99,99,99,99,0,0,0,1,0
48,483305,1,1,0,1,1,1,1,167,3850,9,12,2016,6,21,36,1,2,3,98,8,FM 1765,,33,29.37857778,-94.996800000000,0,8,0,0,1,1,0,1,2,1,0,1,0,0000000,99,98,99,98,88,88,0,0,0,1,0
48,483306,2,2,0,0,0,3,3,17,0,10,12,2016,7,5,13,0,1,4,98,2,US-70,FM 3269,144,34.23446111,-102.671280560000,0,12,6,0,2,2,0,1,2,1,0,1,0,0000000,5,37,5,50,6,57,0,0,0,1,0
48,483307,3,3,0,1,1,3,3,201,3280,10,12,2016,7,2,27,1,2,1,1,1,I-45/NORTH FWY,,352,29.90541111,-95.412213890000,0,8,0,0,1,1,0,1,3,1,0,1,0,0000000,2,26,2,37,2,57,23,19,0,1,0
48,483308,1,1,0,0,0,4,4,201,3280,11,12,2016,1,5,7,1,2,3,98,8,FM1093/WESTHEIMER RD,,138,29.74047222,-95.467008330000,0,43,0,0,1,1,0,4,3,10,0,10,0,0000000,5,38,5,49,6,10,0,0,0,1,1
48,483309,1,1,0,0,0,1,1,401,0,12,12,2016,2,18,28,1,1,3,98,2,US-259,,45,32.30703056,-94.866600000000,0,1,0,0,1,1,0,1,2,1,0,1,0,0000000,99,99,99,99,99,99,0,0,0,1,1
48,483310,2,2,0,0,0,2,2,161,0,13,12,2016,3,5,39,1,1,1,1,1,I-45,,76,31.57881111,-96.148038890000,0,12,7,0,1,1,0,1,2,5,0,5,0,0000000,5,48,6,0,99,99,0,0,0,1,0
48,483311,2,2,0,0,0,5,5,227,640,13,12,2016,3,7,5,1,2,3,98,8,BI-20/4TH ST,BENTON ST,143,32.25416944,-101.469641670000,0,12,6,0,2,2,0,1,4,1,0,1,0,0000000,7,6,7,11,7,25,0,0,0,1,0
48,483312,2,2,0,0,0,2,2,39,0,14,12,2016,4,6,30,0,1,5,98,8,FM 521,,34,29.32663889,-95.452800000000,0,12,2,0,1,1,0,1,4,1,0,1,0,0000000,99,99,99,99,99,99,0,0,0,2,0
48,483313,1,1,0,1,1,4,4,29,6090,15,12,2016,5,20,10,0,8,98,98,6,CULEBRA RD,,0,29.44682500,-98.542177780000,0,8,0,0,1,1,0,1,3,1,0,1,0,0000000,99,99,99,99,88,88,0,0,0,1,0
48,483314,2,2,0,0,0,8,8,91,4870,16,12,2016,6,22,46,1,2,1,1,7,I-38,,159,29.74801111,-98.057602780000,0,12,1,0,1,1,0,1,2,10,0,10,0,0000000,23,5,23,18,0,9,0,0,0,1,1
48,483315,3,3,0,0,0,4,4,113,1730,16,12,2016,6,12,35,1,2,3,98,8,SL 12/BUCKNER BLVD,,31,32.82571667,-96.697111110000,0,12,2,0,1,1,0,1,1,10,0,10,0,0000000,12,37,12,42,13,23,0,0,0,1,0
48,483316,3,3,0,0,0,5,5,141,2190,16,12,2016,6,23,49,1,2,2,98,8,SL 375/PURPLE HEART MEMORIAL,,173,31.84648333,-106.328152780000,0,12,2,0,1,1,0,1,3,1,0,1,0,0000000,99,99,99,99,99,99,0,0,0,1,0
48,483317,3,3,0,0,0,6,6,329,4560,16,12,2016,6,23,28,0,8,98,98,6,FAIRGROUNDS RD,SCHARBAUER DR,0,32.02468889,-102.055383330000,0,12,1,0,3,3,0,1,3,1,0,1,0,0000000,23,28,23,49,0,4,0,0,0,1,1
48,483318,2,2,0,0,0,3,3,483,0,16,12,2016,6,18,13,1,1,1,1,7,I-40,,129,35.22730000,-100.311711110000,0,12,8,0,1,1,0,1,2,10,0,10,0,0000000,99,99,99,99,99,99,0,0,0,1,0
48,483319,1,1,0,1,1,1,1,85,2520,17,12,2016,7,6,33,0,8,98,98,7,DALLAS PKWY,,0,33.18853611,-96.839513890000,0,9,0,0,1,1,0,1,2,10,0,10,0,0000000,6,33,6,39,6,59,0,0,0,1,0
48,483320,2,2,0,0,0,2,2,201,7286,17,12,2016,7,1,19,0,8,98,98,6,NASA PKWY,,0,29.53594722,-95.120325000000,0,12,2,0,1,1,0,1,3,2,0,2,0,0000000,99,99,99,99,88,88,0,0,0,1,1
48,483321,1,1,0,0,0,2,2,391,0,17,12,2016,7,7,22,0,1,5,98,8,FM 1360,,41,28.18845833,-97.328941670000,0,24,0,0,1,1,0,4,1,5,0,5,0,0000000,7,24,7,38,8,23,0,0,0,1,0
48,483322,1,1,0,1,1,1,1,29,6090,18,12,2016,1,1,40,1,1,1,1,1,I-410,,67,29.39830278,-98.647947220000,0,8,0,1,20,1,0,1,2,1,0,1,0,0000000,99,98,99,98,88,88,0,0,0,1,0
48,483323,3,3,0,0,0,3,3,121,1840,18,12,2016,1,13,5,1,2,3,98,2,US-377/380 UNIVERSITY DR,,16,33.23812500,-97.039005560000,0,12,6,0,1,1,0,1,1,1,0,1,0,0000000,13,25,13,34,13,51,0,0,0,1,0
48,483324,1,1,0,0,0,4,4,225,0,18,12,2016,1,3,15,0,1,4,98,2,US-287,,220,31.54911944,-95.486469440000,0,1,0,0,1,1,0,1,2,1,0,1,0,0000000,3,33,3,58,4,20,0,0,0,1,1
48,483325,1,1,0,0,0,2,2,351,0,18,12,2016,1,17,15,0,1,5,98,3,SR-87,,67,31.10246111,-93.733586110000,0,42,0,0,1,1,0,4,1,1,0,1,0,0000000,99,99,99,99,99,99,0,0,0,1,0
48,483326,3,3,0,0,0,3,3,355,1550,18,12,2016,1,0,59,0,8,98,98,6,GOLLIHAR RD,DEVON DR,0,27.74139444,-97.413472220000,0,12,6,0,2,3,0,1,3,10,0,10,0,0000000,1,0,1,4,1,13,0,0,0,1,0
48,483327,1,1,0,0,0,3,3,453,330,18,12,2016,1,5,8,1,2,3,98,3,SR-71,,199,30.25122222,-97.897105560000,0,42,0,0,1,1,0,4,2,1,0,1,0,0000000,99,99,99,99,88,88,0,0,0,1,0
48,483328,1,1,0,1,1,1,1,29,6090,19,12,2016,2,21,28,1,2,1,1,1,I-35,,270,29.44143889,-98.438655560000,0,8,0,1,18,1,0,1,3,1,0,1,0,0000000,99,98,99,98,88,88,0,0,0,1,0
48,483329,1,1,0,1,1,1,1,201,3280,19,12,2016,2,3,0,1,2,1,1,1,I-45,,220,29.74335278,-95.359580560000,0,8,0,1,20,1,0,1,3,1,0,1,0,0000000,3,44,3,56,4,27,0,0,0,1,0
48,483330,1,1,0,0,0,1,1,113,1730,20,12,2016,3,5,15,0,8,98,98,6,HAMPTON RD,,0,32.79158333,-96.856669440000,0,33,0,0,1,1,0,4,3,1,0,1,0,0000000,99,98,99,98,88,88,0,0,0,1,0
48,483331,1,1,0,0,0,6,6,209,3760,20,12,2016,3,5,33,1,2,1,1,1,I-35,,151,29.97679167,-97.874011110000,0,34,0,1,5,1,0,10,2,10,0,10,0,0000000,5,37,5,47,7,17,0,0,0,1,0
48,483332,3,3,0,0,0,3,3,231,2860,20,12,2016,3,21,29,1,2,1,1,1,I-30,,144,33.10101667,-96.104172220000,0,25,0,0,1,1,0,3,3,1,0,1,0,0000000,99,98,99,98,88,88,0,0,0,1,0
48,483333,1,1,0,1,1,1,1,249,0,20,12,2016,3,19,14,0,1,4,98,3,SR-359,,175,27.82864167,-98.017833330000,0,8,0,0,1,1,0,1,2,1,0,1,0,0000000,99,98,99,98,88,88,0,0,0,1,0
48,483334,1,1,0,0,0,2,2,343,0,20,12,2016,3,16,28,1,1,1,1,1,I-30,,56,33.29657222,-94.720350000000,0,1,0,0,1,1,0,3,1,1,0,1,0,0000000,99,98,99,98,88,88,0,0,0,2,0
48,483335,2,2,0,1,1,2,2,453,330,20,12,2016,3,10,10,0,8,98,98,6,15TH ST,SAN JACINTO BLVD,0,30.27628611,-97.737083330000,0,12,6,0,2,2,0,1,1,1,0,1,0,0000000,10,12,10,14,10,25,0,0,0,1,0
48,483336,2,2,0,0,0,4,4,29,0,21,12,2016,4,13,3,0,8,98,98,6,ALAMO RANCH,WESTWOOD LOOP,0,29.48629444,-98.714430560000,0,12,6,0,2,2,0,1,1,1,0,1,0,0000000,99,99,99,99,99,99,0,0,0,3,0
48,483337,2,2,0,0,0,2,2,29,6090,21,12,2016,4,0,32,0,8,98,98,6,DIAMONDHEAD DR,,0,29.49566389,-98.405113890000,0,12,2,0,1,1,0,1,2,1,0,1,0,0000000,99,99,99,99,88,88,0,0,0,2,0
48,483338,3,2,1,0,0,4,4,183,4080,21,12,2016,4,19,40,0,2,4,98,8,FM 1845 PINE TREE RD,SYCAMORE LN,154,32.51877500,-94.800605560000,0,12,6,0,2,2,0,1,2,1,0,1,0,0000000,19,48,19,51,20,15,14,0,0,1,1
48,483339,2,2,0,0,0,22,22,225,0,21,12,2016,4,21,2,0,1,4,98,3,SR-19,,344,31.09414444,-95.430783330000,0,12,2,0,1,1,0,1,2,1,0,1,0,0000000,21,12,21,35,22,38,0,0,0,1,0
48,483340,1,1,0,0,0,1,1,453,330,21,12,2016,4,5,47,1,2,2,98,3,SR-71 BEN WHITE BLVD,,22,30.22556944,-97.768205560000,0,21,0,1,19,1,0,10,3,1,0,1,0,0000000,99,98,99,98,88,88,0,0,0,1,1
48,483341,1,1,0,0,0,1,1,459,0,21,12,2016,4,11,57,0,1,4,98,2,US-271,,235,32.57142778,-94.920202780000,0,1,0,0,1,1,0,4,1,1,0,1,0,0000000,12,7,12,17,12,52,0,0,0,1,0
48,483342,2,2,0,0,0,3,3,467,0,21,12,2016,4,17,35,0,1,6,98,8,FM 857,,49,32.62666111,-95.646011110000,0,12,8,0,1,1,0,1,2,1,0,1,0,0000000,99,99,99,99,99,99,0,0,0,1,1
48,483343,1,1,0,0,0,1,1,45,0,23,12,2016,6,17,45,0,1,5,98,3,SR-86,,133,34.45995833,-101.239372220000,0,1,0,0,1,1,0,4,3,1,0,1,0,0000000,17,58,18,6,19,5,0,0,0,1,1
48,483344,1,1,0,1,1,1,1,113,1730,23,12,2016,6,20,49,1,2,3,98,8,SL 12/NORTHWEST HWY,,263,32.86557222,-96.774258330000,0,8,0,0,1,1,0,1,3,5,0,5,0,0000000,20,50,20,56,21,8,0,0,0,1,0
48,483345,1,1,0,0,0,1,1,113,1730,23,12,2016,6,1,56,0,8,98,98,6,CANADA DR,PLUTO ST,0,32.79271389,-96.891083330000,0,1,0,0,3,3,0,4,3,10,0,10,0,0000000,1,57,2,7,99,99,0,0,0,1,1
48,483346,2,2,0,0,0,5,5,113,1730,23,12,2016,6,23,56,0,8,98,98,6,SHADY TRL,,0,32.86570833,-96.890494440000,0,12,2,0,1,1,0,1,3,5,0,5,0,0000000,0,1,0,2,0,21,0,0,0,1,0
48,483347,1,1,0,0,0,1,1,201,3280,23,12,2016,6,23,12,1,2,1,1,1,I-10 KATY FWY,,102,29.78207500,-95.451969440000,0,25,0,1,5,1,0,4,3,10,0,10,0,0000000,23,13,23,22,23,42,0,0,0,1,1
48,483348,2,1,1,3,3,1,1,303,4140,23,12,2016,6,19,52,1,2,2,98,8,SL 289,,210,33.61976111,-101.884938890000,0,14,0,0,1,1,0,2,3,1,0,1,0,0000000,19,55,20,0,20,19,0,0,0,1,0
48,483349,2,2,0,0,0,4,4,423,7070,23,12,2016,6,13,13,0,2,5,98,8,FM 756/PALUXY DR,,30,32.26713611,-95.279425000000,0,12,6,0,1,1,0,1,1,2,0,2,0,0000000,99,99,99,99,99,99,0,0,0,1,0
48,483350,3,3,0,1,1,7,7,453,330,23,12,2016,6,22,10,1,2,3,98,8,SL 360/CAPITAL OF TEXAS HWY,,217,30.27823611,-97.820236110000,0,8,0,0,1,1,0,1,2,10,0,10,0,0000000,99,98,99,98,88,88,0,0,0,1,0
48,483351,1,1,0,1,1,1,1,29,6090,25,12,2016,1,19,11,0,8,98,98,6,WURZBACH RD,,0,29.52477500,-98.568566670000,0,8,0,0,1,1,0,1,2,10,0,10,0,0000000,99,99,99,99,99,99,0,0,0,1,0
48,483352,1,1,0,1,1,1,1,29,6090,25,12,2016,1,22,44,0,8,98,98,6,ENRIQUE M BARRERA PKWY/OLD HWY,,0,29.42948889,-98.567641670000,0,8,0,0,1,1,0,1,3,1,0,1,0,0000000,99,99,99,99,88,88,0,0,0,1,0
48,483353,1,1,0,1,1,1,1,29,6090,26,12,2016,2,10,27,0,8,98,98,6,BLUFF MANOR DR,,0,29.57763056,-98.499461110000,0,8,0,0,8,1,0,1,1,1,0,1,0,0000000,99,99,99,99,99,99,0,0,0,1,0
48,483354,1,1,0,0,0,1,1,439,3347,26,12,2016,2,2,48,1,2,1,1,1,I-820,,238,32.83169722,-97.207694440000,0,1,0,1,20,1,0,1,3,1,0,1,0,0000000,99,98,99,98,88,88,0,0,0,1,0
48,483355,1,1,0,1,1,1,1,29,6090,28,12,2016,4,1,0,0,8,98,98,6,CINNAMON CREEK DR,,0,29.52045833,-98.579850000000,0,8,0,0,1,1,0,1,3,10,0,10,0,0000000,99,98,99,98,88,88,0,0,0,1,0
48,483356,2,2,0,0,0,4,4,317,6580,16,11,2016,4,11,45,1,1,1,1,7,I-20,SR-137/LAMESA HWY,65,32.13781667,-101.805733330000,0,12,6,0,2,2,0,1,1,1,0,1,0,0000000,11,47,11,49,12,37,0,0,0,1,0
48,483357,3,3,0,0,0,7,7,209,1986,8,12,2016,5,18,46,1,1,3,98,2,US-290,OLD HWY 290,85,30.19566944,-98.103938890000,0,12,6,0,2,4,0,1,2,1,0,1,0,0000000,99,98,99,98,88,88,0,0,0,2,0
48,483358,3,3,0,1,1,2,2,141,2190,29,11,2016,3,18,46,1,2,1,1,1,I-10 RAMP,,184,31.76852778,-106.509033330000,0,8,0,1,20,1,0,1,3,1,0,1,0,0000000,99,99,99,99,99,99,19,0,0,1,0
48,483359,2,2,0,0,0,3,3,291,0,14,12,2016,4,7,54,0,8,98,98,4,CR-2184,,0,30.38403056,-94.956900000000,0,12,8,0,1,1,0,1,1,10,0,10,0,0000000,99,99,99,99,99,99,0,0,0,1,0
48,483360,1,1,0,0,0,1,1,479,0,17,12,2016,7,8,55,1,1,1,1,1,I-35,,39,27.71188889,-99.450961110000,0,1,0,0,1,1,0,3,7,2,0,2,0,0000000,99,98,99,98,88,88,0,0,0,1,0
48,483361,3,3,0,0,0,4,4,29,3095,18,12,2016,1,14,44,0,8,98,98,6,BRAUN RD,,0,29.53941111,-98.690080560000,0,12,2,0,1,1,0,1,1,1,0,1,0,0000000,99,99,99,99,99,99,0,0,0,1,0
48,483362,2,2,0,0,0,2,2,231,2860,21,12,2016,4,3,15,1,2,3,98,2,US-69/JOE RAMSEY BLVD,US-380/LEE ST,30,33.14036111,-96.138069440000,0,12,6,1,2,2,0,1,3,1,0,1,0,0000000,99,99,99,99,99,99,0,0,0,1,1
48,483363,2,2,0,0,0,2,2,391,0,21,12,2016,4,19,26,0,1,5,98,3,SR-239,,73,28.46935000,-96.939738890000,0,12,11,0,8,1,0,1,2,10,0,10,0,0000000,99,98,99,98,88,88,0,0,0,1,0
48,483364,2,2,0,1,1,2,2,201,3280,22,12,2016,5,19,24,1,2,1,1,7,I-69,,59,29.82526944,-95.335875000000,0,8,0,0,1,1,0,1,3,1,0,1,0,0000000,19,24,19,28,19,47,0,0,0,1,0
48,483365,1,1,0,0,0,1,1,453,0,27,12,2016,3,5,25,0,2,5,98,8,FM 1626/KATY LANE,,94,30.14213889,-97.813250000000,0,59,0,0,1,1,0,4,2,10,0,10,0,0000000,99,98,99,98,88,88,0,0,0,1,0
48,483366,1,1,0,1,1,1,1,291,1380,21,8,2016,1,7,43,1,2,3,98,8,SL-573/WASHINGTON AVE,DAYTON ST,17,30.34748056,-95.087322220000,0,8,0,0,3,3,0,1,3,1,0,1,0,0000000,99,98,99,98,88,88,0,0,0,1,1
48,483367,1,1,0,0,0,1,1,231,0,1,10,2016,7,22,56,0,1,4,98,3,SR-34,,100,32.85531111,-96.149650000000,0,53,0,0,1,1,0,4,2,1,0,1,0,0000000,99,99,99,99,99,99,0,0,0,1,1
48,483368,2,2,0,0,0,2,2,361,0,11,11,2016,6,4,29,1,2,1,1,1,I-10,,199,30.11875833,-93.789350000000,0,12,1,0,1,1,0,1,3,1,0,1,0,0000000,99,99,99,99,99,99,0,0,0,1,0
48,483369,2,2,0,0,0,3,3,13,5400,19,11,2016,7,15,31,0,2,3,98,3,SR-97/OAKLAND RD,,26,28.94212778,-98.509927780000,0,12,1,0,8,1,0,1,1,1,0,1,0,0000000,99,99,99,99,99,99,0,0,0,1,0
48,483370,1,1,0,1,1,2,2,453,330,25,11,2016,6,17,58,0,8,98,98,6,CONGRESS AVE,SHERATON AVE,0,30.21512778,-97.768775000000,0,8,0,0,3,3,0,1,3,10,0,10,0,0000000,99,99,99,99,99,99,0,0,0,1,0
48,483371,2,2,0,0,0,3,3,497,0,5,12,2016,2,14,40,0,1,3,98,2,US-81,CR-1591,35,33.40388611,-97.736250000000,1,12,6,0,2,2,0,1,1,2,0,2,0,0000000,14,36,14,50,16,1,0,0,0,1,0
48,483372,2,2,0,0,0,2,2,457,0,6,12,2016,3,15,16,0,1,4,98,2,US-190,,88,30.83446111,-94.294794440000,0,12,1,0,8,1,0,1,1,10,0,10,0,0000000,15,19,15,26,16,0,0,0,0,1,0
48,483373,1,1,0,1,1,1,1,439,2450,13,12,2016,3,16,6,0,8,98,98,6,GRAFTON ST,LANCASTER AVE,0,32.74616667,-97.300819440000,0,8,0,0,3,2,0,1,1,1,0,1,0,0000000,16,9,16,15,16,23,0,0,0,1,0
48,483374,2,2,0,1,1,1,1,339,0,14,12,2016,4,19,28,0,1,4,98,3,SR-242,MYSTIC HILL DR,124,30.21373333,-95.326097220000,0,12,6,0,3,3,0,1,2,1,0,1,0,0000000,99,99,99,99,99,99,19,0,0,1,0
48,483375,1,1,0,1,1,1,1,167,3220,15,12,2016,5,18,1,1,2,3,98,3,SR-6,,115,29.34920278,-95.018947220000,0,8,0,0,1,1,0,1,3,1,0,1,0,0000000,18,3,18,9,18,34,0,0,0,1,0
48,483376,1,1,0,0,0,1,1,51,0,17,12,2016,7,22,0,0,1,5,98,8,FM 60,,23,30.44403056,-96.767397220000,0,18,0,0,1,1,0,4,2,1,0,1,0,0000000,99,98,99,98,88,88,0,0,0,1,1
48,483377,1,1,0,0,0,1,1,135,5030,17,12,2016,7,1,39,0,8,98,98,6,DIXIE BLVD,,0,31.89506944,-102.378091670000,0,30,0,0,1,1,0,4,3,1,0,1,0,0000000,1,40,1,46,2,2,0,0,0,1,1
48,483378,2,2,0,0,0,6,6,487,0,17,12,2016,7,3,26,1,1,3,98,2,US-287,,306,34.07134444,-99.010813890000,0,12,1,0,1,1,0,1,2,1,0,1,0,0000000,99,99,99,99,99,99,0,0,0,1,1
48,483380,3,3,0,0,0,3,3,201,3280,20,12,2016,3,14,56,0,8,98,98,6,FERGUSON WAY,,0,29.87792500,-95.423577780000,0,5,0,0,1,1,0,1,1,1,0,1,0,0000000,99,98,99,98,88,88,14,20,0,1,0
48,483381,1,1,0,0,0,1,1,201,3280,21,12,2016,4,6,55,1,2,1,1,1,I-69 / US-59 EASTEX FWY,,160,29.72836944,-95.460011110000,0,25,0,1,19,1,0,4,3,1,0,1,0,0000000,99,98,99,98,88,88,0,0,0,1,0
48,483382,1,1,0,0,0,1,1,479,3899,22,12,2016,5,8,33,0,8,98,98,6,WASHINGTON ST,,0,27.50877500,-99.516730560000,0,10,0,0,6,1,0,1,1,2,0,2,0,793547G,99,99,99,99,88,88,0,0,0,1,0
48,483383,1,1,0,0,0,1,1,61,940,24,12,2016,7,2,26,1,2,1,1,1,I-69E / US-77,,218,25.98977222,-97.520680560000,0,25,0,1,19,1,0,3,3,10,0,10,0,0000000,99,98,99,98,88,88,0,0,0,1,1
48,483385,1,1,0,0,0,2,2,125,0,24,12,2016,7,0,50,0,8,98,98,4,CR-333,,0,33.44972778,-100.842527780000,0,1,0,0,1,1,0,4,2,1,0,1,0,0000000,1,50,2,21,3,13,0,0,0,1,0
48,483386,2,2,0,0,0,4,4,187,1325,24,12,2016,7,4,43,1,1,1,1,1,I-10,,54,29.53157222,-98.102869440000,0,57,0,0,1,1,0,3,2,2,0,2,0,0000000,4,25,4,33,5,32,0,0,0,3,1
48,483387,2,2,0,1,1,2,2,381,0,24,12,2016,7,1,12,1,1,1,1,1,I-27,,9,34.77134722,-101.848500000000,0,8,0,0,1,1,0,1,2,1,0,1,0,0000000,99,98,99,98,88,88,0,0,0,1,0
48,483388,2,2,0,0,0,6,6,489,0,24,12,2016,7,11,0,0,1,4,98,3,SR-186,,113,26.48104444,-97.815125000000,0,12,6,0,1,1,0,1,1,2,0,2,0,0000000,99,98,99,98,88,88,0,0,0,4,0
48,483389,1,1,0,0,0,3,3,121,1840,25,12,2016,1,16,18,1,2,1,1,1,I-35,,151,33.23250278,-97.174936110000,0,35,0,1,5,1,0,10,1,10,0,10,0,0000000,99,99,99,99,99,99,0,0,0,1,0
48,483390,1,1,0,1,1,1,1,361,0,26,12,2016,2,22,0,0,8,98,98,4,CR-CONCORD RD,,0,30.10940556,-93.985641670000,0,8,0,0,1,1,0,4,2,1,0,1,0,0000000,99,99,99,99,99,99,0,0,0,1,1
48,483391,1,1,0,1,1,1,1,381,150,26,12,2016,2,10,38,0,8,98,98,6,COULTER ST,MCDONALD LAKE RD,0,35.15769167,-101.920122220000,0,8,0,0,2,3,0,1,1,1,0,1,0,0000000,10,38,10,40,11,9,0,0,0,1,0
48,483392,1,1,0,0,0,1,1,209,0,27,12,2016,3,0,58,1,2,1,1,1,I-35,,2,29.80328889,-98.012825000000,0,25,0,0,1,1,0,3,2,10,0,10,0,0000000,99,98,99,98,88,88,0,0,0,1,0
48,483393,2,2,0,0,0,2,2,21,460,28,12,2016,4,15,34,0,2,5,98,8,FM 304,HOME DEPOT WAY,2,30.10780000,-97.350938890000,0,12,6,0,2,3,0,1,1,1,0,1,0,0000000,99,99,99,99,88,88,0,0,0,1,0