STATE,ST_CASE,VE_TOTAL,VE_FORMS,PVH_INVL,PEDS,PERNOTMVIT,PERMVIT,PERSONS,COUNTY,CITY,DAY,MONTH,YEAR,DAY_WEEK,HOUR,MINUTE,NHS,RUR_URB,FUNC_SYS,RD_OWNER,ROUTE,TWAY_ID,TWAY_ID2,MILEPT,LATITUDE,LONGITUD,SP_JUR,HARM_EV,MAN_COLL,RELJCT1,RELJCT2,TYP_INT,WRK_ZONE,REL_ROAD,LGT_COND,WEATHER1,WEATHER2,WEATHER,SCH_BUS,RAIL,NOT_HOUR,NOT_MIN,ARR_HOUR,ARR_MIN,HOSP_HR,HOSP_MN,CF1,CF2,CF3,FATALS,DRUNK_DR
48,483394,1,1,0,1,1,1,1,121,2395,28,12,2016,4,18,6,0,8,98,98,6,GERAULT RD,BIG CANYON DR,0,33.00468611,-97.045280560000,0,9,0,0,2,2,0,1,3,10,0,10,0,0000000,18,10,18,26,18,48,0,0,0,1,0
48,483395,3,3,0,0,0,9,9,139,2598,28,12,2016,4,13,35,1,1,1,1,1,I-45,,113,32.37292222,-96.643544440000,0,12,7,0,1,1,0,1,1,1,0,1,0,0000000,13,56,14,0,14,47,0,0,0,1,0
48,483396,1,1,0,1,1,1,1,201,3280,28,12,2016,4,6,33,0,8,98,98,6,WHEELER,SAN JACINTO,0,29.73316111,-95.381391670000,0,8,0,0,3,2,0,1,3,1,0,1,0,0000000,6,36,6,41,6,53,0,0,0,1,0
48,483397,1,1,0,0,0,1,1,453,5325,28,12,2016,4,22,21,0,2,4,98,8,FM 1825,,8,30.44603611,-97.650194440000,0,1,0,0,1,1,0,4,2,1,0,1,0,0000000,22,23,22,32,22,51,0,0,0,1,0
48,483398,2,2,0,0,0,2,2,303,0,29,12,2016,5,14,47,0,1,5,98,8,FM 2641,CR-1700,72,33.65036667,-101.957208330000,0,12,6,0,2,2,0,1,1,1,0,1,0,0000000,99,99,99,99,88,88,0,0,0,1,1
48,483399,2,2,0,0,0,2,2,309,7210,29,12,2016,5,11,40,0,2,4,98,8,FM 3476 BAGBY AVE,SL 340,11,31.49821111,-97.164219440000,0,12,6,0,2,2,0,1,1,1,0,1,0,0000000,99,99,99,99,99,99,0,0,0,1,0
48,483400,1,1,0,0,0,1,1,257,2430,31,12,2016,7,23,0,0,2,4,98,8,FM 740 BOIS D'ARC ST,,16,32.72676944,-96.484355560000,0,42,0,0,1,1,0,4,2,10,0,10,0,0000000,23,5,23,10,23,34,0,0,0,1,0
48,483401,1,1,0,0,0,2,2,479,3899,30,12,2016,6,2,29,0,2,3,98,8,SL 20 CUATRO VIENTOS RD,,109,27.47417500,-99.445372220000,0,1,0,0,1,1,0,4,2,1,0,1,0,0000000,2,31,2,43,3,1,0,0,0,1,0
48,483402,1,1,0,0,0,1,1,439,2450,31,12,2016,7,8,0,0,8,98,98,6,SILVER CREEK RD,,0,32.80474722,-97.500775000000,0,42,0,0,1,1,0,4,2,1,0,1,0,0000000,99,98,99,98,88,88,0,0,0,1,1
48,483403,2,2,0,0,0,2,2,439,2450,1,7,2016,6,2,53,1,2,1,1,1,I-820,,98,32.79778611,-97.441877780000,0,12,7,1,18,1,0,1,3,10,0,10,0,0000000,2,54,3,1,3,50,0,0,0,1,0
48,483404,2,2,0,0,0,2,2,167,3220,29,10,2016,7,17,51,0,1,4,98,8,FM 2004,,110,29.31322222,-95.087788890000,0,12,2,0,1,1,0,1,1,1,0,1,0,0000000,18,19,18,27,18,39,0,0,0,1,0
48,483405,2,2,0,0,0,6,6,199,6380,24,11,2016,5,15,58,1,1,3,98,2,US-96,COOKS RD,74,30.32079722,-94.177377780000,0,12,6,0,2,2,0,1,1,1,0,1,0,0000000,99,99,99,99,99,99,0,0,0,1,0
48,483406,1,1,0,0,0,2,2,453,0,11,12,2016,1,11,30,0,8,98,98,6,OASIS BLUFF DR,,0,30.41098056,-97.870083330000,0,1,0,0,1,1,0,4,1,10,0,10,0,0000000,11,18,11,21,11,50,0,0,0,1,0
48,483407,2,2,0,0,0,2,2,179,0,16,12,2016,6,1,8,1,1,1,1,1,I-40,,13,35.18287778,-100.971894440000,0,12,2,0,1,1,0,1,2,5,0,5,0,0000000,99,99,99,99,99,99,0,0,0,1,0
48,483408,2,2,0,0,0,6,6,15,0,17,12,2016,7,10,40,1,1,3,98,3,SR-36,FM 331,27,29.84030000,-96.170966670000,0,12,6,0,2,2,0,1,1,1,0,1,0,0000000,11,9,11,34,12,8,0,0,0,2,0
48,483409,1,1,0,0,0,2,2,157,0,18,12,2016,1,21,16,0,1,4,98,8,UA-90,,53,29.54229444,-95.970827780000,0,42,0,0,1,1,0,4,2,1,0,1,0,0000000,21,15,21,25,22,42,0,0,0,1,0
48,483410,1,1,0,0,0,2,2,213,300,18,12,2016,1,22,50,1,2,3,98,8,BS-31 H TYLER ST,,107,32.20579167,-95.843211110000,0,30,0,0,1,1,0,4,3,10,0,10,0,0000000,99,99,99,99,99,99,0,0,0,1,1
48,483411,2,2,0,0,0,3,3,179,0,18,12,2016,1,0,14,1,1,1,1,1,I-40,,147,35.22673056,-100.595600000000,0,12,2,0,1,1,0,1,2,1,0,1,0,0000000,99,98,99,98,88,88,0,0,0,1,0
48,483412,1,1,0,0,0,1,1,245,0,20,12,2016,3,5,30,1,1,1,1,1,I-10,,54,29.91013056,-94.295361110000,0,35,0,0,1,1,0,4,2,1,0,1,0,0000000,99,99,99,99,99,99,0,0,0,1,0
48,483413,2,2,0,0,0,2,2,185,175,22,12,2016,5,12,35,0,1,4,98,3,SR-90,,272,30.48393889,-95.994088890000,0,12,2,0,1,1,0,1,1,1,0,1,0,0000000,99,98,99,98,88,88,0,0,0,1,1
48,483414,2,2,0,0,0,4,4,467,0,23,12,2016,6,8,22,0,1,5,98,8,FM 17,,34,32.65306944,-95.757980560000,0,12,6,0,1,1,0,1,1,2,0,2,0,0000000,99,99,99,99,99,99,0,0,0,1,0
48,483415,2,2,0,0,0,2,2,281,0,24,12,2016,7,3,59,1,1,3,98,2,US-281,,233,31.11670000,-98.192969440000,0,12,2,0,1,1,0,2,2,10,0,10,0,0000000,99,98,99,98,88,88,0,0,0,1,0
48,483416,2,2,0,0,0,2,2,439,4965,24,12,2016,7,14,25,0,8,98,98,6,MID CITIES BLVD,,0,32.86172778,-97.210983330000,0,12,6,0,1,1,0,1,1,10,0,10,0,0000000,99,99,99,99,99,99,0,0,0,1,0
48,483417,1,1,0,0,0,2,2,485,7490,24,12,2016,7,22,41,1,2,3,98,8,BU-287/SCOTT AVE,,480,33.90127778,-98.456422220000,0,33,0,0,1,1,0,8,2,2,0,2,0,0000000,99,99,99,99,99,99,0,0,0,1,1
48,483418,1,1,0,1,1,1,1,39,130,25,12,2016,1,1,53,0,8,98,98,6,DICKINSON RD,,0,29.42918333,-95.236811110000,0,8,0,0,1,1,0,1,2,1,0,1,0,0000000,1,55,1,58,88,88,0,0,0,1,1
48,483419,1,1,0,1,1,1,1,209,9997,26,12,2016,2,19,52,0,1,5,98,8,FM 2001,,84,30.01448889,-97.734630560000,0,8,0,0,1,1,0,1,2,1,0,1,0,0000000,99,98,99,98,88,88,0,0,0,1,0
48,483420,1,1,0,1,1,1,1,113,1730,27,12,2016,3,20,41,1,2,1,1,1,I-35/RL THORNTON FWY,,142,32.74985556,-96.809302780000,0,8,0,0,1,1,0,1,2,1,0,1,0,0000000,99,98,99,98,88,88,0,0,0,1,0
48,483422,2,2,0,0,0,2,2,51,0,29,12,2016,5,18,42,0,1,5,98,8,FM 60,,130,30.36543056,-96.647638890000,0,12,2,0,1,1,0,1,5,1,0,1,0,0000000,99,99,99,99,99,99,0,0,0,2,0
48,483423,2,2,0,0,0,2,2,199,0,29,12,2016,5,17,50,0,1,4,98,3,SR-327,,31,30.34485000,-94.247769440000,0,12,2,0,1,1,0,1,2,1,0,1,0,0000000,99,99,99,99,88,88,0,0,0,1,0
48,483424,1,1,0,0,0,1,1,113,1730,30,12,2016,6,5,30,1,2,1,1,7,I-30/TOM LANDRY,BECKLEY AVE,125,32.76876111,-96.822747220000,0,30,0,0,3,3,0,4,3,1,0,1,0,0000000,99,99,99,99,99,99,20,0,0,1,0
48,483425,1,1,0,0,0,1,1,27,0,31,12,2016,7,1,11,0,8,98,98,4,CR-ELM GROVE RD,,0,30.98796111,-97.465111110000,0,1,0,0,1,1,0,4,2,10,0,10,0,0000000,99,98,99,98,88,88,0,0,0,1,0
48,483426,1,1,0,1,1,1,1,113,1730,31,12,2016,7,0,51,0,8,98,98,6,COLORADO BLVD,BISHOP AVE,0,32.75933056,-96.825738890000,0,8,0,0,3,2,0,1,3,1,0,1,0,0000000,99,99,99,99,99,99,0,0,0,1,0
48,483427,1,1,0,0,0,1,1,161,0,31,12,2016,7,12,22,0,1,5,98,3,SR-75,,65,31.62973056,-96.151688890000,0,42,0,0,1,1,0,4,1,1,0,1,0,0000000,99,98,99,98,88,88,0,0,0,1,0
48,483428,1,1,0,0,0,1,1,221,2780,31,12,2016,7,1,39,0,2,5,98,8,FM 4/LIPAN HWY,,87,32.45705278,-97.802372220000,0,42,0,0,1,1,0,4,2,1,0,1,0,0000000,1,47,2,9,2,46,0,0,0,1,1
48,483429,2,2,0,0,0,5,5,287,0,31,12,2016,7,10,16,1,1,4,98,2,US-77,,329,30.08685000,-96.915430560000,0,12,6,0,1,1,0,4,1,2,0,2,0,0000000,10,16,10,26,11,42,0,0,0,2,0
48,483430,1,1,0,0,0,1,1,467,0,31,12,2016,7,1,17,0,1,5,98,8,RM 2909,,65,32.45645000,-95.804500000000,0,42,0,0,1,1,0,4,2,10,0,10,0,0000000,99,98,99,98,88,88,0,0,0,1,1
48,483431,1,1,0,0,0,2,2,439,0,17,3,2016,5,20,9,0,8,98,98,4,CR-RENDON RD,,0,32.59940278,-97.262316670000,0,38,0,0,1,1,0,5,2,1,0,1,0,0000000,99,98,99,98,88,88,0,0,0,2,1
48,483432,2,2,0,0,0,2,2,439,0,5,4,2016,3,23,50,0,8,98,98,4,CR-LEMONS RD,,0,32.58716389,-97.249969440000,0,12,2,0,1,1,0,1,2,1,0,1,0,0000000,99,99,99,99,99,99,0,0,0,1,2
48,483433,1,1,0,0,0,5,5,439,0,20,5,2016,6,14,48,0,2,4,98,8,RM 2871,,125,32.69822778,-97.498975000000,0,35,0,0,1,1,0,4,1,1,0,1,0,0000000,14,51,14,57,16,6,0,0,0,1,0
48,483434,2,2,0,0,0,3,3,439,0,11,7,2016,2,16,29,0,8,98,98,4,CR-RENDON NEW HOPE RD,HOPPER RD,0,32.56890556,-97.233036110000,0,12,6,0,2,2,0,1,1,1,0,1,0,0000000,99,98,99,98,88,88,0,0,0,1,0
48,483435,1,1,0,1,1,2,2,453,330,14,9,2016,4,12,53,1,2,1,1,7,I-35,,215,30.31607778,-97.707061110000,0,8,0,0,1,1,0,1,1,10,0,10,0,0000000,12,53,12,57,13,14,0,0,0,1,0
48,483437,2,2,0,0,0,3,3,233,780,18,11,2016,6,17,16,0,2,4,98,3,SR-136 WILSON,ROOSEVELT ST,10,35.65723889,-101.412247220000,0,12,2,0,2,3,0,1,1,1,0,1,0,0000000,99,99,99,99,99,99,0,0,0,1,0
48,483438,1,1,0,0,0,3,3,229,0,20,11,2016,1,18,30,1,1,1,1,1,I-10,,466,31.16889722,-105.335425000000,0,57,0,0,1,1,0,3,2,1,0,1,0,0000000,99,99,99,99,99,99,0,0,0,1,0
48,483439,3,2,1,0,0,3,3,367,7280,23,11,2016,4,19,51,0,2,4,98,8,FM 51,BRIDGE ST,192,32.76148889,-97.797338890000,0,12,6,0,2,2,0,1,3,1,0,1,0,0000000,99,99,99,99,99,99,0,0,0,1,0
48,483440,1,1,0,0,0,1,1,73,0,28,11,2016,2,6,30,0,1,6,98,8,FM 235,,3,31.98065833,-95.076647220000,0,42,0,0,1,1,0,4,4,2,0,2,0,0000000,7,9,7,25,8,29,0,0,0,1,0
48,483441,2,2,0,0,0,5,5,157,5970,31,12,2016,7,3,10,1,1,3,98,2,US-59/SOUTHWEST FWY,COTTON WOOD CHURCH RD,202,29.53232500,-95.860205560000,0,12,6,0,2,3,1,1,3,1,0,1,0,0000000,99,99,99,99,99,99,0,0,0,2,0
48,483442,1,1,0,1,1,1,1,201,3280,14,12,2016,4,17,40,0,8,98,98,6,BRAESWOOD BLVD,,0,29.67698889,-95.502597220000,0,8,0,0,1,1,0,4,2,1,0,1,0,0000000,99,99,99,99,99,99,0,0,0,1,0
48,483443,1,1,0,0,0,1,1,225,0,15,12,2016,5,14,20,0,1,5,98,8,FM 357,,48,31.32575000,-95.115619440000,0,42,0,0,1,1,0,4,1,1,0,1,0,0000000,99,99,99,99,99,99,0,0,0,1,0
48,483444,1,1,0,0,0,2,2,113,2590,16,12,2016,6,23,32,0,8,98,98,6,CENTERVILLE RD,,0,32.89611944,-96.600672220000,0,39,0,0,1,1,0,4,2,2,0,2,0,0000000,23,32,23,38,23,55,0,0,0,1,1
48,483445,1,1,0,0,0,1,1,473,910,20,12,2016,3,15,5,1,1,1,1,1,I-10,,43,29.77905556,-95.959719440000,0,52,0,0,1,1,0,4,1,1,0,1,0,0000000,99,99,99,99,99,99,0,0,0,1,0
48,483446,1,1,0,1,1,2,2,159,4760,22,12,2016,5,19,51,0,1,4,98,3,SR-37/TOM RAMSEY HWY,,4,33.18095000,-95.233330560000,0,8,0,0,1,1,0,1,2,1,0,1,0,0000000,99,99,99,99,99,99,0,0,0,1,0
48,483447,1,1,0,1,1,1,1,477,1287,23,12,2016,6,22,10,1,1,3,98,2,US-290,,264,30.13538889,-96.257569440000,0,8,0,0,1,1,0,1,2,10,0,10,0,0000000,99,98,99,98,88,88,0,0,0,1,0
48,483448,2,2,0,0,0,6,6,113,2590,25,12,2016,1,3,33,0,8,98,98,6,FOREST LN,SHILOH RD,0,32.90913611,-96.665327780000,0,12,1,0,3,2,0,1,3,10,0,10,0,0000000,3,34,3,39,3,54,0,0,0,1,1
48,483449,1,1,0,0,0,1,1,83,0,27,12,2016,3,1,20,0,1,4,98,3,SR-206,,132,31.92883056,-99.317330560000,0,59,0,0,1,1,0,4,2,1,0,1,0,0000000,99,98,99,98,88,88,0,0,0,1,0
48,483450,2,2,0,0,0,2,2,29,6090,28,12,2016,4,12,41,0,8,98,98,6,WEST AVE,WAYSIDE DR,0,29.50205000,-98.525941670000,0,12,1,0,3,3,0,1,1,1,0,1,0,0000000,99,99,99,99,99,99,0,0,0,1,0
48,483451,1,1,0,1,1,1,1,201,3280,28,12,2016,4,19,2,1,2,1,1,1,I-69/US-59 EASTEX FWY,,62,29.83074167,-95.335347220000,0,8,0,0,1,1,0,1,2,1,0,1,0,0000000,99,98,99,98,88,88,0,0,0,1,0
48,483452,1,1,0,0,0,1,1,201,3280,28,12,2016,4,19,27,0,8,98,98,6,KEMPWOOD DR,,0,29.82184444,-95.525247220000,0,43,0,0,1,1,0,4,3,1,0,1,0,0000000,99,98,99,98,88,88,0,0,0,1,1
48,483453,2,1,1,2,3,1,2,39,0,30,12,2016,6,5,27,1,2,3,98,8,BS 288 B,,52,29.09044167,-95.414708330000,0,8,0,0,1,1,0,1,2,1,0,1,0,0000000,99,99,99,99,99,99,19,0,0,1,0
48,483454,4,4,0,0,0,8,8,331,4578,30,12,2016,6,18,15,1,1,3,98,2,US-79,,42,30.70530833,-96.876455560000,0,12,2,0,1,1,0,1,2,10,0,10,0,0000000,18,44,19,23,20,4,0,0,0,1,0
48,483455,1,1,0,0,0,1,1,483,0,30,12,2016,6,6,35,0,1,5,98,8,FM 592,CR-U,137,35.31378889,-100.201811110000,0,59,0,0,1,1,0,4,3,1,0,1,0,0000000,99,99,99,99,88,88,0,0,0,1,0
48,483456,1,1,0,0,0,2,2,109,7140,31,12,2016,7,15,35,1,1,5,98,8,BI 10 D BROADWAY ST,,64,31.03748056,-104.841561110000,0,30,0,0,1,1,0,4,1,10,0,10,0,0000000,99,99,99,99,99,99,0,0,0,1,0
48,483457,1,1,0,1,1,2,2,113,4530,31,12,2016,7,1,10,1,2,1,1,7,I-30,,250,32.82832222,-96.621688890000,0,8,0,0,1,1,0,1,2,10,0,10,0,0000000,1,11,1,20,1,40,0,0,0,1,0
48,483458,1,1,0,1,1,1,1,135,0,31,12,2016,7,1,55,0,8,98,98,4,CR-GOLDER AVE,,0,31.89346944,-102.397200000000,0,8,0,0,1,1,0,1,2,1,0,1,0,0000000,99,98,99,98,88,88,0,0,0,1,0
48,483459,1,1,0,0,0,1,1,139,0,31,12,2016,7,22,0,0,2,4,98,3,SR-34,,6,32.41401111,-96.472491670000,0,53,0,0,1,1,0,4,1,1,0,1,0,0000000,99,98,99,98,88,88,0,0,0,1,1
48,483460,2,2,0,0,0,2,2,309,0,28,12,2016,4,14,10,0,1,5,98,8,FM 2837,,40,31.45282500,-97.258994440000,0,12,2,0,1,1,0,1,1,1,0,1,0,0000000,99,98,99,98,88,88,0,0,0,2,0
48,483461,1,1,0,1,1,1,1,201,0,13,11,2016,1,1,35,0,1,4,98,8,FM 2920,,30,30.06565278,-95.872163890000,0,8,0,0,1,1,0,1,3,10,0,10,0,0000000,99,98,99,98,88,88,0,0,0,1,0
48,483462,1,1,0,0,0,1,1,201,0,18,11,2016,6,0,17,0,8,98,98,4,CR-SPRING CYPRESS RD,,0,30.03086389,-95.556855560000,0,30,0,0,1,1,0,4,2,1,0,1,0,0000000,99,98,99,98,88,88,0,0,0,1,1
48,483463,2,2,0,0,0,6,6,201,0,2,12,2016,6,17,1,0,8,98,98,4,CR-ELDRIDGE PKWY,TRADERS VILLAGE DR,0,29.89250000,-95.606288890000,0,12,6,0,2,2,0,1,5,2,0,2,0,0000000,99,99,99,99,99,99,0,0,0,2,0
48,483464,2,2,0,0,0,3,3,227,640,2,12,2016,6,15,26,1,2,3,98,8,FM 700 MARCY DR,,40,32.23224167,-101.462725000000,0,12,6,0,8,1,0,1,1,2,0,2,0,0000000,18,7,18,11,18,34,0,0,0,1,0
48,483465,1,1,0,0,0,3,3,227,0,19,12,2016,2,15,30,1,2,1,1,7,I-20,US-87,242,32.22784167,-101.545333330000,0,24,0,0,3,3,0,4,1,1,0,1,0,0000000,15,46,15,51,15,59,0,0,0,1,0
48,483467,1,1,0,0,0,1,1,237,0,26,12,2016,2,6,0,0,1,5,98,3,SR-59,,143,33.29881667,-98.073547220000,0,42,0,0,1,1,0,4,2,1,0,1,0,0000000,99,98,99,98,88,88,0,0,0,1,0
48,483468,1,1,0,1,1,1,1,157,0,28,12,2016,4,1,38,1,2,1,1,2,US-59,,89,29.55659722,-95.712911110000,0,8,0,1,18,1,1,1,2,5,0,5,0,0000000,99,98,99,98,88,88,19,0,0,1,0
48,483469,1,1,0,0,0,2,2,133,0,23,12,2016,6,3,9,0,1,4,98,3,SR-206,,11,32.35909167,-99.008755560000,0,43,0,0,1,1,0,4,2,1,0,1,0,0000000,99,99,99,99,99,99,0,0,0,1,0
48,483470,1,1,0,0,0,1,1,329,0,31,12,2016,7,18,5,0,1,6,98,8,FM 3095,,147,31.68154167,-101.873588890000,0,11,0,0,1,1,0,1,2,1,0,1,0,0000000,99,98,99,98,88,88,0,0,0,1,0
48,483471,2,2,0,0,0,3,3,453,330,22,11,2016,3,19,32,1,2,2,98,2,US-290,,75,30.33943611,-97.592522220000,0,12,1,1,18,1,0,1,3,10,0,10,0,0000000,99,98,99,98,88,88,0,0,0,2,0
48,483472,1,1,0,1,1,2,2,29,6090,22,12,2016,5,6,50,0,8,98,98,6,RANDOLPH BLVD,,0,29.54033056,-98.369972220000,0,8,0,0,1,1,0,1,2,1,0,1,0,0000000,99,98,99,98,88,88,0,0,0,1,0
48,483473,1,1,0,0,0,1,1,439,2450,27,2,2016,7,20,12,0,8,98,98,6,UNIVERSITY DR,,0,32.76629167,-97.360597220000,0,33,0,0,1,1,0,3,3,1,0,1,0,0000000,99,99,99,99,99,99,0,0,0,1,0
48,483474,2,2,0,0,0,7,7,139,9997,27,10,2016,5,14,33,1,2,2,98,2,US-287,SR-360,14,32.52376389,-97.086122220000,0,12,1,0,2,3,0,1,1,1,0,1,0,0000000,14,44,15,1,15,33,0,0,0,1,0
48,483475,2,2,0,0,0,2,2,453,330,7,12,2016,4,8,22,1,2,2,98,7,SR-71,SR-130,454,30.19532222,-97.624355560000,0,12,6,1,2,2,1,1,1,10,0,10,0,0000000,8,23,8,28,9,4,0,0,0,1,0
48,483476,1,1,0,0,0,4,4,481,0,26,12,2016,2,12,5,1,2,3,98,2,US-59,,143,29.40588333,-96.065775000000,0,42,0,0,1,1,0,4,1,10,0,10,0,0000000,12,8,12,19,13,9,0,0,0,1,0
48,483477,4,4,0,0,0,5,5,453,330,13,10,2016,5,8,39,1,2,2,98,2,US-290,,22,30.23595278,-97.827322220000,0,12,1,1,20,1,0,1,1,10,0,10,0,0000000,8,28,8,36,8,56,0,0,0,1,0
48,483478,1,1,0,1,1,1,1,453,330,6,11,2016,1,20,40,0,8,98,98,6,WAGON TRL,,0,30.37767778,-97.689613890000,0,8,0,0,1,1,0,1,2,10,0,10,0,0000000,20,35,20,38,21,2,0,0,0,1,0
48,483479,1,1,0,1,1,1,1,351,4900,26,11,2016,7,19,34,1,1,3,98,2,US-190,DAVISON ST,34,30.82178889,-93.732719440000,0,8,0,0,1,1,0,1,2,1,0,1,0,0000000,99,99,99,99,99,99,0,0,0,1,0
48,483480,1,1,0,1,1,1,1,49,950,17,12,2016,7,15,15,0,8,98,98,6,6TH ST,,0,31.70268333,-98.982319440000,0,8,0,0,1,1,0,1,1,10,0,10,0,0000000,99,99,99,99,99,99,0,0,0,1,1
48,483481,1,1,0,1,1,1,1,453,330,21,12,2016,4,16,13,1,2,3,98,8,SL 275 CONGRESS AVE,LITTLE TEXAS LN,182,30.20248889,-97.775533330000,0,8,0,0,2,3,0,1,1,1,0,1,0,0000000,99,99,99,99,99,99,0,0,0,1,0
48,483482,1,1,0,1,1,4,4,355,1550,24,12,2016,7,20,2,0,8,98,98,6,STAPLES ST,BARRY DR,0,27.67271667,-97.391955560000,0,8,0,0,3,2,0,1,3,1,0,1,0,0000000,99,98,99,98,88,88,0,0,0,1,0
48,483484,1,1,0,0,0,1,1,201,3280,17,12,2016,7,4,5,0,8,98,98,6,BISSONNET ST,,0,29.68992500,-95.502472220000,0,42,0,0,1,1,0,4,3,10,0,10,0,0000000,99,99,99,99,99,99,0,0,0,1,1
48,483485,1,1,0,0,0,2,2,113,2010,2,8,2016,3,2,22,1,2,1,1,1,I-20 LBJ FWY,,95,32.66468056,-96.906016670000,0,25,0,1,19,1,0,4,3,1,0,1,0,0000000,99,99,99,99,99,99,0,0,0,1,1
48,483486,2,2,0,0,0,2,2,439,0,10,10,2016,2,16,28,1,2,3,98,8,FM 1187,,59,32.56650833,-97.436261110000,0,12,6,0,1,1,0,1,1,1,0,1,0,0000000,99,99,99,99,99,99,0,0,0,2,0
48,483487,3,3,0,0,0,5,5,113,4530,24,12,2016,7,6,56,1,2,1,1,1,I-20,,33,32.70366389,-96.571572220000,0,12,1,1,18,1,0,1,2,5,0,5,0,0000000,99,99,99,99,99,99,0,0,0,1,0
48,483488,2,2,0,0,0,2,2,439,2450,9,10,2016,1,13,46,0,8,98,98,6,OAK GROVE RD,GARDEN ACRES DR,0,32.59919722,-97.308686110000,0,1,0,0,2,3,0,1,1,1,0,1,0,0000000,99,99,99,99,99,99,0,0,0,1,0
48,483489,1,1,0,1,1,1,1,39,5249,13,11,2016,1,5,8,1,2,3,98,3,SR-35 MAIN ST,,141,29.54009722,-95.272650000000,0,8,0,0,1,1,0,1,2,10,0,10,0,0000000,99,99,99,99,99,99,0,0,0,1,0
48,483490,1,1,0,0,0,2,2,201,1790,25,11,2016,6,3,11,0,8,98,98,6,SAN AUGUSTINE ST,,0,29.68996111,-95.100152780000,0,58,0,0,1,1,0,1,3,1,0,1,0,0000000,99,99,99,99,99,99,0,0,0,1,0
48,483491,2,2,0,2,2,3,3,397,6010,2,12,2016,6,20,39,1,1,1,1,1,I-30,,108,32.94008056,-96.372880560000,0,8,0,0,1,1,0,1,2,2,0,2,0,0000000,99,99,99,99,99,99,23,0,0,1,0
48,483492,1,1,0,1,1,1,1,201,0,13,12,2016,3,1,5,0,2,3,98,8,FM 1960,,161,30.02608889,-95.406102780000,0,8,0,1,18,1,0,1,2,10,0,10,0,0000000,99,99,99,99,88,88,0,0,0,1,0
48,483493,1,1,0,0,0,4,4,453,9997,30,10,2016,1,3,18,0,8,98,98,6,LOHMAN FORD RD,,0,30.44550000,-97.980397220000,0,42,0,0,1,1,0,4,2,1,0,1,0,0000000,99,99,99,99,99,99,0,0,0,2,1
48,483494,1,1,0,1,1,0,0,201,0,14,10,2016,6,18,40,0,8,98,98,4,CR-BRIDLEDON LN,,0,29.97825000,-95.487658330000,0,8,0,0,8,1,0,5,5,10,0,10,0,0000000,99,99,99,99,99,99,0,0,0,1,0
48,483495,2,2,0,0,0,2,2,167,6213,20,12,2016,3,10,48,1,2,3,98,8,FM 1764,,28,29.39143333,-95.072150000000,0,12,1,0,1,1,0,1,1,1,0,1,0,0000000,99,99,99,99,99,99,0,0,0,1,0
48,483496,1,1,0,1,1,2,2,439,0,24,12,2016,7,16,2,0,2,4,98,8,FM 730,PORTWOOD RD,10,32.97943611,-97.543533330000,0,9,0,0,2,2,0,1,1,1,0,1,0,0000000,99,98,99,98,88,88,0,0,0,1,0
48,483497,1,1,0,1,1,1,1,215,4650,22,12,2016,5,6,28,0,8,98,98,6,BRYAN RD,,0,26.23649167,-98.305969440000,0,8,0,0,1,1,0,1,2,5,0,5,0,0000000,99,99,99,99,99,99,0,0,0,1,0
48,483498,1,1,0,0,0,1,1,439,2450,24,12,2016,7,17,6,1,2,1,1,1,I-35 SOUTH FWY,,64,32.73991111,-97.320144440000,0,20,0,1,5,1,0,8,3,1,0,1,0,0000000,99,99,99,99,99,99,0,0,0,1,0
48,483499,2,2,0,0,0,2,2,201,3280,11,10,2016,3,8,10,1,2,3,98,8,SS 261 SHEPHERD DR,DONOVAN,24,29.84412778,-95.410961110000,0,12,6,0,2,2,0,1,1,99,0,99,0,0000000,99,99,99,99,99,99,0,0,0,1,0
48,483500,3,1,2,1,1,1,1,239,2120,1,11,2016,3,12,36,1,2,3,98,2,US-59,,107,28.98433611,-96.655463890000,0,14,0,0,1,1,0,3,1,2,0,2,0,0000000,99,99,99,99,99,99,15,23,0,1,0
48,483501,2,2,0,0,0,2,2,215,114,2,12,2016,6,3,0,1,2,3,98,3,SR-107,,481,26.27382778,-98.315841670000,0,12,99,0,1,1,0,1,3,1,0,1,0,0000000,99,98,99,98,88,88,0,0,0,1,1
48,483502,2,2,0,0,0,3,3,31,670,17,12,2016,7,0,34,1,1,3,98,2,US-281,,289,30.09018889,-98.422161110000,0,12,2,0,1,1,0,1,2,1,0,1,0,0000000,99,99,99,99,99,99,0,0,0,1,1
48,483503,2,2,0,0,0,3,3,181,7450,21,12,2016,4,0,55,1,1,3,98,2,US-82,,345,33.66969722,-96.910611110000,0,12,6,0,8,1,0,1,3,1,0,1,0,0000000,99,99,99,99,99,99,0,0,0,1,0